customer_id,last_visit_date,country,device_type,traffic_source,sessions,pageviews,avg_session_duration_sec,bounce_rate,product_views,cart_additions,transactions,revenue_gbp,days_since_last_visit,email_clicks,support_visits,discount_usage_rate,returning_user,conversion_rate,cart_to_purchase_rate,pages_per_session,engagement_score,synthetic_ground_truth_segment,segment,segment_name
CUST-100000,2025-04-21,United Kingdom,Tablet,Paid Social,21,118,390.4,0.044,51,14,1,131.9,8,4,1,0.13,1,0.0476,0.0714,5.62,76.68,High Value Loyal,0,Product Researchers
CUST-100001,2025-04-01,India,Mobile,Direct,2,13,122.2,0.489,8,0,0,0.0,116,0,0,0.173,1,0.0,0.0,6.5,41.65,One-time Visitors,3,Engaged Non-Buyers
CUST-100002,2025-01-04,India,Mobile,Paid Social,15,87,324.7,0.216,44,1,1,69.51,53,3,0,0.619,1,0.0667,1.0,5.8,67.49,Product Researchers,4,Engaged Non-Buyers
CUST-100003,2025-06-12,United Kingdom,Desktop,Paid Search,2,17,115.4,0.816,7,0,0,0.0,120,0,0,0.455,0,0.0,0.0,8.5,37.52,One-time Visitors,1,Low Engagement / At-Risk Visitors
CUST-100004,2025-06-18,United Kingdom,Mobile,Organic Search,25,111,465.9,0.172,37,2,0,0.0,59,2,0,0.441,1,0.0,0.0,4.44,69.24,Engaged Non-Buyers,0,Product Researchers
CUST-100005,2025-03-14,Canada,Mobile,Paid Search,21,115,408.9,0.14,48,2,1,109.71,69,2,0,0.332,0,0.0476,0.5,5.48,73.82,Product Researchers,0,Product Researchers
CUST-100006,2025-04-16,United Kingdom,Mobile,Paid Search,20,119,448.8,0.16,57,3,0,0.0,45,1,1,0.577,1,0.0,0.0,5.95,79.58,Product Researchers,0,Product Researchers
CUST-100007,2025-02-19,United Kingdom,Desktop,Organic Search,35,184,450.6,0.33,64,13,6,572.25,9,3,0,0.489,1,0.1714,0.4615,5.26,75.39,High Value Loyal,2,High Value Loyal Customers
CUST-100008,2025-02-23,United Kingdom,Desktop,Referral,17,104,253.5,0.027,42,8,1,55.76,22,1,0,0.769,1,0.0588,0.125,6.12,69.04,Deal Seekers,4,Engaged Non-Buyers
CUST-100009,2025-05-27,Germany,Desktop,Direct,9,103,477.4,0.246,67,2,0,0.0,18,1,0,0.545,0,0.0,0.0,11.44,87.73,Product Researchers,0,Product Researchers
CUST-100010,2025-01-20,Australia,Mobile,Paid Search,5,18,124.6,0.651,3,0,0,0.0,127,0,0,0.214,0,0.0,0.0,3.6,27.12,One-time Visitors,3,Engaged Non-Buyers
CUST-100011,2025-02-18,India,Mobile,Organic Search,3,11,126.5,0.736,8,0,0,0.0,119,0,0,0.115,1,0.0,0.0,3.67,26.85,One-time Visitors,3,Engaged Non-Buyers
CUST-100012,2025-06-17,India,Desktop,Direct,19,107,326.7,0.43,48,2,0,0.0,14,5,0,0.17,0,0.0,0.0,5.63,62.94,Product Researchers,0,Product Researchers
CUST-100013,2025-05-20,United Kingdom,Desktop,Organic Search,35,164,576.1,0.073,64,20,5,648.18,4,1,0,0.219,1,0.1429,0.25,4.69,86.32,High Value Loyal,2,High Value Loyal Customers
CUST-100014,2025-03-11,Germany,Desktop,Referral,16,82,349.6,0.336,35,4,1,66.95,22,1,0,0.701,1,0.0625,0.25,5.12,60.87,Deal Seekers,4,Engaged Non-Buyers
CUST-100015,2025-04-27,United Kingdom,Mobile,Paid Search,18,105,393.4,0.346,49,5,0,0.0,50,1,0,0.367,1,0.0,0.0,5.83,69.33,Engaged Non-Buyers,0,Product Researchers
CUST-100016,2025-05-04,France,Desktop,Direct,18,101,346.4,0.149,35,7,4,218.06,5,5,0,0.785,0,0.2222,0.5714,5.61,66.91,Deal Seekers,4,Engaged Non-Buyers
CUST-100017,2025-02-14,United Kingdom,Mobile,Paid Social,15,96,423.4,0.349,48,0,0,0.0,16,0,1,0.367,1,0.0,0.0,6.4,72.21,Product Researchers,0,Product Researchers
CUST-100018,2025-03-04,United Kingdom,Mobile,Direct,15,96,432.5,0.27,45,2,0,0.0,6,1,1,0.281,1,0.0,0.0,6.4,73.73,Engaged Non-Buyers,0,Product Researchers
CUST-100019,2025-03-24,United States,Mobile,Direct,40,190,543.6,0.183,65,11,10,1001.37,1,0,3,0.096,1,0.25,0.9091,4.75,82.44,High Value Loyal,2,High Value Loyal Customers
CUST-100020,2025-01-05,United States,Tablet,Organic Search,3,10,87.0,0.61,3,1,1,43.08,105,0,0,0.287,0,0.3333,1.0,3.33,25.45,One-time Visitors,3,Engaged Non-Buyers
CUST-100021,2025-01-06,United Kingdom,Desktop,Organic Search,16,77,444.7,0.26,34,2,1,78.12,13,2,1,0.119,1,0.0625,0.5,4.81,66.24,Engaged Non-Buyers,0,Product Researchers
CUST-100022,2025-02-25,Germany,Mobile,Paid Search,14,83,363.6,0.098,45,8,4,179.55,17,0,0,0.951,1,0.2857,0.5,5.93,73.09,Deal Seekers,4,Engaged Non-Buyers
CUST-100023,2025-02-10,United Kingdom,Mobile,Paid Social,15,93,402.5,0.168,53,1,0,0.0,23,2,0,0.324,0,0.0,0.0,6.2,76.62,Product Researchers,0,Product Researchers
CUST-100024,2025-03-02,United States,Desktop,Direct,18,89,449.4,0.397,42,1,0,0.0,27,2,0,0.305,0,0.0,0.0,4.94,65.91,Engaged Non-Buyers,0,Product Researchers
CUST-100025,2025-04-19,United Kingdom,Mobile,Direct,30,167,577.8,0.044,71,10,5,364.47,8,4,1,0.226,1,0.1667,0.5,5.57,90.18,High Value Loyal,2,High Value Loyal Customers
CUST-100026,2025-04-17,France,Mobile,Referral,15,108,362.0,0.171,59,2,2,185.64,74,1,0,0.156,1,0.1333,1.0,7.2,79.47,Product Researchers,4,Engaged Non-Buyers
CUST-100027,2025-03-19,United Kingdom,Mobile,Paid Social,3,20,140.1,0.73,10,1,0,0.0,156,0,0,0.148,0,0.0,0.0,6.67,37.65,One-time Visitors,3,Engaged Non-Buyers
CUST-100028,2025-04-27,Germany,Mobile,Referral,4,19,62.6,0.884,10,0,0,0.0,151,0,0,0.14,0,0.0,0.0,4.75,23.94,One-time Visitors,3,Engaged Non-Buyers
CUST-100029,2025-04-29,Australia,Desktop,Organic Search,26,117,378.7,0.43,55,4,1,83.23,19,2,1,0.346,0,0.0385,0.25,4.5,64.16,Product Researchers,0,Product Researchers
CUST-100030,2025-02-03,United States,Mobile,Display,17,95,353.5,0.169,45,8,3,249.69,24,1,3,0.673,1,0.1765,0.375,5.59,69.75,Deal Seekers,4,Engaged Non-Buyers
CUST-100031,2025-01-16,United Kingdom,Desktop,Paid Social,18,115,360.3,0.389,52,4,1,70.63,55,3,0,0.383,0,0.0556,0.25,6.39,69.25,Product Researchers,0,Product Researchers
CUST-100032,2025-04-21,United States,Desktop,Direct,14,90,343.5,0.288,51,3,1,60.33,40,2,2,0.483,1,0.0714,0.3333,6.43,70.75,Product Researchers,0,Product Researchers
CUST-100033,2025-02-25,India,Mobile,Referral,17,123,512.2,0.262,62,1,0,0.0,74,2,0,0.385,1,0.0,0.0,7.24,85.76,Product Researchers,0,Product Researchers
CUST-100034,2025-05-07,United Kingdom,Mobile,Direct,18,114,480.3,0.116,60,3,1,99.97,44,2,0,0.286,0,0.0556,0.3333,6.33,84.36,Product Researchers,0,Product Researchers
CUST-100035,2025-06-21,India,Tablet,Organic Search,13,76,442.1,0.176,42,4,1,59.14,15,0,1,0.526,1,0.0769,0.25,5.85,73.9,Engaged Non-Buyers,0,Product Researchers
CUST-100036,2025-01-29,Germany,Tablet,Paid Social,9,31,103.2,0.724,2,0,0,0.0,179,0,0,0.181,1,0.0,0.0,3.44,23.44,One-time Visitors,3,Engaged Non-Buyers
CUST-100037,2025-05-04,France,Mobile,Direct,15,88,439.3,0.347,38,9,3,170.69,18,1,2,0.909,0,0.2,0.3333,5.87,68.32,Deal Seekers,4,Engaged Non-Buyers
CUST-100038,2025-04-11,France,Desktop,Organic Search,12,92,336.9,0.121,60,2,0,0.0,25,3,1,0.468,0,0.0,0.0,7.67,81.24,Product Researchers,0,Product Researchers
CUST-100039,2025-02-18,France,Mobile,Organic Search,22,114,266.1,0.186,43,4,3,241.53,34,2,0,0.746,1,0.1364,0.75,5.18,63.08,Deal Seekers,4,Engaged Non-Buyers
CUST-100040,2025-05-15,United States,Mobile,Direct,19,130,453.8,0.303,55,2,0,0.0,46,3,1,0.446,1,0.0,0.0,6.84,78.42,Product Researchers,0,Product Researchers
CUST-100041,2025-01-28,India,Desktop,Direct,16,95,259.7,0.238,44,6,4,174.73,16,3,2,0.9,1,0.25,0.6667,5.94,64.14,Deal Seekers,4,Engaged Non-Buyers
CUST-100042,2025-02-01,Canada,Desktop,Organic Search,2,13,41.2,0.706,8,0,0,0.0,172,1,0,0.091,0,0.0,0.0,6.5,32.18,One-time Visitors,3,Engaged Non-Buyers
CUST-100043,2025-06-29,United Kingdom,Tablet,Organic Search,16,104,490.6,0.398,60,1,0,0.0,29,1,0,0.795,1,0.0,0.0,6.5,78.35,Product Researchers,0,Product Researchers
CUST-100044,2025-05-24,United Kingdom,Desktop,Organic Search,19,115,406.5,0.129,63,1,0,0.0,50,0,1,0.469,1,0.0,0.0,6.05,80.41,Product Researchers,0,Product Researchers
CUST-100045,2025-03-20,United States,Mobile,Organic Search,2,14,77.2,0.519,8,0,0,0.0,105,0,0,0.126,0,0.0,0.0,7.0,40.22,One-time Visitors,1,Low Engagement / At-Risk Visitors
CUST-100046,2025-03-15,United States,Desktop,Organic Search,19,103,447.4,0.255,54,3,0,0.0,14,3,0,0.705,0,0.0,0.0,5.42,74.56,Product Researchers,0,Product Researchers
CUST-100047,2025-02-16,Canada,Desktop,Direct,17,101,504.8,0.399,38,3,0,0.0,27,3,1,0.298,1,0.0,0.0,5.94,70.51,Engaged Non-Buyers,0,Product Researchers
CUST-100048,2025-04-02,India,Desktop,Referral,18,95,361.4,0.434,39,7,1,59.71,19,0,1,0.867,1,0.0556,0.1429,5.28,60.71,Deal Seekers,4,Engaged Non-Buyers
CUST-100049,2025-02-17,Canada,Mobile,Paid Search,5,18,88.7,0.723,4,0,0,0.0,60,0,1,0.167,1,0.0,0.0,3.6,23.85,One-time Visitors,3,Engaged Non-Buyers
CUST-100050,2025-02-20,United Kingdom,Mobile,Email,9,88,352.4,0.44,51,1,1,78.37,23,1,1,0.214,1,0.1111,1.0,9.78,72.31,Product Researchers,4,Engaged Non-Buyers
CUST-100051,2025-03-11,Australia,Mobile,Referral,18,114,407.5,0.215,62,1,0,0.0,43,2,4,0.386,1,0.0,0.0,6.33,78.87,Product Researchers,0,Product Researchers
CUST-100052,2025-06-09,United Kingdom,Desktop,Organic Search,2,10,87.5,0.604,3,0,1,34.44,108,0,0,0.301,1,0.5,0.0,5.0,30.81,One-time Visitors,3,Engaged Non-Buyers
CUST-100053,2025-03-09,United Kingdom,Tablet,Direct,13,87,480.1,0.205,47,2,1,47.38,13,4,0,0.239,0,0.0769,0.5,6.69,79.25,Product Researchers,0,Product Researchers
CUST-100054,2025-02-10,United States,Desktop,Paid Social,14,104,424.7,0.249,50,1,0,0.0,69,3,1,0.168,1,0.0,0.0,7.43,78.6,Product Researchers,0,Product Researchers
CUST-100055,2025-05-12,United Kingdom,Mobile,Organic Search,26,149,397.7,0.297,68,12,5,322.59,4,4,0,0.351,1,0.1923,0.4167,5.73,75.37,High Value Loyal,2,High Value Loyal Customers
CUST-100056,2025-06-05,United Kingdom,Mobile,Email,29,144,451.6,0.287,69,12,5,615.48,1,3,4,0.408,1,0.1724,0.4167,4.97,75.92,High Value Loyal,2,High Value Loyal Customers
CUST-100057,2025-03-11,United Kingdom,Mobile,Organic Search,2,10,60.3,0.898,6,0,0,0.0,61,0,0,0.17,0,0.0,0.0,5.0,23.04,One-time Visitors,3,Engaged Non-Buyers
CUST-100058,2025-01-21,United Kingdom,Mobile,Organic Search,16,101,417.9,0.238,53,1,0,0.0,33,4,1,0.197,1,0.0,0.0,6.31,75.96,Product Researchers,0,Product Researchers
CUST-100059,2025-03-03,United Kingdom,Tablet,Paid Social,4,20,66.9,0.672,7,1,0,0.0,130,0,0,0.23,0,0.0,0.0,5.0,29.33,One-time Visitors,3,Engaged Non-Buyers
CUST-100060,2025-05-25,United Kingdom,Desktop,Organic Search,15,85,558.4,0.196,44,1,0,0.0,27,5,1,0.249,1,0.0,0.0,5.67,79.26,Engaged Non-Buyers,0,Product Researchers
CUST-100061,2025-05-02,France,Mobile,Organic Search,7,29,109.8,0.822,9,0,0,0.0,75,0,0,0.234,0,0.0,0.0,4.14,25.65,One-time Visitors,3,Engaged Non-Buyers
CUST-100062,2025-03-28,United Kingdom,Mobile,Direct,28,136,587.9,0.107,56,11,6,902.03,10,0,0,0.227,1,0.2143,0.5455,4.86,84.13,High Value Loyal,2,High Value Loyal Customers
CUST-100063,2025-03-04,United Kingdom,Mobile,Organic Search,8,53,399.8,0.091,38,5,2,106.62,9,0,2,0.823,1,0.25,0.4,6.62,75.12,Deal Seekers,4,Engaged Non-Buyers
CUST-100064,2025-02-21,United Kingdom,Desktop,Email,3,14,170.1,0.671,6,1,0,0.0,177,0,0,0.146,0,0.0,0.0,4.67,33.16,One-time Visitors,3,Engaged Non-Buyers
CUST-100065,2025-05-03,Canada,Tablet,Paid Social,15,94,342.0,0.402,50,7,0,0.0,42,4,0,0.947,1,0.0,0.0,6.27,67.01,Deal Seekers,4,Engaged Non-Buyers
CUST-100066,2025-05-05,United Kingdom,Mobile,Paid Social,17,84,697.8,0.438,40,2,1,56.32,50,2,0,0.036,1,0.0588,0.5,4.94,71.79,Engaged Non-Buyers,0,Product Researchers
CUST-100067,2025-01-19,Canada,Mobile,Direct,23,116,527.6,0.159,53,5,0,0.0,18,4,0,0.046,1,0.0,0.0,5.04,79.47,Engaged Non-Buyers,0,Product Researchers
CUST-100068,2025-01-17,United Kingdom,Mobile,Organic Search,14,76,672.8,0.252,46,2,1,38.14,10,3,0,0.265,1,0.0714,0.5,5.43,79.83,Engaged Non-Buyers,0,Product Researchers
CUST-100069,2025-04-23,United States,Tablet,Organic Search,16,126,446.3,0.4,65,0,1,66.79,62,1,0,0.263,0,0.0625,0.0,7.88,81.92,Product Researchers,0,Product Researchers
CUST-100070,2025-05-02,United Kingdom,Desktop,Display,13,110,444.7,0.139,50,0,0,0.0,39,1,1,0.307,1,0.0,0.0,8.46,84.15,Engaged Non-Buyers,0,Product Researchers
CUST-100071,2025-03-07,Canada,Mobile,Paid Social,27,160,366.4,0.211,68,6,5,465.33,11,0,0,0.406,1,0.1852,0.8333,5.93,76.56,High Value Loyal,2,High Value Loyal Customers
CUST-100072,2025-02-02,Germany,Mobile,Organic Search,14,100,255.9,0.125,52,6,3,88.98,23,4,0,0.225,1,0.2143,0.5,7.14,72.98,Deal Seekers,4,Engaged Non-Buyers
CUST-100073,2025-04-27,Germany,Tablet,Referral,15,100,399.1,0.164,50,4,0,0.0,26,3,1,0.188,1,0.0,0.0,6.67,77.07,Product Researchers,0,Product Researchers
CUST-100074,2025-01-17,Canada,Mobile,Direct,2,12,72.8,0.678,5,0,0,0.0,61,0,0,0.118,1,0.0,0.0,6.0,31.99,One-time Visitors,3,Engaged Non-Buyers
CUST-100075,2025-04-11,United States,Desktop,Email,15,95,509.9,0.229,56,0,1,61.42,30,0,0,0.422,0,0.0667,0.0,6.33,81.79,Product Researchers,0,Product Researchers
CUST-100076,2025-02-24,France,Mobile,Paid Social,19,106,256.9,0.104,59,9,6,451.68,2,2,0,0.24,1,0.3158,0.6667,5.58,70.84,High Value Loyal,2,High Value Loyal Customers
CUST-100077,2025-04-20,Canada,Mobile,Referral,16,86,412.1,0.174,35,4,7,306.78,39,0,1,0.758,1,0.4375,1.0,5.38,68.82,Deal Seekers,4,Engaged Non-Buyers
CUST-100078,2025-04-05,United Kingdom,Mobile,Referral,14,100,439.5,0.31,44,3,2,142.96,18,1,0,0.785,0,0.1429,0.6667,7.14,75.08,Deal Seekers,4,Engaged Non-Buyers
CUST-100079,2025-05-22,Australia,Desktop,Paid Search,19,89,218.3,0.492,45,5,3,150.26,8,1,0,0.784,0,0.1579,0.6,4.68,52.1,Deal Seekers,4,Engaged Non-Buyers
CUST-100080,2025-04-15,India,Mobile,Organic Search,19,96,315.3,0.394,39,3,4,292.41,7,2,1,0.618,1,0.2105,1.0,5.05,58.7,Deal Seekers,4,Engaged Non-Buyers
CUST-100081,2025-06-01,Australia,Mobile,Organic Search,18,107,278.2,0.173,50,5,0,0.0,73,0,1,0.675,1,0.0,0.0,5.94,68.55,Product Researchers,0,Product Researchers
CUST-100082,2025-01-29,Netherlands,Mobile,Organic Search,18,113,315.3,0.421,56,4,0,0.0,71,1,0,0.442,1,0.0,0.0,6.28,67.1,Product Researchers,0,Product Researchers
CUST-100083,2025-02-06,United Kingdom,Tablet,Referral,3,17,39.4,0.669,6,1,0,0.0,124,0,0,0.105,0,0.0,0.0,5.67,29.8,One-time Visitors,3,Engaged Non-Buyers
CUST-100084,2025-06-16,United States,Desktop,Paid Search,8,28,154.8,0.744,8,0,0,0.0,65,0,0,0.236,1,0.0,0.0,3.5,27.53,One-time Visitors,3,Engaged Non-Buyers
CUST-100085,2025-03-25,United Kingdom,Desktop,Paid Social,15,94,424.5,0.09,52,2,1,74.35,23,4,0,0.493,0,0.0667,0.5,6.27,79.56,Product Researchers,0,Product Researchers
CUST-100086,2025-05-27,United States,Desktop,Paid Search,12,97,435.7,0.45,54,1,0,0.0,10,3,2,0.23,1,0.0,0.0,8.08,77.14,Product Researchers,0,Product Researchers
CUST-100087,2025-06-28,India,Mobile,Direct,3,16,53.4,0.529,6,1,0,0.0,177,1,0,0.357,0,0.0,0.0,5.33,32.96,One-time Visitors,3,Engaged Non-Buyers
CUST-100088,2025-06-04,Australia,Mobile,Paid Search,20,107,556.6,0.191,34,1,0,0.0,8,1,0,0.136,1,0.0,0.0,5.35,75.24,Engaged Non-Buyers,0,Product Researchers
CUST-100089,2025-01-26,India,Mobile,Organic Search,1,7,97.7,0.81,3,0,0,0.0,136,0,0,0.302,0,0.0,0.0,7.0,32.43,One-time Visitors,1,Low Engagement / At-Risk Visitors
CUST-100090,2025-01-01,India,Mobile,Display,3,14,102.5,0.842,5,0,0,0.0,102,0,0,0.263,0,0.0,0.0,4.67,25.2,One-time Visitors,3,Engaged Non-Buyers
CUST-100091,2025-06-22,United Kingdom,Tablet,Paid Search,12,71,541.1,0.365,43,4,1,60.76,23,1,2,0.415,1,0.0833,0.25,5.92,74.65,Engaged Non-Buyers,0,Product Researchers
CUST-100092,2025-02-10,United Kingdom,Mobile,Referral,32,160,542.8,0.277,72,13,6,716.83,7,0,1,0.406,1,0.1875,0.4615,5.0,80.85,High Value Loyal,2,High Value Loyal Customers
CUST-100093,2025-02-18,Australia,Desktop,Paid Search,24,125,596.4,0.422,39,1,0,0.0,30,1,0,0.277,1,0.0,0.0,5.21,72.56,Engaged Non-Buyers,0,Product Researchers
CUST-100094,2025-06-08,India,Tablet,Email,18,81,275.8,0.265,31,6,3,238.88,31,6,2,0.673,1,0.1667,0.5,4.5,55.77,Deal Seekers,4,Engaged Non-Buyers
CUST-100095,2025-04-02,United States,Desktop,Direct,14,111,526.0,0.317,59,4,0,0.0,20,0,3,0.608,1,0.0,0.0,7.93,86.3,Product Researchers,0,Product Researchers
CUST-100096,2025-06-16,Australia,Mobile,Paid Social,3,20,126.9,0.914,8,1,0,0.0,124,0,0,0.397,0,0.0,0.0,6.67,31.8,One-time Visitors,3,Engaged Non-Buyers
CUST-100097,2025-05-09,France,Mobile,Paid Social,3,15,84.6,0.873,7,1,0,0.0,167,0,0,0.141,0,0.0,0.0,5.0,25.18,One-time Visitors,3,Engaged Non-Buyers
CUST-100098,2025-01-09,United Kingdom,Desktop,Direct,26,163,384.9,0.187,64,14,3,436.15,14,1,1,0.295,1,0.1154,0.2143,6.27,78.85,High Value Loyal,2,High Value Loyal Customers
CUST-100099,2025-01-31,India,Desktop,Paid Search,3,17,137.6,0.521,7,0,0,0.0,75,0,0,0.187,0,0.0,0.0,5.67,38.73,One-time Visitors,3,Engaged Non-Buyers
CUST-100100,2025-04-24,United Kingdom,Desktop,Paid Search,29,154,555.7,0.103,58,8,7,1016.18,12,3,5,0.457,1,0.2414,0.875,5.31,84.66,High Value Loyal,2,High Value Loyal Customers
CUST-100101,2025-05-10,India,Mobile,Organic Search,21,117,389.5,0.179,44,5,2,93.35,18,0,1,0.945,1,0.0952,0.4,5.57,70.95,Deal Seekers,4,Engaged Non-Buyers
CUST-100102,2025-06-24,United Kingdom,Mobile,Paid Search,2,15,160.5,0.63,4,0,0,0.0,153,0,0,0.712,0,0.0,0.0,7.5,41.93,One-time Visitors,1,Low Engagement / At-Risk Visitors
CUST-100103,2025-04-28,Canada,Mobile,Paid Search,14,102,248.3,0.222,55,1,0,0.0,20,0,0,0.406,1,0.0,0.0,7.29,71.56,Product Researchers,0,Product Researchers
CUST-100104,2025-05-06,India,Desktop,Organic Search,3,16,104.3,0.672,8,1,1,48.08,64,0,0,0.136,0,0.3333,1.0,5.33,32.54,One-time Visitors,3,Engaged Non-Buyers
CUST-100105,2025-01-26,Australia,Desktop,Paid Social,2,12,85.6,0.928,4,0,0,0.0,47,0,0,0.327,0,0.0,0.0,6.0,26.06,One-time Visitors,3,Engaged Non-Buyers
CUST-100106,2025-02-09,United Kingdom,Mobile,Direct,20,82,433.2,0.206,31,3,1,61.13,19,1,0,0.604,0,0.05,0.3333,4.1,63.86,Engaged Non-Buyers,4,Engaged Non-Buyers
CUST-100107,2025-01-16,Canada,Mobile,Email,2,11,131.9,0.69,6,0,0,0.0,130,1,0,0.196,1,0.0,0.0,5.5,33.38,One-time Visitors,3,Engaged Non-Buyers
CUST-100108,2025-03-08,India,Tablet,Organic Search,30,147,532.6,0.249,56,4,4,399.08,6,5,0,0.343,1,0.1333,1.0,4.9,77.95,High Value Loyal,2,High Value Loyal Customers
CUST-100109,2025-05-26,United Kingdom,Desktop,Direct,15,105,438.2,0.366,50,3,0,0.0,32,0,0,0.569,0,0.0,0.0,7.0,75.03,Product Researchers,0,Product Researchers
CUST-100110,2025-06-15,Netherlands,Mobile,Paid Search,17,93,518.0,0.563,46,3,0,0.0,18,1,2,0.286,1,0.0,0.0,5.47,68.07,Product Researchers,0,Product Researchers
CUST-100111,2025-05-18,Australia,Desktop,Organic Search,37,181,321.4,0.185,70,6,4,449.78,11,3,1,0.101,1,0.1081,0.6667,4.89,71.74,High Value Loyal,2,High Value Loyal Customers
CUST-100112,2025-03-03,United Kingdom,Mobile,Paid Search,7,65,408.4,0.285,46,1,0,0.0,10,1,3,0.686,1,0.0,0.0,9.29,77.44,Product Researchers,0,Product Researchers
CUST-100113,2025-01-13,United Kingdom,Mobile,Organic Search,1,13,90.2,0.568,10,0,0,0.0,142,0,0,0.313,0,0.0,0.0,13.0,43.4,One-time Visitors,1,Low Engagement / At-Risk Visitors
CUST-100114,2025-06-10,Australia,Mobile,Organic Search,27,114,547.0,0.402,43,6,0,0.0,51,2,0,0.073,1,0.0,0.0,4.22,68.72,Engaged Non-Buyers,0,Product Researchers
CUST-100115,2025-05-19,United States,Mobile,Paid Social,12,94,550.5,0.213,47,2,0,0.0,47,1,1,0.195,1,0.0,0.0,7.83,86.14,Engaged Non-Buyers,0,Product Researchers
CUST-100116,2025-06-17,United Kingdom,Desktop,Organic Search,28,158,373.9,0.061,74,16,5,525.0,11,1,1,0.158,1,0.1786,0.3125,5.64,79.79,High Value Loyal,2,High Value Loyal Customers
CUST-100117,2025-01-10,United Kingdom,Mobile,Direct,20,104,339.7,0.212,47,5,6,417.22,10,3,0,0.911,1,0.3,1.0,5.2,67.39,Deal Seekers,4,Engaged Non-Buyers
CUST-100118,2025-04-16,United Kingdom,Mobile,Referral,2,13,90.4,0.672,5,0,0,0.0,57,0,0,0.201,0,0.0,0.0,6.5,34.57,One-time Visitors,3,Engaged Non-Buyers
CUST-100119,2025-02-08,United Kingdom,Mobile,Paid Search,32,147,623.4,0.338,59,18,5,485.86,5,1,0,0.148,1,0.1562,0.2778,4.59,79.05,High Value Loyal,2,High Value Loyal Customers
CUST-100120,2025-02-02,United Kingdom,Mobile,Email,26,121,263.8,0.553,32,9,2,93.47,14,1,1,0.44,1,0.0769,0.2222,4.65,48.76,Deal Seekers,4,Engaged Non-Buyers
CUST-100121,2025-05-01,Netherlands,Desktop,Organic Search,8,84,355.3,0.221,55,2,0,0.0,36,3,1,0.411,1,0.0,0.0,10.5,79.17,Product Researchers,0,Product Researchers
CUST-100122,2025-02-10,Netherlands,Desktop,Organic Search,19,103,404.2,0.334,48,3,4,219.19,4,1,1,0.874,1,0.2105,1.0,5.42,68.56,Deal Seekers,4,Engaged Non-Buyers
CUST-100123,2025-04-17,Germany,Mobile,Email,4,15,139.4,0.871,5,1,0,0.0,178,1,0,0.145,0,0.0,0.0,3.75,23.45,One-time Visitors,3,Engaged Non-Buyers
CUST-100124,2025-02-16,United States,Desktop,Paid Search,15,90,367.2,0.426,38,1,0,0.0,44,0,1,0.073,1,0.0,0.0,6.0,63.15,Engaged Non-Buyers,0,Product Researchers
CUST-100125,2025-03-11,Canada,Desktop,Organic Search,28,138,521.9,0.054,57,7,8,843.41,7,1,1,0.408,1,0.2857,1.0,4.93,82.68,High Value Loyal,2,High Value Loyal Customers
CUST-100126,2025-02-05,Netherlands,Mobile,Direct,17,130,491.5,0.271,75,0,0,0.0,50,3,1,0.429,0,0.0,0.0,7.65,86.7,Product Researchers,0,Product Researchers
CUST-100127,2025-03-04,Netherlands,Mobile,Direct,3,10,43.2,0.71,5,0,0,0.0,92,1,0,0.029,1,0.0,0.0,3.33,21.37,One-time Visitors,3,Engaged Non-Buyers
CUST-100128,2025-05-16,United Kingdom,Mobile,Paid Social,18,97,508.3,0.418,43,6,1,36.73,44,2,0,0.124,1,0.0556,0.1667,5.39,70.04,Engaged Non-Buyers,0,Product Researchers
CUST-100129,2025-05-24,India,Mobile,Referral,19,70,302.4,0.291,32,6,2,132.54,28,1,2,0.755,1,0.1053,0.3333,3.68,54.19,Deal Seekers,4,Engaged Non-Buyers
CUST-100130,2025-04-22,France,Desktop,Paid Search,20,101,290.0,0.275,35,5,0,0.0,7,0,2,0.82,1,0.0,0.0,5.05,59.17,Deal Seekers,4,Engaged Non-Buyers
CUST-100131,2025-02-26,United Kingdom,Mobile,Direct,15,85,440.5,0.339,43,2,0,0.0,27,4,0,0.053,1,0.0,0.0,5.67,69.5,Engaged Non-Buyers,0,Product Researchers
CUST-100132,2025-06-22,Australia,Desktop,Paid Social,21,101,657.7,0.137,38,2,0,0.0,56,1,0,0.235,1,0.0,0.0,4.81,78.29,Engaged Non-Buyers,0,Product Researchers
CUST-100133,2025-01-04,Germany,Mobile,Direct,16,81,385.9,0.471,45,6,2,100.99,7,4,2,0.723,0,0.125,0.3333,5.06,62.18,Deal Seekers,4,Engaged Non-Buyers
CUST-100134,2025-05-18,United Kingdom,Mobile,Email,23,134,413.1,0.394,59,1,0,0.0,14,3,2,0.65,1,0.0,0.0,5.83,72.15,Product Researchers,0,Product Researchers
CUST-100135,2025-01-31,United Kingdom,Desktop,Paid Social,3,12,86.6,0.886,6,0,0,0.0,76,0,0,0.186,0,0.0,0.0,4.0,21.52,One-time Visitors,3,Engaged Non-Buyers
CUST-100136,2025-06-21,Germany,Desktop,Referral,17,91,560.1,0.282,42,2,0,0.0,52,1,0,0.325,0,0.0,0.0,5.35,75.61,Engaged Non-Buyers,0,Product Researchers
CUST-100137,2025-06-10,United Kingdom,Desktop,Direct,20,101,323.8,0.137,40,10,2,160.58,6,2,1,0.696,1,0.1,0.2,5.05,65.84,Deal Seekers,4,Engaged Non-Buyers
CUST-100138,2025-06-29,Canada,Mobile,Organic Search,5,21,83.6,0.74,8,0,0,0.0,59,0,0,0.212,0,0.0,0.0,4.2,26.27,One-time Visitors,3,Engaged Non-Buyers
CUST-100139,2025-06-07,India,Desktop,Paid Social,2,15,134.9,0.587,5,1,0,0.0,166,0,0,0.282,0,0.0,0.0,7.5,42.04,One-time Visitors,1,Low Engagement / At-Risk Visitors
CUST-100140,2025-03-02,United Kingdom,Mobile,Direct,8,80,439.0,0.166,51,2,0,0.0,34,0,3,0.638,1,0.0,0.0,10.0,83.5,Product Researchers,0,Product Researchers
CUST-100141,2025-01-19,United Kingdom,Tablet,Direct,21,103,494.2,0.54,39,4,1,99.16,11,5,1,0.741,1,0.0476,0.25,4.9,63.55,Deal Seekers,4,Engaged Non-Buyers
CUST-100142,2025-05-28,United Kingdom,Mobile,Organic Search,34,158,528.6,0.41,61,11,6,650.25,4,0,1,0.298,1,0.1765,0.5455,4.65,74.47,High Value Loyal,2,High Value Loyal Customers
CUST-100143,2025-01-15,Netherlands,Desktop,Paid Social,12,87,390.9,0.574,55,9,0,0.0,21,2,1,0.507,1,0.0,0.0,7.25,69.78,Deal Seekers,0,Product Researchers
CUST-100144,2025-05-30,France,Mobile,Email,3,12,56.7,0.873,2,0,0,0.0,165,0,0,0.01,1,0.0,0.0,4.0,19.14,One-time Visitors,3,Engaged Non-Buyers
CUST-100145,2025-03-03,United Kingdom,Mobile,Referral,30,166,580.2,0.336,72,14,3,279.22,14,0,0,0.477,1,0.1,0.2143,5.53,82.89,High Value Loyal,2,High Value Loyal Customers
CUST-100146,2025-01-16,United States,Mobile,Paid Search,29,130,468.1,0.116,46,14,5,458.55,9,0,0,0.165,1,0.1724,0.3571,4.48,73.67,High Value Loyal,2,High Value Loyal Customers
CUST-100147,2025-04-22,United Kingdom,Mobile,Organic Search,13,104,554.7,0.103,55,2,0,0.0,22,2,3,0.156,0,0.0,0.0,8.0,92.09,Product Researchers,0,Product Researchers
CUST-100148,2025-04-26,Germany,Mobile,Direct,26,124,648.1,0.154,58,10,6,492.39,5,4,0,0.121,1,0.2308,0.6,4.77,83.91,High Value Loyal,2,High Value Loyal Customers
CUST-100149,2025-06-14,India,Desktop,Email,27,143,461.2,0.403,68,13,3,295.52,13,1,0,0.251,1,0.1111,0.2308,5.3,74.53,High Value Loyal,2,High Value Loyal Customers
CUST-100150,2025-01-03,United States,Mobile,Paid Social,24,131,532.0,0.171,60,17,8,883.32,4,1,0,0.056,1,0.3333,0.4706,5.46,82.84,High Value Loyal,2,High Value Loyal Customers
CUST-100151,2025-03-05,France,Mobile,Organic Search,11,97,388.1,0.585,55,1,0,0.0,33,0,0,0.136,1,0.0,0.0,8.82,71.71,Product Researchers,0,Product Researchers
CUST-100152,2025-05-14,Australia,Desktop,Referral,2,11,117.3,0.897,6,1,0,0.0,99,0,0,0.446,1,0.0,0.0,5.5,27.46,One-time Visitors,3,Engaged Non-Buyers
CUST-100153,2025-01-26,United Kingdom,Mobile,Paid Social,12,86,324.4,0.267,55,3,0,0.0,44,4,1,0.469,1,0.0,0.0,7.17,73.86,Product Researchers,0,Product Researchers
CUST-100154,2025-05-07,Germany,Desktop,Organic Search,39,179,426.9,0.057,59,8,6,571.98,13,2,1,0.199,1,0.1538,0.75,4.59,77.42,High Value Loyal,2,High Value Loyal Customers
CUST-100155,2025-05-27,United States,Desktop,Paid Search,23,126,299.1,0.516,45,3,1,73.66,3,2,2,0.789,1,0.0435,0.3333,5.48,58.03,Deal Seekers,4,Engaged Non-Buyers
CUST-100156,2025-06-26,United Kingdom,Mobile,Direct,4,14,46.2,0.759,7,2,0,0.0,176,0,0,0.304,0,0.0,0.0,3.5,21.42,One-time Visitors,3,Engaged Non-Buyers
CUST-100157,2025-04-20,Canada,Mobile,Paid Search,17,87,347.1,0.124,38,5,0,0.0,42,1,1,0.234,1,0.0,0.0,5.12,66.95,Engaged Non-Buyers,0,Product Researchers
CUST-100158,2025-04-26,United States,Mobile,Paid Search,19,109,458.7,0.329,53,3,0,0.0,62,5,2,0.312,1,0.0,0.0,5.74,73.95,Engaged Non-Buyers,0,Product Researchers
CUST-100159,2025-01-08,France,Mobile,Referral,18,94,411.8,0.204,41,11,1,55.79,8,0,2,0.975,1,0.0556,0.0909,5.22,69.42,Deal Seekers,4,Engaged Non-Buyers
CUST-100160,2025-06-04,Germany,Desktop,Referral,24,144,611.0,0.286,63,15,3,387.69,4,4,0,0.383,1,0.125,0.2,6.0,86.0,High Value Loyal,2,High Value Loyal Customers
CUST-100161,2025-01-10,United Kingdom,Desktop,Paid Social,21,116,593.4,0.382,47,5,0,0.0,17,1,0,0.337,1,0.0,0.0,5.52,76.84,Engaged Non-Buyers,0,Product Researchers
CUST-100162,2025-01-22,United Kingdom,Mobile,Paid Search,18,99,522.5,0.392,39,3,0,0.0,17,2,3,0.158,0,0.0,0.0,5.5,70.52,Engaged Non-Buyers,0,Product Researchers
CUST-100163,2025-03-12,Netherlands,Desktop,Paid Search,26,146,436.4,0.316,63,0,0,0.0,19,1,0,0.529,1,0.0,0.0,5.62,75.84,Product Researchers,0,Product Researchers
CUST-100164,2025-04-27,Germany,Mobile,Email,5,28,57.8,0.713,9,0,0,0.0,90,0,0,0.188,0,0.0,0.0,5.6,30.32,One-time Visitors,3,Engaged Non-Buyers
CUST-100165,2025-06-03,Canada,Mobile,Paid Social,17,82,438.8,0.224,37,5,0,0.0,37,2,2,0.275,0,0.0,0.0,4.82,67.8,Engaged Non-Buyers,0,Product Researchers
CUST-100166,2025-02-22,United Kingdom,Mobile,Organic Search,3,14,64.7,0.596,7,1,0,0.0,148,0,0,0.275,0,0.0,0.0,4.67,30.07,One-time Visitors,3,Engaged Non-Buyers
CUST-100167,2025-04-24,United States,Mobile,Organic Search,18,98,478.5,0.244,43,3,0,0.0,45,4,0,0.231,1,0.0,0.0,5.44,73.06,Engaged Non-Buyers,0,Product Researchers
CUST-100168,2025-01-03,United Kingdom,Mobile,Paid Search,28,134,372.0,0.147,66,11,3,389.38,7,1,0,0.123,1,0.1071,0.2727,4.79,74.88,High Value Loyal,2,High Value Loyal Customers
CUST-100169,2025-03-06,France,Mobile,Email,17,79,297.5,0.47,35,8,3,316.1,22,5,0,0.659,0,0.1765,0.375,4.65,53.41,Deal Seekers,4,Engaged Non-Buyers
CUST-100170,2025-01-24,Germany,Tablet,Paid Search,19,96,277.6,0.288,37,8,0,0.0,37,1,1,0.919,1,0.0,0.0,5.05,58.85,Deal Seekers,4,Engaged Non-Buyers
CUST-100171,2025-03-24,India,Mobile,Paid Social,23,137,559.0,0.158,63,13,7,837.8,6,2,0,0.211,1,0.3043,0.5385,5.96,86.99,High Value Loyal,2,High Value Loyal Customers
CUST-100172,2025-04-11,United Kingdom,Mobile,Paid Social,19,115,597.2,0.256,45,1,0,0.0,47,3,0,0.384,1,0.0,0.0,6.05,81.22,Engaged Non-Buyers,0,Product Researchers
CUST-100173,2025-06-13,United Kingdom,Mobile,Email,35,144,577.9,0.282,54,13,5,635.7,9,3,1,0.514,1,0.1429,0.3846,4.11,76.31,High Value Loyal,2,High Value Loyal Customers
CUST-100174,2025-02-24,United Kingdom,Desktop,Organic Search,3,12,66.9,0.855,4,1,0,0.0,177,0,0,0.049,0,0.0,0.0,4.0,20.71,One-time Visitors,3,Engaged Non-Buyers
CUST-100175,2025-02-08,Canada,Tablet,Email,29,162,644.2,0.142,67,15,5,439.56,3,0,1,0.381,1,0.1724,0.3333,5.59,88.9,High Value Loyal,2,High Value Loyal Customers
CUST-100176,2025-01-13,Netherlands,Mobile,Direct,21,119,370.0,0.134,51,1,2,164.13,51,1,0,0.3,1,0.0952,1.0,5.67,73.54,Product Researchers,4,Engaged Non-Buyers
CUST-100177,2025-05-23,Australia,Tablet,Paid Social,13,115,288.2,0.214,62,0,1,65.78,23,2,4,0.579,1,0.0769,0.0,8.85,78.15,Product Researchers,0,Product Researchers
CUST-100178,2025-02-15,United Kingdom,Mobile,Organic Search,17,89,223.8,0.28,43,5,1,72.86,11,3,1,0.483,1,0.0588,0.2,5.24,58.77,Deal Seekers,4,Engaged Non-Buyers
CUST-100179,2025-01-09,United Kingdom,Mobile,Email,7,75,449.9,0.266,56,5,1,72.37,71,2,1,0.513,1,0.1429,0.2,10.71,83.07,Product Researchers,0,Product Researchers
CUST-100180,2025-01-21,United Kingdom,Mobile,Organic Search,12,109,646.5,0.554,59,2,0,0.0,64,0,2,0.493,1,0.0,0.0,9.08,84.31,Product Researchers,0,Product Researchers
CUST-100181,2025-06-21,Germany,Desktop,Email,17,95,325.0,0.299,36,6,1,54.08,11,2,2,0.809,1,0.0588,0.1667,5.59,62.33,Deal Seekers,4,Engaged Non-Buyers
CUST-100182,2025-04-19,India,Mobile,Paid Search,2,2,108.9,0.78,2,0,1,22.9,89,0,0,0.025,0,0.5,0.0,1.0,14.68,One-time Visitors,3,Engaged Non-Buyers
CUST-100183,2025-05-31,United States,Tablet,Paid Search,18,103,317.8,0.664,48,6,2,107.03,37,3,0,0.446,1,0.1111,0.3333,5.72,56.95,Deal Seekers,4,Engaged Non-Buyers
CUST-100184,2025-06-23,United Kingdom,Desktop,Email,19,98,447.9,0.383,49,1,0,0.0,10,3,0,0.748,0,0.0,0.0,5.16,69.02,Deal Seekers,0,Product Researchers
CUST-100185,2025-04-29,India,Desktop,Paid Social,14,77,219.8,0.192,39,2,4,207.93,34,1,0,0.673,1,0.2857,1.0,5.5,60.38,Deal Seekers,4,Engaged Non-Buyers
CUST-100186,2025-05-27,United States,Desktop,Organic Search,19,112,466.9,0.22,62,1,1,133.17,62,3,0,0.323,1,0.0526,1.0,5.89,80.35,Product Researchers,4,Engaged Non-Buyers
CUST-100187,2025-05-09,United Kingdom,Tablet,Paid Social,23,114,256.6,0.309,40,4,2,128.28,40,1,5,0.977,1,0.087,0.5,4.96,57.91,Deal Seekers,4,Engaged Non-Buyers
CUST-100188,2025-01-29,United States,Desktop,Direct,17,106,358.3,0.208,53,2,1,39.52,19,2,1,0.056,1,0.0588,0.5,6.24,73.51,Engaged Non-Buyers,0,Product Researchers
CUST-100189,2025-06-06,United States,Mobile,Paid Search,21,107,439.3,0.092,46,4,0,0.0,40,0,1,0.224,1,0.0,0.0,5.1,74.75,Engaged Non-Buyers,0,Product Researchers
CUST-100190,2025-05-25,Canada,Desktop,Referral,34,158,506.2,0.155,65,8,7,859.56,8,3,2,0.496,1,0.2059,0.875,4.65,80.95,High Value Loyal,2,High Value Loyal Customers
CUST-100191,2025-05-04,United Kingdom,Mobile,Paid Search,14,89,349.8,0.302,50,0,0,0.0,33,2,1,0.304,1,0.0,0.0,6.36,70.18,Product Researchers,0,Product Researchers
CUST-100192,2025-01-31,Germany,Mobile,Paid Search,12,84,258.1,0.199,39,8,0,0.0,10,6,1,0.715,1,0.0,0.0,7.0,66.79,Deal Seekers,0,Product Researchers
CUST-100193,2025-04-15,France,Mobile,Organic Search,12,100,265.7,0.144,57,4,0,0.0,26,2,1,0.233,1,0.0,0.0,8.33,77.22,Product Researchers,0,Product Researchers
CUST-100194,2025-06-29,United States,Mobile,Paid Search,19,97,274.5,0.212,40,6,1,26.46,38,1,0,0.829,1,0.0526,0.1667,5.11,61.7,Deal Seekers,4,Engaged Non-Buyers
CUST-100195,2025-06-23,Netherlands,Desktop,Paid Search,16,99,396.0,0.425,50,3,1,91.53,53,2,1,0.6,1,0.0625,0.3333,6.19,68.89,Product Researchers,4,Engaged Non-Buyers
CUST-100196,2025-02-13,United Kingdom,Mobile,Direct,23,119,583.7,0.163,44,3,0,0.0,26,0,1,0.21,1,0.0,0.0,5.17,79.82,Engaged Non-Buyers,0,Product Researchers
CUST-100197,2025-03-08,United States,Desktop,Paid Social,8,73,475.5,0.232,55,1,0,0.0,71,0,0,0.383,1,0.0,0.0,9.12,84.91,Product Researchers,0,Product Researchers
CUST-100198,2025-01-24,India,Tablet,Paid Search,2,16,129.4,0.56,4,1,0,0.0,90,0,0,0.122,1,0.0,0.0,8.0,43.7,One-time Visitors,1,Low Engagement / At-Risk Visitors
CUST-100199,2025-02-12,United Kingdom,Mobile,Paid Social,2,18,121.5,0.572,5,0,0,0.0,162,0,0,0.292,0,0.0,0.0,9.0,43.32,One-time Visitors,1,Low Engagement / At-Risk Visitors
CUST-100200,2025-02-04,United Kingdom,Mobile,Organic Search,2,8,61.2,0.791,3,0,0,0.0,47,0,0,0.415,1,0.0,0.0,4.0,21.7,One-time Visitors,3,Engaged Non-Buyers
CUST-100201,2025-01-19,United Kingdom,Mobile,Email,34,164,402.7,0.037,68,6,7,530.53,12,2,0,0.127,1,0.2059,1.0,4.82,79.28,High Value Loyal,2,High Value Loyal Customers
CUST-100202,2025-04-03,India,Desktop,Direct,4,17,110.7,0.773,4,0,0,0.0,65,0,0,0.159,0,0.0,0.0,4.25,25.73,One-time Visitors,3,Engaged Non-Buyers
CUST-100203,2025-06-03,Canada,Mobile,Organic Search,15,83,595.2,0.362,37,5,0,0.0,47,0,0,0.667,1,0.0,0.0,5.53,74.39,Engaged Non-Buyers,0,Product Researchers
CUST-100204,2025-04-13,United Kingdom,Desktop,Paid Search,3,20,95.3,0.726,12,0,0,0.0,145,0,0,0.538,0,0.0,0.0,6.67,36.15,One-time Visitors,3,Engaged Non-Buyers
CUST-100205,2025-03-12,United States,Mobile,Organic Search,23,117,291.8,0.172,45,4,2,114.55,22,1,0,0.611,1,0.087,0.5,5.09,65.03,Deal Seekers,4,Engaged Non-Buyers
CUST-100206,2025-02-21,United Kingdom,Mobile,Direct,4,18,87.5,0.776,4,0,1,31.95,133,0,0,0.167,1,0.25,0.0,4.5,25.26,One-time Visitors,3,Engaged Non-Buyers
CUST-100207,2025-06-15,India,Desktop,Organic Search,2,16,87.3,0.863,9,1,0,0.0,128,0,0,0.519,0,0.0,0.0,8.0,35.55,One-time Visitors,1,Low Engagement / At-Risk Visitors
CUST-100208,2025-02-25,United Kingdom,Desktop,Paid Social,7,25,130.1,0.89,4,0,0,0.0,115,0,0,0.435,0,0.0,0.0,3.57,21.65,One-time Visitors,3,Engaged Non-Buyers
CUST-100209,2025-01-26,United States,Mobile,Paid Social,31,154,574.8,0.121,60,11,4,395.29,14,0,1,0.263,1,0.129,0.3636,4.97,84.7,High Value Loyal,2,High Value Loyal Customers
CUST-100210,2025-01-25,United Kingdom,Desktop,Email,13,86,541.9,0.24,56,2,0,0.0,60,2,1,0.116,1,0.0,0.0,6.62,84.0,Engaged Non-Buyers,0,Product Researchers
CUST-100211,2025-01-24,Canada,Mobile,Display,24,111,700.2,0.383,43,2,0,0.0,20,1,1,0.047,1,0.0,0.0,4.62,73.1,Engaged Non-Buyers,0,Product Researchers
CUST-100212,2025-04-01,United Kingdom,Mobile,Referral,14,81,455.1,0.676,46,2,0,0.0,69,2,0,0.621,1,0.0,0.0,5.79,63.09,Product Researchers,0,Product Researchers
CUST-100213,2025-03-01,India,Mobile,Paid Social,5,23,96.2,0.918,6,1,0,0.0,137,0,0,0.407,0,0.0,0.0,4.6,23.08,One-time Visitors,3,Engaged Non-Buyers
CUST-100214,2025-05-19,France,Desktop,Paid Search,36,165,396.0,0.26,58,6,7,577.38,9,1,2,0.132,1,0.1944,1.0,4.58,70.47,High Value Loyal,2,High Value Loyal Customers
CUST-100215,2025-05-06,Germany,Desktop,Paid Social,17,96,547.8,0.209,40,2,0,0.0,20,0,2,0.199,0,0.0,0.0,5.65,77.12,Engaged Non-Buyers,0,Product Researchers
CUST-100216,2025-05-11,United Kingdom,Desktop,Paid Search,5,10,43.5,0.695,2,0,0,0.0,87,0,0,0.154,0,0.0,0.0,2.0,16.68,One-time Visitors,3,Engaged Non-Buyers
CUST-100217,2025-05-11,Netherlands,Mobile,Organic Search,5,25,106.4,0.796,6,0,0,0.0,51,0,0,0.251,0,0.0,0.0,5.0,27.9,One-time Visitors,3,Engaged Non-Buyers
CUST-100218,2025-05-13,United States,Mobile,Organic Search,6,23,123.3,0.9,3,0,1,43.42,134,0,0,0.45,1,0.1667,0.0,3.83,21.56,One-time Visitors,3,Engaged Non-Buyers
CUST-100219,2025-05-29,United Kingdom,Desktop,Email,17,84,354.0,0.252,41,6,5,140.12,38,1,0,0.795,1,0.2941,0.8333,4.94,64.46,Deal Seekers,4,Engaged Non-Buyers
CUST-100220,2025-04-06,India,Mobile,Direct,17,81,412.1,0.326,41,9,2,148.92,32,1,1,0.806,1,0.1176,0.2222,4.76,64.95,Deal Seekers,4,Engaged Non-Buyers
CUST-100221,2025-01-24,United Kingdom,Mobile,Display,21,119,319.1,0.219,48,4,3,205.37,4,0,1,0.811,1,0.1429,0.75,5.67,67.95,Deal Seekers,4,Engaged Non-Buyers
CUST-100222,2025-02-01,India,Mobile,Paid Social,5,16,34.9,0.457,5,0,0,0.0,128,0,0,0.167,1,0.0,0.0,3.2,26.85,One-time Visitors,3,Engaged Non-Buyers
CUST-100223,2025-01-18,United Kingdom,Mobile,Organic Search,30,147,525.7,0.131,52,11,5,408.08,5,2,1,0.332,1,0.1667,0.4545,4.9,79.33,High Value Loyal,2,High Value Loyal Customers
CUST-100224,2025-01-07,United Kingdom,Mobile,Paid Search,16,103,639.7,0.294,43,3,0,0.0,28,2,3,0.495,1,0.0,0.0,6.44,81.01,Engaged Non-Buyers,0,Product Researchers
CUST-100225,2025-01-26,United Kingdom,Desktop,Paid Social,15,101,523.0,0.36,52,1,1,81.39,66,2,0,0.846,1,0.0667,1.0,6.73,79.2,Product Researchers,4,Engaged Non-Buyers
CUST-100226,2025-05-25,United Kingdom,Desktop,Direct,12,99,316.2,0.196,57,1,0,0.0,65,0,0,0.166,1,0.0,0.0,8.25,78.44,Product Researchers,0,Product Researchers
CUST-100227,2025-04-02,United States,Mobile,Organic Search,30,177,576.6,0.151,70,14,11,1459.95,13,2,1,0.109,1,0.3667,0.7857,5.9,88.48,High Value Loyal,2,High Value Loyal Customers
CUST-100228,2025-01-11,United Kingdom,Mobile,Paid Search,3,18,77.0,0.448,5,0,0,0.0,166,0,0,0.354,0,0.0,0.0,6.0,37.94,One-time Visitors,3,Engaged Non-Buyers
CUST-100229,2025-01-27,United Kingdom,Desktop,Paid Search,3,17,78.9,0.531,7,0,0,0.0,135,0,0,0.116,0,0.0,0.0,5.67,35.53,One-time Visitors,3,Engaged Non-Buyers
CUST-100230,2025-06-04,France,Mobile,Paid Search,4,19,123.0,0.596,5,0,0,0.0,140,0,0,0.409,0,0.0,0.0,4.75,32.64,One-time Visitors,3,Engaged Non-Buyers
CUST-100231,2025-01-22,United Kingdom,Tablet,Paid Search,20,105,334.2,0.114,36,6,2,158.42,28,4,0,0.706,1,0.1,0.3333,5.25,66.35,Deal Seekers,4,Engaged Non-Buyers
CUST-100232,2025-04-10,United Kingdom,Mobile,Paid Social,3,24,37.6,0.765,8,0,0,0.0,91,0,0,0.253,1,0.0,0.0,8.0,35.23,One-time Visitors,1,Low Engagement / At-Risk Visitors
CUST-100233,2025-05-27,Canada,Mobile,Direct,30,156,484.9,0.082,62,7,6,651.79,12,1,0,0.338,1,0.2,0.8571,5.2,82.52,High Value Loyal,2,High Value Loyal Customers
CUST-100234,2025-02-16,United States,Mobile,Paid Social,15,95,417.9,0.318,44,1,1,26.13,47,3,0,0.286,1,0.0667,1.0,6.33,71.28,Engaged Non-Buyers,4,Engaged Non-Buyers
CUST-100235,2025-01-24,Australia,Desktop,Organic Search,2,11,114.0,0.837,6,0,0,0.0,112,0,1,0.198,0,0.0,0.0,5.5,28.81,One-time Visitors,3,Engaged Non-Buyers
CUST-100236,2025-04-23,United Kingdom,Mobile,Organic Search,13,96,270.0,0.17,53,6,2,139.31,33,1,1,0.802,1,0.1538,0.3333,7.38,73.65,Deal Seekers,4,Engaged Non-Buyers
CUST-100237,2025-04-01,Netherlands,Desktop,Email,11,89,350.8,0.101,51,2,0,0.0,68,2,2,0.346,0,0.0,0.0,8.09,80.7,Product Researchers,0,Product Researchers
CUST-100238,2025-01-14,United Kingdom,Mobile,Email,2,9,89.8,0.881,6,0,0,0.0,155,0,0,0.306,0,0.0,0.0,4.5,23.38,One-time Visitors,3,Engaged Non-Buyers
CUST-100239,2025-03-06,Canada,Desktop,Email,24,111,286.7,0.231,42,4,1,30.64,28,1,0,0.988,1,0.0417,0.25,4.62,60.95,Deal Seekers,4,Engaged Non-Buyers
CUST-100240,2025-01-17,India,Mobile,Email,21,99,306.8,0.353,38,2,1,57.55,58,2,1,0.378,1,0.0476,0.5,4.71,57.93,Engaged Non-Buyers,4,Engaged Non-Buyers
CUST-100241,2025-05-28,Netherlands,Mobile,Direct,17,108,370.2,0.385,64,2,1,81.18,35,1,0,0.445,0,0.0588,0.5,6.35,73.44,Product Researchers,0,Product Researchers
CUST-100242,2025-04-17,Germany,Tablet,Paid Search,26,122,497.4,0.118,38,2,0,0.0,24,3,1,0.416,0,0.0,0.0,4.69,73.27,Engaged Non-Buyers,0,Product Researchers
CUST-100243,2025-03-09,Germany,Desktop,Referral,13,78,610.1,0.479,39,0,0,0.0,54,1,3,0.135,0,0.0,0.0,6.0,73.78,Engaged Non-Buyers,0,Product Researchers
CUST-100244,2025-02-05,United Kingdom,Desktop,Paid Search,27,130,493.3,0.183,72,11,4,527.06,12,3,2,0.247,1,0.1481,0.3636,4.81,80.12,High Value Loyal,2,High Value Loyal Customers
CUST-100245,2025-04-11,Germany,Mobile,Paid Search,2,5,65.8,0.734,2,0,0,0.0,153,0,0,0.176,0,0.0,0.0,2.5,18.36,One-time Visitors,3,Engaged Non-Buyers
CUST-100246,2025-01-07,India,Tablet,Paid Search,16,103,476.6,0.327,56,3,0,0.0,16,2,0,0.564,1,0.0,0.0,6.44,78.0,Deal Seekers,0,Product Researchers
CUST-100247,2025-03-22,United Kingdom,Mobile,Organic Search,3,11,129.1,0.792,4,0,0,0.0,46,0,0,0.099,1,0.0,0.0,3.67,24.34,One-time Visitors,3,Engaged Non-Buyers
CUST-100248,2025-02-08,United Kingdom,Mobile,Direct,13,94,505.1,0.417,62,0,0,0.0,65,1,1,0.584,0,0.0,0.0,7.23,81.49,Product Researchers,0,Product Researchers
CUST-100249,2025-02-06,France,Desktop,Paid Search,18,100,573.1,0.448,47,1,0,0.0,43,1,0,0.462,1,0.0,0.0,5.56,74.29,Product Researchers,0,Product Researchers
CUST-100250,2025-04-22,Germany,Mobile,Paid Search,22,99,406.8,0.243,43,3,0,0.0,49,3,1,0.343,1,0.0,0.0,4.5,66.55,Engaged Non-Buyers,0,Product Researchers
CUST-100251,2025-04-26,United Kingdom,Mobile,Direct,32,177,507.6,0.188,74,13,6,688.02,11,3,1,0.284,1,0.1875,0.4615,5.53,82.97,High Value Loyal,2,High Value Loyal Customers
CUST-100252,2025-02-12,United Kingdom,Mobile,Direct,10,87,280.5,0.39,46,1,1,61.4,22,2,0,0.177,0,0.1,1.0,8.7,68.42,Product Researchers,4,Engaged Non-Buyers
CUST-100253,2025-01-17,India,Desktop,Direct,18,98,445.6,0.395,41,3,2,78.44,9,3,1,0.751,1,0.1111,0.6667,5.44,67.03,Deal Seekers,4,Engaged Non-Buyers
CUST-100254,2025-01-31,United Kingdom,Mobile,Email,27,155,665.2,0.313,64,12,7,1250.89,7,2,1,0.6,1,0.2593,0.5833,5.74,84.82,High Value Loyal,2,High Value Loyal Customers
CUST-100255,2025-03-03,India,Mobile,Paid Search,1,4,32.9,0.708,4,0,0,0.0,161,0,0,0.043,0,0.0,0.0,4.0,22.68,One-time Visitors,3,Engaged Non-Buyers
CUST-100256,2025-04-19,United Kingdom,Desktop,Direct,19,105,637.6,0.212,42,1,0,0.0,47,1,2,0.343,1,0.0,0.0,5.53,79.89,Product Researchers,0,Product Researchers
CUST-100257,2025-04-18,United Kingdom,Mobile,Paid Social,18,94,479.8,0.364,40,5,0,0.0,6,1,0,0.128,1,0.0,0.0,5.22,68.52,Engaged Non-Buyers,0,Product Researchers
CUST-100258,2025-01-06,Germany,Desktop,Organic Search,2,12,55.6,0.784,7,1,0,0.0,64,0,0,0.055,0,0.0,0.0,6.0,29.08,One-time Visitors,3,Engaged Non-Buyers
CUST-100259,2025-06-13,India,Desktop,Organic Search,20,102,253.7,0.24,40,6,2,89.47,31,3,1,0.533,0,0.1,0.3333,5.1,59.94,Deal Seekers,4,Engaged Non-Buyers
CUST-100260,2025-05-14,United States,Tablet,Organic Search,19,103,635.9,0.571,46,2,0,0.0,32,1,1,0.511,1,0.0,0.0,5.42,71.81,Engaged Non-Buyers,0,Product Researchers
CUST-100261,2025-02-01,Netherlands,Mobile,Organic Search,29,173,530.3,0.15,77,12,1,139.54,4,2,1,0.165,1,0.0345,0.0833,5.97,86.41,High Value Loyal,0,Product Researchers
CUST-100262,2025-04-27,United States,Mobile,Paid Search,22,128,543.6,0.159,59,10,4,549.5,14,2,2,0.218,1,0.1818,0.4,5.82,84.55,High Value Loyal,2,High Value Loyal Customers
CUST-100263,2025-03-14,France,Mobile,Paid Search,3,15,59.7,0.849,6,0,0,0.0,138,2,0,0.245,0,0.0,0.0,5.0,24.22,One-time Visitors,3,Engaged Non-Buyers
CUST-100264,2025-05-15,United Kingdom,Mobile,Organic Search,17,100,471.3,0.184,61,5,0,0.0,18,2,2,0.325,0,0.0,0.0,5.88,81.11,Product Researchers,0,Product Researchers
CUST-100265,2025-01-10,Canada,Mobile,Organic Search,14,92,432.0,0.153,55,0,0,0.0,72,1,0,0.565,1,0.0,0.0,6.57,80.24,Product Researchers,0,Product Researchers
CUST-100266,2025-05-22,France,Mobile,Organic Search,19,109,590.1,0.337,39,1,0,0.0,56,3,1,0.352,1,0.0,0.0,5.74,76.02,Engaged Non-Buyers,0,Product Researchers
CUST-100267,2025-05-31,India,Mobile,Paid Search,18,93,350.6,0.371,44,7,3,182.54,30,1,0,0.698,1,0.1667,0.4286,5.17,62.93,Deal Seekers,4,Engaged Non-Buyers
CUST-100268,2025-02-14,United Kingdom,Mobile,Organic Search,17,99,374.8,0.117,47,5,1,52.66,15,1,0,0.583,1,0.0588,0.2,5.82,73.46,Engaged Non-Buyers,4,Engaged Non-Buyers
CUST-100269,2025-05-14,United Kingdom,Mobile,Direct,4,16,110.9,0.772,5,0,0,0.0,172,0,0,0.383,0,0.0,0.0,4.0,25.29,One-time Visitors,3,Engaged Non-Buyers
CUST-100270,2025-01-21,Netherlands,Tablet,Paid Search,22,96,204.1,0.274,40,5,2,158.92,8,3,0,0.81,1,0.0909,0.4,4.36,54.31,Deal Seekers,4,Engaged Non-Buyers
CUST-100271,2025-05-11,United States,Mobile,Direct,25,135,490.7,0.4,56,12,8,1162.21,13,2,1,0.472,1,0.32,0.6667,5.4,73.64,High Value Loyal,2,High Value Loyal Customers
CUST-100272,2025-02-23,United States,Mobile,Organic Search,17,90,414.4,0.313,41,6,3,232.1,22,2,1,0.69,1,0.1765,0.5,5.29,67.05,Deal Seekers,4,Engaged Non-Buyers
CUST-100273,2025-04-03,United Kingdom,Desktop,Organic Search,15,68,296.5,0.192,37,3,0,0.0,50,1,1,0.222,0,0.0,0.0,4.53,60.57,Engaged Non-Buyers,0,Product Researchers
CUST-100274,2025-02-28,Germany,Mobile,Email,18,101,342.6,0.173,61,1,0,0.0,24,2,0,0.256,1,0.0,0.0,5.61,74.11,Product Researchers,0,Product Researchers
CUST-100275,2025-04-22,United States,Desktop,Paid Social,18,106,310.1,0.242,42,5,3,115.36,5,1,2,0.587,1,0.1667,0.6,5.89,65.79,Deal Seekers,4,Engaged Non-Buyers
CUST-100276,2025-01-22,Canada,Mobile,Organic Search,20,114,229.1,0.132,49,3,4,117.12,23,2,0,0.589,1,0.2,1.0,5.7,66.04,Deal Seekers,4,Engaged Non-Buyers
CUST-100277,2025-02-24,Canada,Desktop,Paid Social,17,86,678.9,0.144,44,2,0,0.0,37,5,1,0.267,1,0.0,0.0,5.06,80.76,Engaged Non-Buyers,0,Product Researchers
CUST-100278,2025-03-07,United Kingdom,Tablet,Paid Social,23,118,324.2,0.421,38,3,5,414.97,14,1,0,0.65,1,0.2174,1.0,5.13,58.42,Deal Seekers,4,Engaged Non-Buyers
CUST-100279,2025-01-11,India,Desktop,Organic Search,1,8,20.1,0.678,6,1,0,0.0,111,0,0,0.062,1,0.0,0.0,8.0,35.91,One-time Visitors,1,Low Engagement / At-Risk Visitors
CUST-100280,2025-06-26,United States,Mobile,Direct,27,148,524.1,0.177,68,12,8,649.04,12,0,1,0.112,1,0.2963,0.6667,5.48,83.9,High Value Loyal,2,High Value Loyal Customers
CUST-100281,2025-01-17,United Kingdom,Mobile,Paid Social,14,78,534.6,0.221,44,3,0,0.0,47,3,1,0.093,1,0.0,0.0,5.57,77.16,Engaged Non-Buyers,0,Product Researchers
CUST-100282,2025-06-05,United Kingdom,Desktop,Referral,13,80,585.1,0.307,47,5,0,0.0,67,2,0,0.024,0,0.0,0.0,6.15,80.28,Product Researchers,0,Product Researchers
CUST-100283,2025-03-19,United Kingdom,Mobile,Paid Search,28,146,661.2,0.132,68,9,9,1043.77,2,1,1,0.281,1,0.3214,1.0,5.21,88.0,High Value Loyal,2,High Value Loyal Customers
CUST-100284,2025-01-02,India,Mobile,Paid Search,19,117,547.7,0.28,50,2,0,0.0,7,2,0,0.416,0,0.0,0.0,6.16,80.0,Engaged Non-Buyers,0,Product Researchers
CUST-100285,2025-01-19,India,Tablet,Direct,19,115,296.0,0.288,42,4,4,285.68,3,1,0,0.541,1,0.2105,1.0,6.05,64.44,Deal Seekers,4,Engaged Non-Buyers
CUST-100286,2025-04-05,United Kingdom,Desktop,Direct,2,6,87.4,0.602,3,0,0,0.0,69,0,0,0.326,0,0.0,0.0,3.0,24.62,One-time Visitors,3,Engaged Non-Buyers
CUST-100287,2025-03-19,Australia,Mobile,Display,14,106,468.2,0.142,66,0,1,80.96,31,2,1,0.585,0,0.0714,0.0,7.57,88.53,Product Researchers,0,Product Researchers
CUST-100288,2025-02-18,United Kingdom,Mobile,Direct,26,160,389.1,0.141,66,11,5,741.43,2,2,1,0.021,1,0.1923,0.4545,6.15,80.15,High Value Loyal,2,High Value Loyal Customers
CUST-100289,2025-02-18,Canada,Mobile,Direct,25,139,380.2,0.608,67,12,7,813.77,1,2,0,0.506,1,0.28,0.5833,5.56,66.18,High Value Loyal,2,High Value Loyal Customers
CUST-100290,2025-04-26,India,Desktop,Paid Social,32,157,560.8,0.229,74,13,5,481.25,10,1,0,0.287,1,0.1562,0.3846,4.91,82.66,High Value Loyal,2,High Value Loyal Customers
CUST-100291,2025-06-17,United States,Desktop,Display,21,108,274.7,0.353,48,4,2,173.22,44,2,2,0.694,1,0.0952,0.5,5.14,60.75,Deal Seekers,4,Engaged Non-Buyers
CUST-100292,2025-05-24,United Kingdom,Mobile,Paid Search,32,177,639.6,0.137,73,7,7,642.04,6,1,0,0.14,1,0.2188,1.0,5.53,88.87,High Value Loyal,2,High Value Loyal Customers
CUST-100293,2025-06-14,United States,Mobile,Direct,24,130,578.8,0.196,60,10,5,486.73,12,5,2,0.144,1,0.2083,0.5,5.42,84.43,High Value Loyal,2,High Value Loyal Customers
CUST-100294,2025-06-16,United Kingdom,Mobile,Organic Search,15,92,337.7,0.216,51,3,0,0.0,6,4,1,0.377,1,0.0,0.0,6.13,71.33,Engaged Non-Buyers,0,Product Researchers
CUST-100295,2025-03-06,United States,Mobile,Referral,31,162,545.9,0.277,71,9,6,771.84,8,3,2,0.148,1,0.1935,0.6667,5.23,81.7,High Value Loyal,2,High Value Loyal Customers
CUST-100296,2025-04-20,India,Mobile,Email,12,82,468.1,0.049,59,2,0,0.0,65,1,1,0.517,1,0.0,0.0,6.83,86.7,Product Researchers,0,Product Researchers
CUST-100297,2025-06-11,Germany,Tablet,Organic Search,24,137,431.6,0.084,60,11,2,129.0,7,2,0,0.236,1,0.0833,0.1818,5.71,80.77,High Value Loyal,0,Product Researchers
CUST-100298,2025-04-21,United Kingdom,Desktop,Email,13,86,316.1,0.233,45,5,3,180.45,4,2,0,0.974,1,0.2308,0.6,6.62,69.5,Deal Seekers,4,Engaged Non-Buyers
CUST-100299,2025-06-19,Netherlands,Mobile,Referral,4,16,83.9,0.704,6,1,0,0.0,161,0,0,0.053,1,0.0,0.0,4.0,25.95,One-time Visitors,3,Engaged Non-Buyers
CUST-100300,2025-04-20,United Kingdom,Desktop,Organic Search,13,102,504.6,0.378,53,2,0,0.0,24,4,2,0.296,1,0.0,0.0,7.85,81.6,Engaged Non-Buyers,0,Product Researchers
CUST-100301,2025-05-07,India,Mobile,Organic Search,16,96,495.7,0.204,47,3,0,0.0,36,3,1,0.681,0,0.0,0.0,6.0,77.89,Product Researchers,0,Product Researchers
CUST-100302,2025-04-02,India,Mobile,Organic Search,26,150,437.0,0.082,64,17,5,448.58,12,2,0,0.54,1,0.1923,0.2941,5.77,82.52,High Value Loyal,2,High Value Loyal Customers
CUST-100303,2025-03-09,United Kingdom,Tablet,Paid Search,24,103,499.8,0.279,40,1,0,0.0,27,2,3,0.535,0,0.0,0.0,4.29,68.72,Engaged Non-Buyers,0,Product Researchers
CUST-100304,2025-02-17,United Kingdom,Mobile,Paid Social,30,157,627.2,0.104,55,11,6,723.42,8,2,1,0.36,1,0.2,0.5455,5.23,85.67,High Value Loyal,2,High Value Loyal Customers
CUST-100305,2025-03-14,United Kingdom,Mobile,Paid Social,20,112,332.0,0.424,56,4,0,0.0,54,2,2,0.485,0,0.0,0.0,5.6,65.72,Product Researchers,0,Product Researchers
CUST-100306,2025-06-29,Australia,Mobile,Paid Social,11,99,369.6,0.191,63,3,1,60.94,62,3,2,0.61,0,0.0909,0.3333,9.0,83.1,Product Researchers,0,Product Researchers
CUST-100307,2025-05-02,United States,Desktop,Organic Search,22,85,506.8,0.131,38,5,0,0.0,22,0,0,0.36,1,0.0,0.0,3.86,70.82,Engaged Non-Buyers,0,Product Researchers
CUST-100308,2025-06-17,France,Mobile,Direct,19,85,355.4,0.188,41,4,0,0.0,53,2,1,0.186,1,0.0,0.0,4.47,64.68,Engaged Non-Buyers,0,Product Researchers
CUST-100309,2025-06-07,United States,Mobile,Referral,1,8,105.1,0.525,5,0,0,0.0,143,0,0,0.126,1,0.0,0.0,8.0,43.66,One-time Visitors,1,Low Engagement / At-Risk Visitors
CUST-100310,2025-01-01,India,Mobile,Paid Social,14,90,473.4,0.513,54,5,0,0.0,31,0,0,0.501,1,0.0,0.0,6.43,72.54,Product Researchers,0,Product Researchers
CUST-100311,2025-06-04,France,Mobile,Email,13,81,468.1,0.348,40,4,0,0.0,22,5,1,0.271,1,0.0,0.0,6.23,71.49,Engaged Non-Buyers,0,Product Researchers
CUST-100312,2025-06-12,India,Desktop,Display,15,99,385.1,0.168,47,2,0,0.0,9,3,1,0.492,0,0.0,0.0,6.6,75.14,Engaged Non-Buyers,0,Product Researchers
CUST-100313,2025-06-02,Australia,Mobile,Direct,15,75,348.4,0.215,35,2,0,0.0,10,5,0,0.316,1,0.0,0.0,5.0,63.43,Engaged Non-Buyers,0,Product Researchers
CUST-100314,2025-02-01,United Kingdom,Mobile,Paid Search,3,21,128.1,0.719,7,0,0,0.0,99,0,0,0.475,0,0.0,0.0,7.0,37.46,One-time Visitors,1,Low Engagement / At-Risk Visitors
CUST-100315,2025-06-15,United States,Desktop,Paid Search,31,157,588.7,0.115,57,13,12,1043.79,11,3,1,0.013,1,0.3871,0.9231,5.06,84.92,High Value Loyal,2,High Value Loyal Customers
CUST-100316,2025-02-13,France,Desktop,Referral,17,97,355.3,0.419,44,5,8,685.88,40,1,5,0.651,1,0.4706,1.0,5.71,63.66,Deal Seekers,2,High Value Loyal Customers
CUST-100317,2025-06-19,India,Desktop,Paid Social,18,99,508.0,0.322,47,2,1,76.05,59,0,1,0.486,1,0.0556,0.5,5.5,74.01,Product Researchers,0,Product Researchers
CUST-100318,2025-04-04,Germany,Mobile,Organic Search,19,118,431.0,0.245,52,2,0,0.0,67,2,0,0.345,0,0.0,0.0,6.21,75.84,Product Researchers,0,Product Researchers
CUST-100319,2025-04-09,India,Desktop,Paid Search,21,116,477.9,0.412,53,3,1,68.44,37,0,0,0.226,1,0.0476,0.3333,5.52,72.17,Engaged Non-Buyers,0,Product Researchers
CUST-100320,2025-01-25,United Kingdom,Mobile,Direct,19,108,288.0,0.044,44,5,0,0.0,14,1,1,0.956,0,0.0,0.0,5.68,69.6,Deal Seekers,4,Engaged Non-Buyers
CUST-100321,2025-04-03,United Kingdom,Desktop,Direct,3,12,132.3,0.6,3,0,1,36.94,71,1,0,0.302,0,0.3333,0.0,4.0,30.05,One-time Visitors,3,Engaged Non-Buyers
CUST-100322,2025-01-12,India,Tablet,Paid Search,13,107,450.4,0.184,67,6,0,0.0,72,1,1,0.355,0,0.0,0.0,8.23,87.92,Product Researchers,0,Product Researchers
CUST-100323,2025-04-14,Netherlands,Mobile,Paid Search,5,18,104.3,0.77,5,1,0,0.0,151,0,0,0.463,0,0.0,0.0,3.6,23.75,One-time Visitors,3,Engaged Non-Buyers
CUST-100324,2025-01-09,United Kingdom,Mobile,Direct,13,83,494.2,0.223,44,8,1,32.27,26,0,0,0.776,0,0.0769,0.125,6.38,77.63,Deal Seekers,4,Engaged Non-Buyers
CUST-100325,2025-02-22,United Kingdom,Mobile,Referral,19,103,351.9,0.162,52,3,0,0.0,60,2,1,0.191,1,0.0,0.0,5.42,71.48,Product Researchers,0,Product Researchers
CUST-100326,2025-05-31,United Kingdom,Desktop,Organic Search,31,146,473.3,0.177,65,16,4,288.58,9,0,1,0.186,1,0.129,0.25,4.71,78.97,High Value Loyal,2,High Value Loyal Customers
CUST-100327,2025-03-20,India,Desktop,Paid Social,16,94,271.0,0.373,49,11,1,60.68,6,3,1,0.413,0,0.0625,0.0909,5.88,62.67,Deal Seekers,0,Product Researchers
CUST-100328,2025-01-22,United Kingdom,Mobile,Organic Search,22,111,189.2,0.379,39,6,0,0.0,5,0,1,0.48,1,0.0,0.0,5.05,52.75,Engaged Non-Buyers,0,Product Researchers
CUST-100329,2025-02-16,United States,Mobile,Display,13,95,229.1,0.2,49,7,3,240.18,11,5,2,0.839,1,0.2308,0.4286,7.31,69.36,Deal Seekers,4,Engaged Non-Buyers
CUST-100330,2025-06-25,United States,Mobile,Direct,15,81,486.1,0.359,48,1,0,0.0,38,4,1,0.223,1,0.0,0.0,5.4,71.96,Engaged Non-Buyers,0,Product Researchers
CUST-100331,2025-03-15,Canada,Desktop,Direct,16,110,536.9,0.272,61,2,0,0.0,35,3,1,0.708,0,0.0,0.0,6.88,85.29,Product Researchers,0,Product Researchers
CUST-100332,2025-02-28,United Kingdom,Mobile,Paid Social,28,144,510.3,0.276,66,11,5,760.19,10,0,2,0.115,1,0.1786,0.4545,5.14,79.68,High Value Loyal,2,High Value Loyal Customers
CUST-100333,2025-03-23,United Kingdom,Mobile,Direct,4,21,160.4,0.559,5,0,0,0.0,129,0,0,0.37,0,0.0,0.0,5.25,37.0,One-time Visitors,3,Engaged Non-Buyers
CUST-100334,2025-04-09,India,Mobile,Organic Search,24,129,560.8,0.242,60,14,6,728.75,13,5,5,0.491,1,0.25,0.4286,5.38,82.24,High Value Loyal,2,High Value Loyal Customers
CUST-100335,2025-03-26,United States,Mobile,Organic Search,19,94,402.8,0.117,37,2,0,0.0,7,0,0,0.261,1,0.0,0.0,4.95,69.05,Engaged Non-Buyers,0,Product Researchers
CUST-100336,2025-05-23,Australia,Mobile,Paid Search,22,142,480.8,0.256,67,15,4,372.52,3,1,1,0.35,1,0.1818,0.2667,6.45,82.82,High Value Loyal,2,High Value Loyal Customers
CUST-100337,2025-02-14,United Kingdom,Mobile,Organic Search,2,17,96.0,0.892,9,0,0,0.0,47,0,0,0.224,0,0.0,0.0,8.5,35.27,One-time Visitors,1,Low Engagement / At-Risk Visitors
CUST-100338,2025-01-05,United Kingdom,Tablet,Organic Search,15,90,397.3,0.204,37,6,1,63.5,10,1,4,0.742,1,0.0667,0.1667,6.0,69.89,Deal Seekers,4,Engaged Non-Buyers
CUST-100339,2025-01-10,Netherlands,Mobile,Direct,18,94,248.8,0.091,34,3,1,99.22,43,0,4,0.927,1,0.0556,0.3333,5.22,61.95,Deal Seekers,4,Engaged Non-Buyers
CUST-100340,2025-04-06,United States,Desktop,Organic Search,13,65,612.7,0.603,32,3,1,69.73,52,0,0,0.5,1,0.0769,0.3333,5.0,65.41,Engaged Non-Buyers,0,Product Researchers
CUST-100341,2025-02-04,United Kingdom,Mobile,Organic Search,12,91,217.0,0.182,53,1,1,110.38,25,3,0,0.633,1,0.0833,1.0,7.58,71.32,Product Researchers,4,Engaged Non-Buyers
CUST-100342,2025-03-15,United Kingdom,Mobile,Organic Search,1,7,118.2,0.794,4,0,0,0.0,120,1,0,0.191,0,0.0,0.0,7.0,34.16,One-time Visitors,1,Low Engagement / At-Risk Visitors
CUST-100343,2025-03-01,Australia,Mobile,Email,2,5,68.8,0.817,2,0,0,0.0,73,0,0,0.207,0,0.0,0.0,2.5,16.45,One-time Visitors,3,Engaged Non-Buyers
CUST-100344,2025-02-15,United Kingdom,Mobile,Paid Search,32,156,455.6,0.075,61,11,7,701.91,5,2,1,0.248,1,0.2188,0.6364,4.88,79.9,High Value Loyal,2,High Value Loyal Customers
CUST-100345,2025-05-25,Netherlands,Desktop,Email,18,93,558.6,0.251,42,2,1,78.6,13,1,1,0.164,1,0.0556,0.5,5.17,75.72,Engaged Non-Buyers,0,Product Researchers
CUST-100346,2025-06-27,Canada,Desktop,Paid Search,18,82,443.6,0.211,38,3,0,0.0,34,1,0,0.406,1,0.0,0.0,4.56,67.83,Engaged Non-Buyers,0,Product Researchers
CUST-100347,2025-01-25,India,Desktop,Direct,34,171,609.5,0.215,70,13,5,480.69,4,0,0,0.366,1,0.1471,0.3846,5.03,85.34,High Value Loyal,2,High Value Loyal Customers
CUST-100348,2025-05-05,United Kingdom,Desktop,Paid Search,14,97,497.8,0.201,49,1,0,0.0,11,5,1,0.121,0,0.0,0.0,6.93,81.6,Product Researchers,0,Product Researchers
CUST-100349,2025-03-13,United States,Mobile,Paid Search,17,86,308.7,0.318,44,4,2,142.52,23,3,1,0.724,0,0.1176,0.5,5.06,61.83,Deal Seekers,4,Engaged Non-Buyers
CUST-100350,2025-05-26,United Kingdom,Mobile,Organic Search,3,11,144.2,0.758,4,0,0,0.0,156,0,0,0.09,1,0.0,0.0,3.67,25.94,One-time Visitors,3,Engaged Non-Buyers
CUST-100351,2025-01-08,United Kingdom,Mobile,Organic Search,24,124,474.4,0.17,62,14,9,685.57,11,3,1,0.411,1,0.375,0.6429,5.17,79.7,High Value Loyal,2,High Value Loyal Customers
CUST-100352,2025-03-07,Netherlands,Mobile,Direct,22,116,541.8,0.438,55,4,0,0.0,23,2,1,0.235,1,0.0,0.0,5.27,74.54,Product Researchers,0,Product Researchers
CUST-100353,2025-03-11,United Kingdom,Mobile,Paid Search,1,10,76.9,0.618,5,1,0,0.0,84,0,0,0.44,0,0.0,0.0,10.0,39.94,One-time Visitors,1,Low Engagement / At-Risk Visitors
CUST-100354,2025-05-23,United States,Desktop,Organic Search,5,24,74.3,0.661,7,1,0,0.0,147,1,0,0.198,1,0.0,0.0,4.8,29.34,One-time Visitors,3,Engaged Non-Buyers
CUST-100355,2025-03-15,United States,Desktop,Organic Search,31,166,509.5,0.103,72,13,9,1157.23,10,2,1,0.173,1,0.2903,0.6923,5.35,84.64,High Value Loyal,2,High Value Loyal Customers
CUST-100356,2025-05-04,India,Mobile,Referral,20,93,538.3,0.456,35,2,1,32.16,25,1,0,0.232,1,0.05,0.5,4.65,65.83,Engaged Non-Buyers,0,Product Researchers
CUST-100357,2025-04-21,Germany,Mobile,Paid Search,17,94,404.4,0.273,35,6,3,164.56,39,3,1,0.813,1,0.1765,0.5,5.53,66.44,Deal Seekers,4,Engaged Non-Buyers
CUST-100358,2025-06-15,Germany,Desktop,Paid Social,3,16,103.8,0.94,5,0,0,0.0,94,0,0,0.363,0,0.0,0.0,5.33,24.88,One-time Visitors,3,Engaged Non-Buyers
CUST-100359,2025-04-27,Australia,Mobile,Display,14,95,322.5,0.248,57,3,1,31.42,55,1,2,0.385,1,0.0714,0.3333,6.79,73.66,Product Researchers,0,Product Researchers
CUST-100360,2025-06-12,Canada,Mobile,Paid Social,20,93,438.5,0.023,39,11,2,124.65,15,1,1,0.709,1,0.1,0.1818,4.65,72.88,Deal Seekers,4,Engaged Non-Buyers
CUST-100361,2025-05-23,United States,Mobile,Organic Search,2,17,57.8,0.802,7,0,0,0.0,177,0,1,0.423,1,0.0,0.0,8.5,34.99,One-time Visitors,1,Low Engagement / At-Risk Visitors
CUST-100362,2025-02-03,France,Mobile,Display,3,15,110.1,0.637,7,0,0,0.0,178,0,0,0.331,0,0.0,0.0,5.0,32.36,One-time Visitors,3,Engaged Non-Buyers
CUST-100363,2025-05-07,Netherlands,Desktop,Display,2,4,84.5,0.723,2,1,0,0.0,45,0,1,0.139,0,0.0,0.0,2.0,18.02,One-time Visitors,3,Engaged Non-Buyers
CUST-100364,2025-05-01,Germany,Mobile,Direct,14,87,496.4,0.389,49,0,1,56.66,9,5,0,0.091,1,0.0714,0.0,6.21,74.59,Engaged Non-Buyers,0,Product Researchers
CUST-100365,2025-05-15,United Kingdom,Desktop,Referral,18,96,444.4,0.318,36,7,2,120.27,25,3,1,0.629,1,0.1111,0.2857,5.33,67.02,Deal Seekers,4,Engaged Non-Buyers
CUST-100366,2025-06-28,Germany,Mobile,Paid Search,21,105,457.1,0.366,32,9,1,36.12,11,1,2,0.545,1,0.0476,0.1111,5.0,64.18,Deal Seekers,4,Engaged Non-Buyers
CUST-100367,2025-02-09,Germany,Desktop,Email,27,159,381.3,0.257,65,15,9,772.68,9,3,1,0.358,1,0.3333,0.6,5.89,76.04,High Value Loyal,2,High Value Loyal Customers
CUST-100368,2025-01-06,United States,Desktop,Paid Social,12,92,391.1,0.152,57,5,2,183.72,58,2,1,0.296,1,0.1667,0.4,7.67,82.24,Product Researchers,0,Product Researchers
CUST-100369,2025-02-15,United States,Mobile,Direct,16,101,480.0,0.42,43,0,0,0.0,29,1,0,0.068,0,0.0,0.0,6.31,71.46,Product Researchers,0,Product Researchers
CUST-100370,2025-04-17,France,Desktop,Direct,15,86,329.9,0.256,36,4,2,115.64,19,1,1,0.694,1,0.1333,0.5,5.73,64.09,Deal Seekers,4,Engaged Non-Buyers
CUST-100371,2025-03-17,United States,Desktop,Paid Search,26,124,271.6,0.225,61,3,1,67.5,67,2,1,0.311,0,0.0385,0.3333,4.77,66.62,Product Researchers,0,Product Researchers
CUST-100372,2025-01-01,United Kingdom,Desktop,Referral,14,99,338.3,0.222,45,7,1,67.97,10,1,2,0.574,1,0.0714,0.1429,7.07,72.32,Deal Seekers,4,Engaged Non-Buyers
CUST-100373,2025-04-27,United States,Mobile,Organic Search,25,139,484.3,0.075,65,7,3,432.55,7,5,2,0.053,1,0.12,0.4286,5.56,84.71,High Value Loyal,2,High Value Loyal Customers
CUST-100374,2025-01-26,United Kingdom,Mobile,Referral,11,94,450.2,0.413,61,0,2,158.5,23,5,0,0.424,1,0.1818,0.0,8.55,80.96,Product Researchers,0,Product Researchers
CUST-100375,2025-03-18,United States,Mobile,Direct,23,109,348.3,0.136,43,7,2,107.09,8,5,2,0.746,1,0.087,0.2857,4.74,67.06,Deal Seekers,4,Engaged Non-Buyers
CUST-100376,2025-03-23,United Kingdom,Desktop,Paid Search,15,92,343.4,0.324,44,2,0,0.0,71,2,2,0.382,1,0.0,0.0,6.13,66.77,Product Researchers,0,Product Researchers
CUST-100377,2025-02-21,France,Mobile,Direct,21,119,589.9,0.249,46,4,1,35.2,63,2,2,0.275,1,0.0476,0.25,5.67,80.14,Engaged Non-Buyers,0,Product Researchers
CUST-100378,2025-06-22,India,Mobile,Organic Search,22,117,283.0,0.469,44,5,3,203.95,35,5,0,0.482,1,0.1364,0.6,5.32,57.57,Deal Seekers,4,Engaged Non-Buyers
CUST-100379,2025-05-22,United Kingdom,Desktop,Paid Social,2,11,72.3,0.596,6,0,0,0.0,161,1,0,0.222,0,0.0,0.0,5.5,32.76,One-time Visitors,3,Engaged Non-Buyers
CUST-100380,2025-04-11,United States,Mobile,Email,4,18,54.9,0.949,5,0,0,0.0,110,0,0,0.431,0,0.0,0.0,4.5,19.62,One-time Visitors,3,Engaged Non-Buyers
CUST-100381,2025-03-17,United Kingdom,Mobile,Direct,15,72,329.4,0.277,37,5,2,98.07,37,2,4,0.921,1,0.1333,0.4,4.8,60.93,Deal Seekers,4,Engaged Non-Buyers
CUST-100382,2025-02-22,Netherlands,Mobile,Referral,16,119,321.5,0.371,60,1,1,104.44,50,4,0,0.62,1,0.0625,1.0,7.44,73.51,Product Researchers,4,Engaged Non-Buyers
CUST-100383,2025-05-09,United Kingdom,Mobile,Paid Search,21,96,492.2,0.178,39,5,1,64.7,15,1,0,0.533,1,0.0476,0.2,4.57,71.44,Engaged Non-Buyers,4,Engaged Non-Buyers
CUST-100384,2025-03-14,United States,Desktop,Organic Search,23,117,359.2,0.364,45,4,1,49.27,11,0,0,0.75,1,0.0435,0.25,5.09,63.61,Deal Seekers,4,Engaged Non-Buyers
CUST-100385,2025-04-08,United Kingdom,Desktop,Paid Social,2,11,31.5,0.664,7,0,0,0.0,122,0,0,0.226,0,0.0,0.0,5.5,29.31,One-time Visitors,3,Engaged Non-Buyers
CUST-100386,2025-04-28,India,Desktop,Display,17,97,430.2,0.152,49,3,0,0.0,21,1,0,0.267,0,0.0,0.0,5.71,75.63,Engaged Non-Buyers,0,Product Researchers
CUST-100387,2025-06-05,Germany,Mobile,Paid Search,16,104,392.2,0.194,57,1,1,86.96,72,4,0,0.306,1,0.0625,1.0,6.5,77.62,Product Researchers,4,Engaged Non-Buyers
CUST-100388,2025-04-09,United Kingdom,Tablet,Organic Search,24,116,560.8,0.32,46,2,0,0.0,18,2,2,0.404,0,0.0,0.0,4.83,74.29,Engaged Non-Buyers,0,Product Researchers
CUST-100389,2025-02-16,United Kingdom,Desktop,Paid Search,4,12,45.7,0.732,5,0,0,0.0,62,0,1,0.406,0,0.0,0.0,3.0,19.89,One-time Visitors,3,Engaged Non-Buyers
CUST-100390,2025-01-01,France,Desktop,Organic Search,16,108,444.8,0.165,57,2,0,0.0,72,1,0,0.466,0,0.0,0.0,6.75,81.76,Product Researchers,0,Product Researchers
CUST-100391,2025-04-12,United States,Mobile,Paid Social,5,23,59.4,0.419,9,0,0,0.0,90,0,0,0.281,0,0.0,0.0,4.6,34.64,One-time Visitors,3,Engaged Non-Buyers
CUST-100392,2025-03-31,Canada,Desktop,Organic Search,15,100,406.1,0.618,57,1,1,64.47,31,2,1,0.662,0,0.0667,1.0,6.67,68.23,Product Researchers,4,Engaged Non-Buyers
CUST-100393,2025-02-23,Australia,Desktop,Organic Search,4,13,83.6,0.693,6,0,0,0.0,61,0,0,0.107,0,0.0,0.0,3.25,23.86,One-time Visitors,3,Engaged Non-Buyers
CUST-100394,2025-04-03,Australia,Tablet,Paid Social,18,93,285.8,0.134,40,7,4,190.08,13,0,1,0.638,1,0.2222,0.5714,5.17,64.39,Deal Seekers,4,Engaged Non-Buyers
CUST-100395,2025-05-23,United Kingdom,Desktop,Paid Social,17,81,637.4,0.266,37,6,0,0.0,13,3,2,0.321,1,0.0,0.0,4.76,74.64,Engaged Non-Buyers,0,Product Researchers
CUST-100396,2025-05-14,Germany,Desktop,Email,16,103,435.8,0.241,60,4,0,0.0,30,1,0,0.618,0,0.0,0.0,6.44,79.36,Product Researchers,0,Product Researchers
CUST-100397,2025-01-15,India,Mobile,Organic Search,22,96,348.7,0.295,37,4,0,0.0,43,1,1,0.819,1,0.0,0.0,4.36,60.08,Deal Seekers,4,Engaged Non-Buyers
CUST-100398,2025-03-21,United States,Desktop,Organic Search,11,85,592.5,0.495,58,4,1,57.98,49,5,2,0.066,1,0.0909,0.25,7.73,84.24,Product Researchers,0,Product Researchers
CUST-100399,2025-06-28,United Kingdom,Mobile,Paid Search,22,124,412.5,0.127,44,2,0,0.0,26,2,1,0.697,1,0.0,0.0,5.64,73.61,Engaged Non-Buyers,0,Product Researchers
CUST-100400,2025-02-04,United States,Tablet,Direct,2,7,93.9,0.725,3,0,0,0.0,161,0,0,0.476,0,0.0,0.0,3.5,23.44,One-time Visitors,3,Engaged Non-Buyers
CUST-100401,2025-04-02,Germany,Desktop,Direct,8,87,227.8,0.284,60,3,1,74.49,39,2,0,0.314,0,0.125,0.3333,10.88,72.77,Product Researchers,0,Product Researchers
CUST-100402,2025-03-02,Netherlands,Mobile,Email,16,94,329.4,0.337,44,5,1,86.81,31,7,2,0.81,1,0.0625,0.2,5.88,64.93,Deal Seekers,4,Engaged Non-Buyers
CUST-100403,2025-05-17,France,Mobile,Organic Search,13,91,358.5,0.129,59,3,0,0.0,54,0,2,0.416,1,0.0,0.0,7.0,79.74,Product Researchers,0,Product Researchers
CUST-100404,2025-05-18,Germany,Desktop,Email,13,71,506.9,0.357,41,2,0,0.0,55,2,2,0.332,1,0.0,0.0,5.46,71.09,Engaged Non-Buyers,0,Product Researchers
CUST-100405,2025-05-12,United Kingdom,Mobile,Direct,46,226,380.3,0.062,65,14,6,608.69,7,3,0,0.258,1,0.1304,0.4286,4.91,77.81,High Value Loyal,2,High Value Loyal Customers
CUST-100406,2025-01-02,India,Desktop,Paid Social,18,114,567.6,0.327,53,4,1,65.91,27,1,1,0.195,1,0.0556,0.25,6.33,81.31,Engaged Non-Buyers,0,Product Researchers
CUST-100407,2025-03-20,India,Tablet,Direct,18,112,630.1,0.153,52,2,0,0.0,52,1,1,0.161,1,0.0,0.0,6.22,86.62,Engaged Non-Buyers,0,Product Researchers
CUST-100408,2025-03-27,United Kingdom,Mobile,Paid Social,20,117,364.4,0.253,49,6,2,149.92,44,2,0,0.884,1,0.1,0.3333,5.85,70.25,Deal Seekers,4,Engaged Non-Buyers
CUST-100409,2025-04-23,United States,Tablet,Organic Search,18,77,504.7,0.201,29,9,2,122.92,21,2,0,0.826,0,0.1111,0.2222,4.28,67.51,Deal Seekers,4,Engaged Non-Buyers
CUST-100410,2025-02-20,France,Desktop,Organic Search,16,96,361.8,0.125,52,3,0,0.0,58,2,0,0.385,0,0.0,0.0,6.0,74.71,Product Researchers,0,Product Researchers
CUST-100411,2025-03-30,Australia,Mobile,Paid Social,3,15,147.1,0.795,6,1,0,0.0,55,0,0,0.009,0,0.0,0.0,5.0,29.94,One-time Visitors,3,Engaged Non-Buyers
CUST-100412,2025-04-26,Canada,Mobile,Organic Search,23,94,460.3,0.449,36,3,2,104.79,23,1,0,0.332,1,0.087,0.6667,4.09,60.63,Engaged Non-Buyers,4,Engaged Non-Buyers
CUST-100413,2025-02-21,Australia,Mobile,Referral,20,105,561.1,0.082,45,3,0,0.0,46,0,3,0.235,1,0.0,0.0,5.25,81.25,Engaged Non-Buyers,0,Product Researchers
CUST-100414,2025-01-18,United Kingdom,Mobile,Paid Social,20,97,446.1,0.38,51,1,1,66.7,43,4,0,0.838,1,0.05,1.0,4.85,68.66,Deal Seekers,4,Engaged Non-Buyers
CUST-100415,2025-06-03,Australia,Desktop,Paid Search,16,94,266.3,0.277,48,9,0,0.0,24,3,0,0.694,1,0.0,0.0,5.88,64.52,Deal Seekers,4,Engaged Non-Buyers
CUST-100416,2025-06-28,United Kingdom,Mobile,Organic Search,13,104,366.1,0.081,56,2,0,0.0,70,3,1,0.431,1,0.0,0.0,8.0,83.52,Product Researchers,0,Product Researchers
CUST-100417,2025-01-05,United States,Mobile,Paid Search,16,94,487.2,0.174,44,0,1,71.25,37,2,1,0.37,1,0.0625,0.0,5.88,76.92,Product Researchers,0,Product Researchers
CUST-100418,2025-04-16,United States,Mobile,Direct,2,11,45.3,0.722,8,0,0,0.0,49,0,0,0.265,1,0.0,0.0,5.5,28.86,One-time Visitors,3,Engaged Non-Buyers
CUST-100419,2025-06-12,Netherlands,Tablet,Organic Search,28,147,415.3,0.008,64,5,8,393.87,7,2,0,0.472,1,0.2857,1.0,5.25,81.65,High Value Loyal,2,High Value Loyal Customers
CUST-100420,2025-01-14,United Kingdom,Mobile,Organic Search,1,8,98.3,0.826,7,1,0,0.0,131,0,0,0.54,0,0.0,0.0,8.0,36.42,One-time Visitors,1,Low Engagement / At-Risk Visitors
CUST-100421,2025-04-30,United Kingdom,Mobile,Direct,24,121,437.9,0.537,56,5,1,28.96,52,3,2,0.272,1,0.0417,0.2,5.04,66.46,Engaged Non-Buyers,0,Product Researchers
CUST-100422,2025-02-01,United States,Mobile,Paid Social,16,74,406.3,0.271,39,4,0,0.0,37,2,4,0.079,1,0.0,0.0,4.62,64.98,Engaged Non-Buyers,0,Product Researchers
CUST-100423,2025-06-19,United Kingdom,Mobile,Organic Search,17,95,526.6,0.265,49,2,0,0.0,24,1,0,0.193,1,0.0,0.0,5.59,77.24,Engaged Non-Buyers,0,Product Researchers
CUST-100424,2025-06-26,United Kingdom,Mobile,Email,22,114,437.6,0.334,47,1,0,0.0,19,1,0,0.043,1,0.0,0.0,5.18,69.19,Engaged Non-Buyers,0,Product Researchers
CUST-100425,2025-03-11,Australia,Desktop,Organic Search,21,99,440.8,0.14,47,3,1,37.79,37,1,2,0.312,1,0.0476,0.3333,4.71,72.74,Engaged Non-Buyers,0,Product Researchers
CUST-100426,2025-06-14,India,Desktop,Organic Search,23,115,578.2,0.243,66,12,7,1048.75,13,1,0,0.263,1,0.3043,0.5833,5.0,83.46,High Value Loyal,2,High Value Loyal Customers
CUST-100427,2025-02-19,Germany,Mobile,Organic Search,16,70,551.1,0.233,37,2,0,0.0,19,3,1,0.353,1,0.0,0.0,4.38,71.79,Engaged Non-Buyers,0,Product Researchers
CUST-100428,2025-05-06,United States,Desktop,Referral,21,104,418.1,0.187,43,12,5,209.68,4,1,1,0.748,1,0.2381,0.4167,4.95,69.95,Deal Seekers,4,Engaged Non-Buyers
CUST-100429,2025-05-05,United States,Mobile,Paid Search,16,94,313.3,0.508,36,1,1,73.19,23,1,0,0.845,1,0.0625,1.0,5.88,57.4,Deal Seekers,4,Engaged Non-Buyers
CUST-100430,2025-03-01,United Kingdom,Tablet,Direct,17,111,503.7,0.332,59,1,0,0.0,24,1,0,0.151,1,0.0,0.0,6.53,80.44,Product Researchers,0,Product Researchers
CUST-100431,2025-03-15,Australia,Mobile,Direct,13,66,500.6,0.422,41,3,0,0.0,56,2,0,0.486,1,0.0,0.0,5.08,67.95,Engaged Non-Buyers,0,Product Researchers
CUST-100432,2025-04-16,Germany,Mobile,Email,4,16,146.6,0.687,9,0,0,0.0,88,0,0,0.169,0,0.0,0.0,4.0,30.43,One-time Visitors,3,Engaged Non-Buyers
CUST-100433,2025-02-16,Canada,Mobile,Organic Search,19,96,394.5,0.096,40,6,0,0.0,43,0,0,0.747,1,0.0,0.0,5.05,70.42,Deal Seekers,0,Product Researchers
CUST-100434,2025-05-23,India,Desktop,Direct,17,100,302.4,0.314,48,0,1,54.24,26,0,3,0.328,1,0.0588,0.0,5.88,65.41,Product Researchers,0,Product Researchers
CUST-100435,2025-03-01,United States,Mobile,Email,16,81,409.8,0.237,32,2,0,0.0,59,1,0,0.397,0,0.0,0.0,5.06,65.24,Engaged Non-Buyers,0,Product Researchers
CUST-100436,2025-02-18,United Kingdom,Desktop,Paid Search,20,114,458.9,0.17,45,2,0,0.0,46,2,1,0.175,0,0.0,0.0,5.7,75.34,Engaged Non-Buyers,0,Product Researchers
CUST-100437,2025-03-04,United States,Mobile,Direct,36,205,368.8,0.054,73,17,8,664.04,2,5,1,0.07,1,0.2222,0.4706,5.69,79.9,High Value Loyal,2,High Value Loyal Customers
CUST-100438,2025-04-18,United Kingdom,Desktop,Direct,21,93,427.2,0.224,34,3,0,0.0,32,2,0,0.81,1,0.0,0.0,4.43,65.07,Deal Seekers,4,Engaged Non-Buyers
CUST-100439,2025-02-27,India,Mobile,Direct,11,88,448.2,0.31,49,3,1,56.03,59,2,1,0.305,1,0.0909,0.3333,8.0,79.74,Product Researchers,0,Product Researchers
CUST-100440,2025-01-28,India,Desktop,Direct,18,77,353.7,0.165,33,5,1,28.41,42,1,1,0.851,1,0.0556,0.2,4.28,62.08,Deal Seekers,4,Engaged Non-Buyers
CUST-100441,2025-03-23,France,Mobile,Display,10,81,427.3,0.407,57,0,0,0.0,54,4,0,0.276,1,0.0,0.0,8.1,78.73,Product Researchers,0,Product Researchers
CUST-100442,2025-04-11,Canada,Tablet,Organic Search,14,78,325.5,0.335,36,4,1,60.04,36,2,2,0.508,1,0.0714,0.25,5.57,61.38,Deal Seekers,4,Engaged Non-Buyers
CUST-100443,2025-06-10,Canada,Mobile,Direct,20,108,157.2,0.159,52,3,0,0.0,37,2,1,0.474,1,0.0,0.0,5.4,61.77,Product Researchers,0,Product Researchers
CUST-100444,2025-05-16,Germany,Mobile,Direct,15,83,367.3,0.299,49,3,1,52.48,37,2,2,0.121,1,0.0667,0.3333,5.53,68.27,Engaged Non-Buyers,0,Product Researchers
CUST-100445,2025-03-01,United States,Mobile,Direct,18,107,552.3,0.521,44,2,0,0.0,23,0,2,0.417,1,0.0,0.0,5.94,71.7,Engaged Non-Buyers,0,Product Researchers
CUST-100446,2025-01-29,Canada,Mobile,Paid Social,26,132,495.9,0.534,52,11,4,436.09,7,2,0,0.273,1,0.1538,0.3636,5.08,68.32,High Value Loyal,2,High Value Loyal Customers
CUST-100447,2025-04-28,Germany,Desktop,Direct,10,77,335.2,0.524,50,10,1,73.55,41,2,0,0.778,1,0.1,0.1,7.7,68.1,Deal Seekers,4,Engaged Non-Buyers
CUST-100448,2025-05-31,United Kingdom,Mobile,Direct,19,121,442.9,0.348,58,2,1,56.28,73,0,1,0.405,0,0.0526,0.5,6.37,76.18,Product Researchers,0,Product Researchers
CUST-100449,2025-04-03,France,Mobile,Email,3,12,132.0,0.769,5,0,0,0.0,49,0,0,0.171,0,0.0,0.0,4.0,26.41,One-time Visitors,3,Engaged Non-Buyers
CUST-100450,2025-04-27,Canada,Tablet,Referral,20,107,457.2,0.16,58,2,0,0.0,14,3,0,0.866,0,0.0,0.0,5.35,78.42,Product Researchers,0,Product Researchers
CUST-100451,2025-05-10,Germany,Mobile,Organic Search,19,92,374.2,0.445,36,6,4,355.72,42,3,0,0.784,1,0.2105,0.6667,4.84,58.78,Deal Seekers,4,Engaged Non-Buyers
CUST-100452,2025-02-19,India,Desktop,Organic Search,22,89,336.1,0.283,35,7,0,0.0,36,3,0,0.679,1,0.0,0.0,4.05,58.13,Deal Seekers,4,Engaged Non-Buyers
CUST-100453,2025-05-08,United Kingdom,Desktop,Paid Search,22,98,464.3,0.273,38,11,3,212.64,4,2,0,0.808,0,0.1364,0.2727,4.45,67.01,Deal Seekers,4,Engaged Non-Buyers
CUST-100454,2025-04-14,India,Desktop,Email,17,81,403.7,0.115,40,1,1,63.23,45,4,1,0.448,1,0.0588,1.0,4.76,69.52,Engaged Non-Buyers,4,Engaged Non-Buyers
CUST-100455,2025-01-27,United States,Tablet,Direct,1,8,35.8,0.845,6,0,0,0.0,177,0,1,0.174,0,0.0,0.0,8.0,32.51,One-time Visitors,1,Low Engagement / At-Risk Visitors
CUST-100456,2025-02-10,Australia,Desktop,Organic Search,13,89,580.7,0.117,47,0,1,78.22,57,1,2,0.616,1,0.0769,0.0,6.85,86.96,Product Researchers,0,Product Researchers
CUST-100457,2025-03-21,India,Desktop,Organic Search,3,13,67.1,0.827,7,0,0,0.0,72,0,0,0.547,1,0.0,0.0,4.33,23.38,One-time Visitors,3,Engaged Non-Buyers
CUST-100458,2025-01-06,India,Mobile,Paid Search,13,107,325.8,0.208,61,4,0,0.0,9,2,2,0.135,1,0.0,0.0,8.23,79.87,Product Researchers,0,Product Researchers
CUST-100459,2025-04-04,United Kingdom,Desktop,Referral,18,107,355.7,0.121,52,0,0,0.0,55,0,0,0.551,1,0.0,0.0,5.94,74.34,Product Researchers,0,Product Researchers
CUST-100460,2025-03-27,Netherlands,Desktop,Organic Search,18,112,427.2,0.199,51,2,0,0.0,55,3,2,0.413,0,0.0,0.0,6.22,76.53,Product Researchers,0,Product Researchers
CUST-100461,2025-04-21,United Kingdom,Mobile,Organic Search,13,100,334.3,0.549,60,4,1,57.16,35,0,0,0.501,0,0.0769,0.25,7.69,70.48,Product Researchers,0,Product Researchers
CUST-100462,2025-03-09,France,Desktop,Paid Search,28,130,385.1,0.355,54,5,0,0.0,49,3,0,0.447,1,0.0,0.0,4.64,66.51,Engaged Non-Buyers,0,Product Researchers
CUST-100463,2025-01-05,United Kingdom,Mobile,Paid Search,5,19,60.7,0.647,4,0,0,0.0,173,0,0,0.334,0,0.0,0.0,3.8,24.98,One-time Visitors,3,Engaged Non-Buyers
CUST-100464,2025-02-17,United Kingdom,Desktop,Paid Search,20,103,456.9,0.193,43,6,0,0.0,30,2,2,0.349,1,0.0,0.0,5.15,72.35,Engaged Non-Buyers,0,Product Researchers
CUST-100465,2025-03-27,United Kingdom,Mobile,Organic Search,36,171,593.1,0.27,75,9,9,1006.31,2,0,1,0.24,1,0.25,1.0,4.75,82.75,High Value Loyal,2,High Value Loyal Customers
CUST-100466,2025-04-22,United Kingdom,Mobile,Paid Search,15,91,414.3,0.18,55,0,0,0.0,18,3,1,0.668,1,0.0,0.0,6.07,77.1,Product Researchers,0,Product Researchers
CUST-100467,2025-01-17,Australia,Mobile,Email,15,98,406.6,0.195,51,1,0,0.0,56,1,4,0.058,0,0.0,0.0,6.53,76.57,Product Researchers,0,Product Researchers
CUST-100468,2025-03-13,India,Mobile,Paid Search,29,147,570.8,0.306,60,13,5,584.05,6,1,0,0.13,1,0.1724,0.3846,5.07,80.18,High Value Loyal,2,High Value Loyal Customers
CUST-100469,2025-03-05,United Kingdom,Mobile,Organic Search,19,90,649.9,0.289,41,3,0,0.0,51,2,0,0.674,1,0.0,0.0,4.74,75.2,Product Researchers,0,Product Researchers
CUST-100470,2025-03-21,Germany,Mobile,Organic Search,31,160,360.8,0.226,61,14,6,492.26,7,3,0,0.129,1,0.1935,0.4286,5.16,72.28,High Value Loyal,2,High Value Loyal Customers
CUST-100471,2025-04-20,United States,Mobile,Organic Search,23,103,307.7,0.104,47,6,2,93.42,40,3,1,0.507,0,0.087,0.3333,4.48,66.24,Deal Seekers,4,Engaged Non-Buyers
CUST-100472,2025-06-27,India,Mobile,Direct,5,22,88.9,0.675,4,0,0,0.0,137,0,0,0.152,0,0.0,0.0,4.4,27.56,One-time Visitors,3,Engaged Non-Buyers
CUST-100473,2025-01-10,United Kingdom,Desktop,Organic Search,1,11,177.0,0.67,6,0,0,0.0,161,0,0,0.213,0,0.0,0.0,11.0,43.95,One-time Visitors,1,Low Engagement / At-Risk Visitors
CUST-100474,2025-05-07,France,Desktop,Paid Search,3,14,25.6,0.877,3,1,0,0.0,127,0,0,0.287,0,0.0,0.0,4.67,19.86,One-time Visitors,3,Engaged Non-Buyers
CUST-100475,2025-03-30,Australia,Desktop,Paid Social,25,139,451.3,0.121,66,14,3,258.96,8,5,0,0.25,1,0.12,0.2143,5.56,81.92,High Value Loyal,2,High Value Loyal Customers
CUST-100476,2025-06-12,United States,Mobile,Organic Search,15,76,333.6,0.324,30,10,0,0.0,26,5,1,0.878,1,0.0,0.0,5.07,58.65,Deal Seekers,4,Engaged Non-Buyers
CUST-100477,2025-04-02,United Kingdom,Desktop,Organic Search,32,161,520.9,0.262,69,20,8,926.5,5,2,1,0.438,1,0.25,0.4,5.03,80.23,High Value Loyal,2,High Value Loyal Customers
CUST-100478,2025-03-03,Germany,Mobile,Organic Search,29,152,489.6,0.117,59,10,2,240.58,5,1,3,0.39,1,0.069,0.2,5.24,81.09,High Value Loyal,2,High Value Loyal Customers
CUST-100479,2025-05-13,United States,Mobile,Organic Search,31,143,528.1,0.131,55,6,5,367.71,9,1,0,0.254,1,0.1613,0.8333,4.61,79.47,High Value Loyal,2,High Value Loyal Customers
CUST-100480,2025-04-18,United Kingdom,Mobile,Organic Search,21,106,631.5,0.354,43,2,0,0.0,60,2,1,0.375,1,0.0,0.0,5.05,75.15,Engaged Non-Buyers,0,Product Researchers
CUST-100481,2025-03-24,India,Mobile,Organic Search,16,73,542.9,0.397,23,3,0,0.0,30,2,1,0.459,1,0.0,0.0,4.56,63.56,Engaged Non-Buyers,0,Product Researchers
CUST-100482,2025-02-23,Netherlands,Desktop,Referral,17,103,330.8,0.155,44,6,2,98.65,12,1,1,0.618,1,0.1176,0.3333,6.06,70.15,Deal Seekers,4,Engaged Non-Buyers
CUST-100483,2025-06-15,Netherlands,Mobile,Paid Search,16,97,342.0,0.082,42,4,1,60.23,43,2,2,0.674,1,0.0625,0.25,6.06,71.91,Deal Seekers,4,Engaged Non-Buyers
CUST-100484,2025-01-26,Netherlands,Desktop,Organic Search,22,112,495.6,0.196,38,2,0,0.0,43,0,3,0.253,1,0.0,0.0,5.09,72.49,Engaged Non-Buyers,0,Product Researchers
CUST-100485,2025-04-29,United States,Mobile,Organic Search,13,84,415.2,0.375,54,6,0,0.0,43,1,0,0.281,1,0.0,0.0,6.46,73.19,Product Researchers,0,Product Researchers
CUST-100486,2025-04-12,Canada,Mobile,Paid Search,23,124,518.3,0.169,49,1,0,0.0,31,2,0,0.47,1,0.0,0.0,5.39,78.6,Product Researchers,0,Product Researchers
CUST-100487,2025-02-14,Canada,Mobile,Organic Search,15,93,499.0,0.151,51,1,1,57.25,13,7,0,0.794,1,0.0667,1.0,6.2,81.25,Product Researchers,4,Engaged Non-Buyers
CUST-100488,2025-02-21,Netherlands,Mobile,Display,18,99,490.5,0.103,41,9,1,102.4,27,3,1,0.95,1,0.0556,0.1111,5.5,76.76,Deal Seekers,4,Engaged Non-Buyers
CUST-100489,2025-05-21,United Kingdom,Tablet,Email,5,19,70.9,0.729,5,0,0,0.0,177,0,0,0.37,0,0.0,0.0,3.8,23.73,One-time Visitors,3,Engaged Non-Buyers
CUST-100490,2025-02-11,France,Mobile,Organic Search,2,10,86.0,0.906,4,0,0,0.0,50,0,0,0.498,0,0.0,0.0,5.0,23.5,One-time Visitors,3,Engaged Non-Buyers
CUST-100491,2025-02-06,United States,Mobile,Organic Search,16,98,391.4,0.646,58,3,0,0.0,16,0,0,0.52,1,0.0,0.0,6.12,65.41,Product Researchers,0,Product Researchers
CUST-100492,2025-05-12,United States,Mobile,Organic Search,13,96,353.0,0.208,55,2,1,67.51,40,4,2,0.192,1,0.0769,0.5,7.38,77.44,Engaged Non-Buyers,0,Product Researchers
CUST-100493,2025-01-16,France,Desktop,Organic Search,36,149,545.9,0.274,59,12,6,719.93,14,4,1,0.044,1,0.1667,0.5,4.14,76.53,High Value Loyal,2,High Value Loyal Customers
CUST-100494,2025-06-22,Australia,Desktop,Organic Search,2,13,78.2,0.935,6,0,0,0.0,156,0,0,0.243,1,0.0,0.0,6.5,27.68,One-time Visitors,3,Engaged Non-Buyers
CUST-100495,2025-02-16,United Kingdom,Mobile,Organic Search,24,117,350.7,0.276,46,2,0,0.0,19,0,0,0.203,1,0.0,0.0,4.88,65.01,Engaged Non-Buyers,0,Product Researchers
CUST-100496,2025-03-01,United Kingdom,Mobile,Organic Search,31,152,541.5,0.431,61,15,9,1001.19,4,2,2,0.266,1,0.2903,0.6,4.9,75.4,High Value Loyal,2,High Value Loyal Customers
CUST-100497,2025-01-06,France,Mobile,Referral,18,92,295.5,0.341,40,2,0,0.0,72,2,0,0.54,1,0.0,0.0,5.11,59.54,Product Researchers,0,Product Researchers
CUST-100498,2025-06-19,India,Mobile,Organic Search,4,17,128.3,0.951,7,1,0,0.0,158,1,0,0.187,0,0.0,0.0,4.25,23.06,One-time Visitors,3,Engaged Non-Buyers
CUST-100499,2025-01-10,United Kingdom,Mobile,Direct,16,95,431.8,0.569,40,6,1,58.61,8,0,1,0.745,1,0.0625,0.1667,5.94,63.22,Deal Seekers,4,Engaged Non-Buyers
CUST-100500,2025-04-24,Germany,Desktop,Organic Search,22,113,557.2,0.153,58,0,1,57.76,38,2,1,0.187,1,0.0455,0.0,5.14,82.93,Engaged Non-Buyers,0,Product Researchers
CUST-100501,2025-03-14,India,Mobile,Paid Search,15,101,346.3,0.411,46,3,0,0.0,31,3,0,0.334,1,0.0,0.0,6.73,67.24,Product Researchers,0,Product Researchers
CUST-100502,2025-05-08,France,Mobile,Organic Search,15,97,484.6,0.243,58,2,0,0.0,23,1,2,0.25,1,0.0,0.0,6.47,81.22,Product Researchers,0,Product Researchers
CUST-100503,2025-04-03,Canada,Desktop,Organic Search,20,78,539.5,0.221,32,4,0,0.0,11,1,1,0.344,1,0.0,0.0,3.9,68.48,Engaged Non-Buyers,0,Product Researchers
CUST-100504,2025-06-29,Australia,Mobile,Organic Search,30,136,711.9,0.082,54,9,3,264.15,7,4,1,0.104,1,0.1,0.3333,4.53,83.73,High Value Loyal,2,High Value Loyal Customers
CUST-100505,2025-02-13,Canada,Desktop,Organic Search,20,95,524.8,0.231,43,2,0,0.0,38,0,0,0.418,1,0.0,0.0,4.75,73.54,Engaged Non-Buyers,0,Product Researchers
CUST-100506,2025-03-31,United Kingdom,Mobile,Paid Social,26,157,337.2,0.09,72,13,5,648.36,6,2,0,0.322,1,0.1923,0.3846,6.04,78.48,High Value Loyal,2,High Value Loyal Customers
CUST-100507,2025-06-25,Australia,Desktop,Paid Search,13,85,415.3,0.037,48,2,1,71.96,34,3,1,0.302,1,0.0769,0.5,6.54,80.03,Product Researchers,0,Product Researchers
CUST-100508,2025-02-12,United States,Mobile,Paid Search,8,85,443.3,0.183,54,1,1,59.31,60,4,0,0.631,1,0.125,1.0,10.62,84.22,Product Researchers,4,Engaged Non-Buyers
CUST-100509,2025-04-01,United Kingdom,Mobile,Paid Social,17,108,476.5,0.297,50,2,0,0.0,50,2,2,0.225,1,0.0,0.0,6.35,76.63,Product Researchers,0,Product Researchers
CUST-100510,2025-06-27,United States,Mobile,Display,24,140,468.7,0.41,61,9,6,595.9,12,3,2,0.11,1,0.25,0.6667,5.83,75.19,High Value Loyal,2,High Value Loyal Customers
CUST-100511,2025-01-26,United Kingdom,Mobile,Organic Search,17,89,370.8,0.165,45,4,0,0.0,32,5,3,0.573,1,0.0,0.0,5.24,69.62,Deal Seekers,0,Product Researchers
CUST-100512,2025-02-10,United Kingdom,Mobile,Paid Search,12,83,403.0,0.292,45,6,3,220.41,25,3,0,0.583,1,0.25,0.5,6.92,73.32,Deal Seekers,4,Engaged Non-Buyers
CUST-100513,2025-03-15,France,Mobile,Organic Search,17,90,267.0,0.275,45,1,2,109.01,5,2,0,0.478,0,0.1176,1.0,5.29,61.87,Engaged Non-Buyers,4,Engaged Non-Buyers
CUST-100514,2025-03-29,United States,Desktop,Referral,15,97,532.4,0.462,39,2,0,0.0,14,1,1,0.224,1,0.0,0.0,6.47,72.27,Engaged Non-Buyers,0,Product Researchers
CUST-100515,2025-05-17,United States,Desktop,Referral,2,6,61.8,0.887,2,1,0,0.0,110,0,0,0.448,0,0.0,0.0,3.0,15.9,One-time Visitors,3,Engaged Non-Buyers
CUST-100516,2025-03-09,France,Mobile,Direct,16,95,412.0,0.164,51,1,0,0.0,6,3,0,0.319,0,0.0,0.0,5.94,75.74,Engaged Non-Buyers,0,Product Researchers
CUST-100517,2025-04-06,United Kingdom,Mobile,Display,21,102,486.1,0.176,43,2,0,0.0,15,1,1,0.189,1,0.0,0.0,4.86,73.3,Engaged Non-Buyers,0,Product Researchers
CUST-100518,2025-01-16,United Kingdom,Desktop,Referral,18,121,543.7,0.214,63,1,1,93.28,14,2,1,0.763,0,0.0556,1.0,6.72,87.23,Product Researchers,4,Engaged Non-Buyers
CUST-100519,2025-06-02,Canada,Desktop,Paid Search,24,140,431.2,0.145,63,10,5,405.17,6,1,0,0.26,1,0.2083,0.5,5.83,80.54,High Value Loyal,2,High Value Loyal Customers
CUST-100520,2025-03-11,Canada,Mobile,Paid Search,6,27,74.7,0.577,6,1,0,0.0,47,0,0,0.211,0,0.0,0.0,4.5,30.21,One-time Visitors,3,Engaged Non-Buyers
CUST-100521,2025-06-18,United States,Desktop,Organic Search,24,133,200.9,0.193,42,11,5,410.81,41,2,0,0.803,1,0.2083,0.4545,5.54,60.46,Deal Seekers,4,Engaged Non-Buyers
CUST-100522,2025-02-10,Germany,Tablet,Direct,26,144,585.9,0.296,58,13,7,588.88,6,1,1,0.206,1,0.2692,0.5385,5.54,82.05,High Value Loyal,2,High Value Loyal Customers
CUST-100523,2025-01-20,United Kingdom,Mobile,Organic Search,17,100,473.6,0.186,40,9,0,0.0,52,1,2,0.391,1,0.0,0.0,5.88,74.72,Engaged Non-Buyers,0,Product Researchers
CUST-100524,2025-01-17,United Kingdom,Mobile,Paid Search,17,101,716.7,0.211,41,2,0,0.0,42,2,0,0.09,1,0.0,0.0,5.94,80.91,Engaged Non-Buyers,0,Product Researchers
CUST-100525,2025-01-07,Australia,Mobile,Referral,20,118,409.2,0.188,59,1,0,0.0,15,4,4,0.38,1,0.0,0.0,5.9,77.35,Product Researchers,0,Product Researchers
CUST-100526,2025-03-13,United Kingdom,Mobile,Paid Social,4,20,105.1,0.751,8,0,0,0.0,48,0,0,0.401,0,0.0,0.0,5.0,29.56,One-time Visitors,3,Engaged Non-Buyers
CUST-100527,2025-03-17,Netherlands,Desktop,Paid Social,3,15,99.5,0.695,5,1,0,0.0,100,0,0,0.085,0,0.0,0.0,5.0,29.78,One-time Visitors,3,Engaged Non-Buyers
CUST-100528,2025-02-10,United Kingdom,Mobile,Email,20,111,371.6,0.247,48,3,1,58.94,49,2,1,0.353,0,0.05,0.3333,5.55,69.53,Engaged Non-Buyers,0,Product Researchers
CUST-100529,2025-04-18,Canada,Mobile,Direct,12,92,479.1,0.238,62,3,0,0.0,13,3,0,0.423,1,0.0,0.0,7.67,86.04,Product Researchers,0,Product Researchers
CUST-100530,2025-05-02,United Kingdom,Mobile,Organic Search,3,12,29.5,0.752,6,0,0,0.0,172,0,0,0.361,0,0.0,0.0,4.0,22.01,One-time Visitors,3,Engaged Non-Buyers
CUST-100531,2025-05-12,United Kingdom,Tablet,Email,23,124,433.2,0.176,43,4,2,199.62,7,2,0,0.77,1,0.087,0.5,5.39,72.33,Deal Seekers,4,Engaged Non-Buyers
CUST-100532,2025-04-26,United Kingdom,Mobile,Direct,23,125,261.3,0.181,42,10,2,116.36,41,2,1,0.842,1,0.087,0.2,5.43,63.45,Deal Seekers,4,Engaged Non-Buyers
CUST-100533,2025-06-28,United Kingdom,Mobile,Email,12,89,523.3,0.365,53,4,0,0.0,69,4,1,0.364,0,0.0,0.0,7.42,81.52,Product Researchers,0,Product Researchers
CUST-100534,2025-05-28,United States,Mobile,Email,15,79,335.0,0.251,43,4,1,36.54,33,3,0,0.823,1,0.0667,0.25,5.27,65.18,Deal Seekers,4,Engaged Non-Buyers
CUST-100535,2025-01-13,Canada,Tablet,Paid Social,24,134,525.1,0.303,57,12,6,602.97,7,1,0,0.158,1,0.25,0.5,5.58,78.67,High Value Loyal,2,High Value Loyal Customers
CUST-100536,2025-04-24,India,Desktop,Organic Search,15,77,514.2,0.253,39,2,0,0.0,72,0,1,0.604,1,0.0,0.0,5.13,72.43,Product Researchers,0,Product Researchers
CUST-100537,2025-02-27,United Kingdom,Mobile,Paid Social,7,27,123.1,0.88,7,0,0,0.0,70,0,0,0.159,0,0.0,0.0,3.86,23.37,One-time Visitors,3,Engaged Non-Buyers
CUST-100538,2025-01-24,United Kingdom,Desktop,Email,18,102,221.7,0.213,43,7,5,360.24,19,2,0,0.738,1,0.2778,0.7143,5.67,61.69,Deal Seekers,4,Engaged Non-Buyers
CUST-100539,2025-04-18,United Kingdom,Tablet,Organic Search,22,101,420.2,0.324,35,3,1,31.1,61,3,1,0.174,0,0.0455,0.3333,4.59,63.02,Engaged Non-Buyers,0,Product Researchers
CUST-100540,2025-05-01,India,Mobile,Email,3,8,108.7,0.784,3,0,0,0.0,177,1,0,0.476,1,0.0,0.0,2.67,20.09,One-time Visitors,3,Engaged Non-Buyers
CUST-100541,2025-01-30,United Kingdom,Mobile,Organic Search,3,19,112.7,0.675,11,0,0,0.0,54,0,0,0.259,0,0.0,0.0,6.33,36.94,One-time Visitors,3,Engaged Non-Buyers
CUST-100542,2025-06-10,United Kingdom,Mobile,Display,22,117,602.4,0.32,43,5,1,61.64,38,1,2,0.078,1,0.0455,0.2,5.32,76.85,Engaged Non-Buyers,0,Product Researchers
CUST-100543,2025-05-30,United Kingdom,Mobile,Paid Social,37,172,519.0,0.274,56,6,1,157.75,13,1,3,0.023,1,0.027,0.1667,4.65,75.87,High Value Loyal,0,Product Researchers
CUST-100544,2025-05-21,United Kingdom,Mobile,Paid Search,15,106,473.0,0.133,47,7,1,55.6,24,1,2,0.61,1,0.0667,0.1429,7.07,81.87,Deal Seekers,0,Product Researchers
CUST-100545,2025-02-20,United Kingdom,Mobile,Paid Social,20,101,485.5,0.294,38,3,0,0.0,49,0,0,0.383,1,0.0,0.0,5.05,69.41,Engaged Non-Buyers,0,Product Researchers
CUST-100546,2025-06-11,India,Mobile,Organic Search,23,120,433.3,0.42,47,3,0,0.0,57,0,0,0.293,1,0.0,0.0,5.22,66.93,Engaged Non-Buyers,0,Product Researchers
CUST-100547,2025-05-08,United States,Desktop,Organic Search,34,179,419.3,0.101,69,15,7,669.12,7,3,0,0.336,1,0.2059,0.4667,5.26,79.89,High Value Loyal,2,High Value Loyal Customers
CUST-100548,2025-01-11,India,Mobile,Paid Search,2,13,89.1,0.717,10,0,0,0.0,110,0,0,0.278,0,0.0,0.0,6.5,34.91,One-time Visitors,3,Engaged Non-Buyers
CUST-100549,2025-06-25,Canada,Tablet,Direct,30,166,521.6,0.162,73,13,4,480.62,11,1,1,0.224,1,0.1333,0.3077,5.53,84.32,High Value Loyal,2,High Value Loyal Customers
CUST-100550,2025-04-12,Australia,Mobile,Paid Search,22,131,431.4,0.234,75,7,4,520.43,2,0,2,0.153,1,0.1818,0.5714,5.95,79.33,High Value Loyal,2,High Value Loyal Customers
CUST-100551,2025-05-19,Canada,Mobile,Organic Search,23,112,418.5,0.183,47,8,3,271.76,2,0,0,0.355,1,0.1304,0.375,4.87,71.02,High Value Loyal,4,Engaged Non-Buyers
CUST-100552,2025-06-09,Germany,Mobile,Paid Search,14,105,344.2,0.665,43,4,1,69.19,20,2,3,0.795,1,0.0714,0.25,7.5,62.25,Deal Seekers,4,Engaged Non-Buyers
CUST-100553,2025-03-02,India,Mobile,Email,13,99,507.6,0.11,54,4,0,0.0,45,3,2,0.442,1,0.0,0.0,7.62,88.05,Product Researchers,0,Product Researchers
CUST-100554,2025-03-05,United States,Mobile,Organic Search,20,96,523.6,0.22,51,3,1,82.25,26,1,1,0.242,1,0.05,0.3333,4.8,76.37,Engaged Non-Buyers,0,Product Researchers
CUST-100555,2025-03-22,United Kingdom,Mobile,Display,20,117,434.3,0.244,40,3,1,75.49,10,0,0,0.663,0,0.05,0.3333,5.85,71.2,Product Researchers,4,Engaged Non-Buyers
CUST-100556,2025-01-18,United Kingdom,Desktop,Direct,49,226,679.4,0.285,73,12,3,369.38,14,1,0,0.235,1,0.0612,0.25,4.61,82.29,High Value Loyal,2,High Value Loyal Customers
CUST-100557,2025-03-12,Germany,Desktop,Organic Search,20,113,388.7,0.413,45,8,6,338.28,16,4,0,0.876,1,0.3,0.75,5.65,65.61,Deal Seekers,4,Engaged Non-Buyers
CUST-100558,2025-02-12,United Kingdom,Mobile,Email,30,129,464.1,0.204,58,13,3,355.3,10,1,0,0.167,1,0.1,0.2308,4.3,74.39,High Value Loyal,2,High Value Loyal Customers
CUST-100559,2025-02-20,United States,Desktop,Direct,21,126,499.2,0.312,60,9,9,1203.0,13,3,3,0.434,1,0.4286,1.0,6.0,79.37,High Value Loyal,2,High Value Loyal Customers
CUST-100560,2025-06-10,India,Mobile,Display,14,103,449.9,0.272,58,3,0,0.0,16,1,0,0.407,0,0.0,0.0,7.36,81.54,Product Researchers,0,Product Researchers
CUST-100561,2025-04-18,United States,Mobile,Paid Social,11,75,288.7,0.251,49,0,0,0.0,27,3,1,0.657,1,0.0,0.0,6.82,69.54,Product Researchers,0,Product Researchers
CUST-100562,2025-04-03,United Kingdom,Mobile,Organic Search,16,78,326.9,0.464,44,3,4,256.77,43,1,0,0.669,1,0.25,1.0,4.88,58.52,Deal Seekers,4,Engaged Non-Buyers
CUST-100563,2025-03-02,United States,Mobile,Paid Search,14,106,431.7,0.2,51,3,1,78.71,72,3,3,0.277,1,0.0714,0.3333,7.57,80.95,Product Researchers,0,Product Researchers
CUST-100564,2025-05-17,Canada,Mobile,Direct,26,149,477.0,0.111,70,4,4,444.0,9,2,1,0.224,1,0.1538,1.0,5.73,83.99,High Value Loyal,2,High Value Loyal Customers
CUST-100565,2025-05-13,United Kingdom,Mobile,Email,3,15,70.2,0.899,6,0,0,0.0,140,0,0,0.066,0,0.0,0.0,5.0,23.49,One-time Visitors,3,Engaged Non-Buyers
CUST-100566,2025-03-13,United Kingdom,Desktop,Organic Search,17,109,555.7,0.44,59,1,0,0.0,51,3,0,0.425,1,0.0,0.0,6.41,79.98,Product Researchers,0,Product Researchers
CUST-100567,2025-02-14,United Kingdom,Desktop,Direct,21,102,392.1,0.567,46,6,1,53.99,23,2,0,0.785,1,0.0476,0.1667,4.86,59.77,Deal Seekers,4,Engaged Non-Buyers
CUST-100568,2025-01-01,United Kingdom,Tablet,Paid Social,15,93,408.9,0.556,49,1,0,0.0,60,0,1,0.464,1,0.0,0.0,6.2,66.0,Product Researchers,0,Product Researchers
CUST-100569,2025-02-19,United States,Mobile,Direct,21,92,439.2,0.239,34,10,2,86.58,14,1,1,0.993,1,0.0952,0.2,4.38,65.13,Deal Seekers,4,Engaged Non-Buyers
CUST-100570,2025-03-16,Netherlands,Mobile,Organic Search,27,128,196.2,0.153,42,10,1,57.52,3,0,2,0.882,0,0.037,0.1,4.74,58.71,Deal Seekers,4,Engaged Non-Buyers
CUST-100571,2025-03-27,France,Mobile,Paid Social,29,160,423.7,0.146,69,20,8,798.36,2,1,1,0.363,1,0.2759,0.4,5.52,79.78,High Value Loyal,2,High Value Loyal Customers
CUST-100572,2025-06-04,Netherlands,Desktop,Paid Social,3,10,108.6,0.834,7,1,0,0.0,86,1,1,0.201,0,0.0,0.0,3.33,22.16,One-time Visitors,3,Engaged Non-Buyers
CUST-100573,2025-04-10,United Kingdom,Mobile,Paid Search,20,110,272.9,0.322,47,9,3,209.01,29,3,1,0.636,1,0.15,0.3333,5.5,62.24,Deal Seekers,4,Engaged Non-Buyers
CUST-100574,2025-03-17,United Kingdom,Mobile,Email,17,86,500.0,0.197,40,2,0,0.0,16,3,0,0.234,1,0.0,0.0,5.06,73.2,Engaged Non-Buyers,0,Product Researchers
CUST-100575,2025-03-06,United Kingdom,Mobile,Paid Search,14,88,413.0,0.204,52,1,1,57.13,71,2,0,0.672,1,0.0714,1.0,6.29,76.18,Product Researchers,4,Engaged Non-Buyers
CUST-100576,2025-02-13,Germany,Mobile,Organic Search,31,144,572.4,0.07,72,13,7,500.32,11,1,2,0.148,1,0.2258,0.5385,4.65,86.39,High Value Loyal,2,High Value Loyal Customers
CUST-100577,2025-02-18,India,Mobile,Organic Search,3,13,82.6,0.504,7,0,0,0.0,173,1,0,0.117,0,0.0,0.0,4.33,32.23,One-time Visitors,3,Engaged Non-Buyers
CUST-100578,2025-06-17,Canada,Mobile,Organic Search,1,9,65.0,0.592,6,0,0,0.0,63,0,0,0.126,0,0.0,0.0,9.0,40.3,One-time Visitors,1,Low Engagement / At-Risk Visitors
CUST-100579,2025-06-23,United Kingdom,Tablet,Referral,17,114,475.3,0.146,48,3,0,0.0,29,1,2,0.128,1,0.0,0.0,6.71,80.83,Engaged Non-Buyers,0,Product Researchers
CUST-100580,2025-03-02,United States,Mobile,Paid Search,29,150,389.2,0.147,70,6,10,911.96,6,4,1,0.093,1,0.3448,1.0,5.17,76.95,High Value Loyal,2,High Value Loyal Customers
CUST-100581,2025-04-07,Netherlands,Mobile,Paid Search,3,12,64.0,0.693,5,0,0,0.0,99,0,0,0.183,1,0.0,0.0,4.0,24.92,One-time Visitors,3,Engaged Non-Buyers
CUST-100582,2025-03-25,United States,Desktop,Display,21,107,425.2,0.502,46,3,0,0.0,34,5,1,0.345,1,0.0,0.0,5.1,63.79,Engaged Non-Buyers,0,Product Researchers
CUST-100583,2025-06-14,United States,Mobile,Email,21,88,362.2,0.392,39,9,6,339.52,42,0,0,0.738,0,0.2857,0.6667,4.19,58.41,Deal Seekers,4,Engaged Non-Buyers
CUST-100584,2025-03-19,United States,Tablet,Direct,16,106,322.5,0.104,51,1,0,0.0,34,0,1,0.289,1,0.0,0.0,6.62,74.92,Product Researchers,0,Product Researchers
CUST-100585,2025-06-24,India,Tablet,Display,3,14,95.3,0.629,7,0,0,0.0,67,0,0,0.475,0,0.0,0.0,4.67,30.78,One-time Visitors,3,Engaged Non-Buyers
CUST-100586,2025-05-16,India,Desktop,Paid Social,21,106,316.8,0.432,39,3,3,236.81,15,1,0,0.793,0,0.1429,1.0,5.05,57.81,Deal Seekers,4,Engaged Non-Buyers
CUST-100587,2025-04-26,United Kingdom,Mobile,Paid Search,22,124,379.8,0.364,55,1,0,0.0,35,1,0,0.357,1,0.0,0.0,5.64,69.42,Engaged Non-Buyers,0,Product Researchers
CUST-100588,2025-06-29,United Kingdom,Tablet,Email,2,12,97.5,0.753,6,2,0,0.0,121,0,0,0.431,0,0.0,0.0,6.0,31.65,One-time Visitors,3,Engaged Non-Buyers
CUST-100589,2025-06-11,India,Tablet,Paid Social,22,111,526.5,0.334,38,5,1,45.81,36,4,0,0.228,0,0.0455,0.2,5.05,70.44,Engaged Non-Buyers,0,Product Researchers
CUST-100590,2025-02-25,France,Desktop,Direct,13,97,290.4,0.522,54,2,1,104.68,71,1,2,0.612,1,0.0769,0.5,7.46,66.41,Product Researchers,4,Engaged Non-Buyers
CUST-100591,2025-03-20,Netherlands,Desktop,Referral,17,98,568.5,0.301,47,2,0,0.0,23,0,1,0.24,1,0.0,0.0,5.76,78.37,Product Researchers,0,Product Researchers
CUST-100592,2025-03-20,United Kingdom,Mobile,Paid Social,16,86,381.6,0.471,48,3,0,0.0,13,2,2,0.734,1,0.0,0.0,5.38,63.88,Deal Seekers,0,Product Researchers
CUST-100593,2025-05-15,United Kingdom,Mobile,Direct,18,106,479.5,0.467,46,3,1,85.35,15,5,2,0.486,0,0.0556,0.3333,5.89,69.85,Deal Seekers,0,Product Researchers
CUST-100594,2025-03-11,India,Desktop,Organic Search,4,17,150.8,0.928,4,0,1,75.82,133,0,0,0.471,0,0.25,0.0,4.25,23.85,One-time Visitors,3,Engaged Non-Buyers
CUST-100595,2025-04-01,United States,Desktop,Email,16,75,387.6,0.267,36,9,0,0.0,57,1,1,0.188,0,0.0,0.0,4.69,63.44,Engaged Non-Buyers,0,Product Researchers
CUST-100596,2025-05-03,India,Desktop,Referral,32,156,392.0,0.136,71,11,6,601.56,5,1,1,0.34,1,0.1875,0.5455,4.88,76.44,High Value Loyal,2,High Value Loyal Customers
CUST-100597,2025-03-07,United Kingdom,Mobile,Direct,28,149,441.1,0.276,66,10,8,882.41,14,2,2,0.473,1,0.2857,0.8,5.32,76.77,High Value Loyal,2,High Value Loyal Customers
CUST-100598,2025-04-14,United Kingdom,Desktop,Paid Social,24,127,388.3,0.048,67,12,11,1676.55,11,1,1,0.379,1,0.4583,0.9167,5.29,79.75,High Value Loyal,2,High Value Loyal Customers
CUST-100599,2025-06-06,France,Desktop,Paid Social,16,116,432.8,0.169,63,4,0,0.0,27,3,1,0.467,1,0.0,0.0,7.25,84.45,Product Researchers,0,Product Researchers
CUST-100600,2025-01-04,Germany,Mobile,Referral,4,19,69.8,0.767,9,0,0,0.0,155,0,0,0.585,1,0.0,0.0,4.75,26.93,One-time Visitors,3,Engaged Non-Buyers
CUST-100601,2025-06-07,United Kingdom,Mobile,Organic Search,24,113,261.7,0.432,42,8,4,215.37,12,2,0,0.725,1,0.1667,0.5,4.71,54.91,Deal Seekers,4,Engaged Non-Buyers
CUST-100602,2025-04-07,Germany,Desktop,Email,13,98,441.0,0.452,53,3,0,0.0,30,1,2,0.125,1,0.0,0.0,7.54,75.62,Product Researchers,0,Product Researchers
CUST-100603,2025-01-11,United Kingdom,Mobile,Paid Search,13,78,423.5,0.265,48,1,2,111.59,70,1,0,0.513,0,0.1538,1.0,6.0,73.07,Product Researchers,4,Engaged Non-Buyers
CUST-100604,2025-03-13,United Kingdom,Mobile,Paid Search,26,123,420.5,0.246,47,2,0,0.0,15,2,1,0.279,1,0.0,0.0,4.73,69.13,Engaged Non-Buyers,0,Product Researchers
CUST-100605,2025-05-22,Netherlands,Desktop,Paid Social,14,73,349.3,0.197,39,5,3,228.02,3,2,0,0.806,1,0.2143,0.6,5.21,65.84,Deal Seekers,4,Engaged Non-Buyers
CUST-100606,2025-06-02,United States,Desktop,Paid Social,33,160,478.1,0.083,58,20,4,486.88,5,2,0,0.142,1,0.1212,0.2,4.85,79.84,High Value Loyal,2,High Value Loyal Customers
CUST-100607,2025-04-09,United States,Mobile,Email,22,137,394.4,0.287,52,3,1,63.52,30,6,2,0.315,0,0.0455,0.3333,6.23,73.02,Product Researchers,0,Product Researchers
CUST-100608,2025-01-05,United Kingdom,Mobile,Paid Search,15,77,262.8,0.315,38,4,0,0.0,38,2,1,0.736,1,0.0,0.0,5.13,58.01,Deal Seekers,4,Engaged Non-Buyers
CUST-100609,2025-05-12,France,Mobile,Paid Social,26,97,312.7,0.352,36,4,3,222.92,4,3,0,0.771,1,0.1154,0.75,3.73,54.58,Deal Seekers,4,Engaged Non-Buyers
CUST-100610,2025-03-21,United States,Mobile,Organic Search,3,9,91.0,0.687,4,0,0,0.0,118,0,0,0.274,0,0.0,0.0,3.0,22.98,One-time Visitors,3,Engaged Non-Buyers
CUST-100611,2025-06-26,India,Desktop,Paid Search,1,9,35.5,0.749,6,1,0,0.0,128,0,0,0.078,0,0.0,0.0,9.0,34.89,One-time Visitors,1,Low Engagement / At-Risk Visitors
CUST-100612,2025-03-25,United Kingdom,Tablet,Organic Search,32,170,543.0,0.12,68,6,8,960.62,7,1,0,0.31,1,0.25,1.0,5.31,85.76,High Value Loyal,2,High Value Loyal Customers
CUST-100613,2025-05-11,Germany,Mobile,Direct,14,93,347.9,0.075,63,0,0,0.0,45,3,0,0.554,0,0.0,0.0,6.64,80.65,Product Researchers,0,Product Researchers
CUST-100614,2025-02-21,United States,Mobile,Organic Search,2,14,59.4,0.792,8,1,0,0.0,70,0,0,0.646,0,0.0,0.0,7.0,32.51,One-time Visitors,1,Low Engagement / At-Risk Visitors
CUST-100615,2025-06-29,France,Mobile,Paid Social,21,123,398.2,0.308,51,0,0,0.0,63,1,2,0.112,1,0.0,0.0,5.86,71.21,Engaged Non-Buyers,0,Product Researchers
CUST-100616,2025-05-26,United Kingdom,Mobile,Direct,31,158,526.8,0.399,69,17,3,309.23,13,2,1,0.272,1,0.0968,0.1765,5.1,77.3,High Value Loyal,2,High Value Loyal Customers
CUST-100617,2025-04-02,United Kingdom,Desktop,Paid Search,2,15,94.4,0.754,8,0,0,0.0,53,1,0,0.277,1,0.0,0.0,7.5,36.76,One-time Visitors,1,Low Engagement / At-Risk Visitors
CUST-100618,2025-04-04,United Kingdom,Mobile,Direct,30,151,401.3,0.29,65,14,3,380.7,3,2,1,0.269,1,0.1,0.2143,5.03,73.55,High Value Loyal,2,High Value Loyal Customers
CUST-100619,2025-02-03,Germany,Mobile,Display,2,18,89.0,0.887,7,0,0,0.0,125,1,0,0.349,0,0.0,0.0,9.0,34.44,One-time Visitors,1,Low Engagement / At-Risk Visitors
CUST-100620,2025-02-22,United States,Mobile,Referral,2,8,131.6,0.628,3,0,0,0.0,139,0,0,0.216,0,0.0,0.0,4.0,29.3,One-time Visitors,3,Engaged Non-Buyers
CUST-100621,2025-02-26,United States,Mobile,Paid Social,15,87,457.5,0.157,45,3,0,0.0,49,0,1,0.193,1,0.0,0.0,5.8,75.92,Engaged Non-Buyers,0,Product Researchers
CUST-100622,2025-02-01,India,Desktop,Organic Search,3,11,113.1,0.737,4,0,0,0.0,131,0,0,0.239,0,0.0,0.0,3.67,24.93,One-time Visitors,3,Engaged Non-Buyers
CUST-100623,2025-02-08,United States,Tablet,Organic Search,29,158,549.1,0.12,55,10,4,405.51,11,4,2,0.131,1,0.1379,0.4,5.45,83.4,High Value Loyal,2,High Value Loyal Customers
CUST-100624,2025-04-05,India,Desktop,Direct,1,7,148.2,0.723,7,0,0,0.0,170,1,0,0.501,0,0.0,0.0,7.0,38.36,One-time Visitors,1,Low Engagement / At-Risk Visitors
CUST-100625,2025-06-03,United Kingdom,Mobile,Paid Search,16,103,313.6,0.059,47,2,2,121.27,5,2,1,0.621,1,0.125,1.0,6.44,73.78,Deal Seekers,4,Engaged Non-Buyers
CUST-100626,2025-05-18,Netherlands,Desktop,Referral,17,82,448.7,0.098,33,2,0,0.0,11,3,0,0.46,1,0.0,0.0,4.82,70.2,Engaged Non-Buyers,0,Product Researchers
CUST-100627,2025-01-15,Canada,Mobile,Direct,23,135,505.7,0.39,59,13,4,462.17,3,1,1,0.375,1,0.1739,0.3077,5.87,77.03,High Value Loyal,2,High Value Loyal Customers
CUST-100628,2025-01-18,Netherlands,Desktop,Paid Search,17,90,389.1,0.169,42,4,1,79.37,38,2,2,0.698,1,0.0588,0.25,5.29,69.7,Deal Seekers,4,Engaged Non-Buyers
CUST-100629,2025-01-22,Australia,Mobile,Paid Social,3,16,96.0,0.792,9,0,0,0.0,45,0,0,0.518,0,0.0,0.0,5.33,29.43,One-time Visitors,3,Engaged Non-Buyers
CUST-100630,2025-03-13,United Kingdom,Desktop,Organic Search,30,141,587.0,0.311,56,6,7,910.99,10,2,1,0.295,1,0.2333,1.0,4.7,78.5,High Value Loyal,2,High Value Loyal Customers
CUST-100631,2025-02-09,United States,Mobile,Referral,5,16,54.7,0.809,3,0,0,0.0,124,0,0,0.068,1,0.0,0.0,3.2,18.43,One-time Visitors,3,Engaged Non-Buyers
CUST-100632,2025-01-06,Netherlands,Mobile,Email,5,12,119.3,0.788,5,1,0,0.0,151,1,0,0.26,0,0.0,0.0,2.4,20.3,One-time Visitors,3,Engaged Non-Buyers
CUST-100633,2025-02-09,United Kingdom,Tablet,Display,4,23,53.1,0.89,9,0,0,0.0,109,1,0,0.08,0,0.0,0.0,5.75,26.14,One-time Visitors,3,Engaged Non-Buyers
CUST-100634,2025-03-26,United States,Mobile,Direct,16,67,353.8,0.157,31,2,0,0.0,12,2,0,0.525,1,0.0,0.0,4.19,61.38,Engaged Non-Buyers,0,Product Researchers
CUST-100635,2025-03-14,United Kingdom,Desktop,Direct,14,79,283.1,0.264,46,4,1,45.58,72,2,2,0.229,1,0.0714,0.25,5.64,64.34,Product Researchers,0,Product Researchers
CUST-100636,2025-01-22,India,Mobile,Direct,25,133,758.1,0.117,62,15,5,661.67,13,2,0,0.178,1,0.2,0.3333,5.32,87.78,High Value Loyal,2,High Value Loyal Customers
CUST-100637,2025-04-19,India,Mobile,Referral,24,134,399.1,0.379,51,4,2,170.87,23,0,1,0.858,0,0.0833,0.5,5.58,68.62,Deal Seekers,4,Engaged Non-Buyers
CUST-100638,2025-04-28,United Kingdom,Mobile,Email,19,125,466.6,0.578,55,1,2,175.66,13,2,0,0.149,1,0.1053,1.0,6.58,71.36,Product Researchers,4,Engaged Non-Buyers
CUST-100639,2025-04-17,United States,Desktop,Paid Search,32,163,495.6,0.042,65,15,8,950.48,3,2,0,0.048,1,0.25,0.5333,5.09,84.65,High Value Loyal,2,High Value Loyal Customers
CUST-100640,2025-03-25,United Kingdom,Tablet,Organic Search,3,15,70.2,0.706,7,0,0,0.0,110,1,0,0.228,0,0.0,0.0,5.0,28.65,One-time Visitors,3,Engaged Non-Buyers
CUST-100641,2025-06-01,United Kingdom,Tablet,Paid Search,32,152,425.8,0.378,66,10,7,866.1,11,4,0,0.19,1,0.2188,0.7,4.75,71.69,High Value Loyal,2,High Value Loyal Customers
CUST-100642,2025-02-10,India,Mobile,Paid Search,24,145,454.9,0.033,66,9,5,332.24,2,2,1,0.471,1,0.2083,0.5556,6.04,85.79,High Value Loyal,2,High Value Loyal Customers
CUST-100643,2025-03-06,Canada,Mobile,Paid Search,16,72,420.2,0.487,30,4,0,0.0,6,1,1,0.079,1,0.0,0.0,4.5,57.12,Engaged Non-Buyers,0,Product Researchers
CUST-100644,2025-03-13,India,Mobile,Paid Social,2,10,68.6,0.752,6,1,0,0.0,106,0,0,0.18,0,0.0,0.0,5.0,27.11,One-time Visitors,3,Engaged Non-Buyers
CUST-100645,2025-05-19,United Kingdom,Mobile,Paid Social,19,104,360.6,0.216,47,5,2,95.91,12,2,0,0.782,1,0.1053,0.4,5.47,69.2,Deal Seekers,4,Engaged Non-Buyers
CUST-100646,2025-02-04,India,Tablet,Paid Search,14,74,370.8,0.341,39,3,4,274.08,16,4,1,0.927,1,0.2857,1.0,5.29,63.54,Deal Seekers,4,Engaged Non-Buyers
CUST-100647,2025-01-18,United States,Mobile,Paid Social,21,102,382.0,0.251,39,4,0,0.0,30,3,2,0.217,0,0.0,0.0,4.86,65.02,Engaged Non-Buyers,0,Product Researchers
CUST-100648,2025-01-28,United Kingdom,Mobile,Display,3,14,120.0,0.924,4,0,0,0.0,78,0,0,0.336,0,0.0,0.0,4.67,23.71,One-time Visitors,3,Engaged Non-Buyers
CUST-100649,2025-01-08,India,Desktop,Organic Search,22,110,404.6,0.39,39,11,2,139.36,23,3,0,0.507,1,0.0909,0.1818,5.0,63.12,Deal Seekers,4,Engaged Non-Buyers
CUST-100650,2025-05-27,United Kingdom,Mobile,Direct,21,121,401.4,0.446,60,1,0,0.0,74,2,0,0.583,1,0.0,0.0,5.76,70.39,Product Researchers,0,Product Researchers
CUST-100651,2025-04-14,United Kingdom,Desktop,Referral,12,72,493.1,0.205,41,2,0,0.0,35,3,1,0.176,1,0.0,0.0,6.0,75.9,Engaged Non-Buyers,0,Product Researchers
CUST-100652,2025-06-12,Australia,Mobile,Organic Search,24,135,590.1,0.176,68,10,4,491.35,5,0,1,0.543,1,0.1667,0.4,5.62,87.68,High Value Loyal,2,High Value Loyal Customers
CUST-100653,2025-03-22,Canada,Mobile,Display,24,100,521.2,0.13,31,3,1,42.15,49,0,1,0.23,0,0.0417,0.3333,4.17,70.37,Engaged Non-Buyers,0,Product Researchers
CUST-100654,2025-02-09,United Kingdom,Desktop,Organic Search,17,96,504.7,0.238,40,1,1,117.45,56,0,2,0.285,1,0.0588,1.0,5.65,74.24,Product Researchers,4,Engaged Non-Buyers
CUST-100655,2025-06-20,Germany,Mobile,Paid Social,20,95,303.6,0.423,31,3,1,60.37,37,1,1,0.683,1,0.05,0.3333,4.75,53.98,Deal Seekers,4,Engaged Non-Buyers
CUST-100656,2025-03-27,United Kingdom,Desktop,Display,6,22,102.1,0.389,5,0,0,0.0,105,1,0,0.48,0,0.0,0.0,3.67,33.38,One-time Visitors,3,Engaged Non-Buyers
CUST-100657,2025-02-17,United States,Mobile,Referral,37,158,338.8,0.374,56,12,4,359.17,13,1,1,0.26,1,0.1081,0.3333,4.27,63.17,High Value Loyal,2,High Value Loyal Customers
CUST-100658,2025-01-26,United Kingdom,Desktop,Paid Social,15,93,382.1,0.361,52,1,2,139.64,18,3,1,0.581,1,0.1333,1.0,6.2,70.45,Product Researchers,4,Engaged Non-Buyers
CUST-100659,2025-03-14,United States,Mobile,Paid Social,10,74,647.2,0.203,50,2,0,0.0,52,2,0,0.342,1,0.0,0.0,7.4,88.45,Product Researchers,0,Product Researchers
CUST-100660,2025-03-21,United States,Desktop,Paid Social,16,93,427.2,0.253,49,7,2,112.88,23,0,0,0.872,1,0.125,0.2857,5.81,73.28,Deal Seekers,4,Engaged Non-Buyers
CUST-100661,2025-02-05,United States,Desktop,Organic Search,18,101,470.4,0.145,53,1,0,0.0,34,2,0,0.432,1,0.0,0.0,5.61,78.73,Engaged Non-Buyers,0,Product Researchers
CUST-100662,2025-01-06,United States,Desktop,Organic Search,2,10,71.3,0.659,5,0,0,0.0,83,0,0,0.039,0,0.0,0.0,5.0,29.25,One-time Visitors,3,Engaged Non-Buyers
CUST-100663,2025-06-01,India,Desktop,Paid Search,19,79,305.4,0.441,28,3,3,202.22,13,0,0,0.829,1,0.1579,1.0,4.16,50.86,Deal Seekers,4,Engaged Non-Buyers
CUST-100664,2025-05-01,India,Desktop,Referral,29,153,373.1,0.107,76,13,6,586.74,9,2,1,0.313,1,0.2069,0.4615,5.28,77.47,High Value Loyal,2,High Value Loyal Customers
CUST-100665,2025-01-07,Canada,Mobile,Paid Search,27,161,448.6,0.163,81,16,2,175.51,9,0,1,0.328,1,0.0741,0.125,5.96,81.98,High Value Loyal,2,High Value Loyal Customers
CUST-100666,2025-05-19,United States,Mobile,Direct,16,109,479.9,0.109,62,1,2,126.06,31,0,0,0.22,0,0.125,1.0,6.81,86.64,Product Researchers,4,Engaged Non-Buyers
CUST-100667,2025-05-21,Australia,Mobile,Email,14,100,406.3,0.209,47,6,0,0.0,27,5,1,0.701,1,0.0,0.0,7.14,76.86,Deal Seekers,0,Product Researchers
CUST-100668,2025-04-19,India,Mobile,Organic Search,18,108,472.2,0.203,67,2,1,71.69,32,1,1,0.481,0,0.0556,0.5,6.0,82.29,Product Researchers,0,Product Researchers
CUST-100669,2025-03-29,Germany,Desktop,Organic Search,3,24,20.0,0.858,11,0,0,0.0,48,0,0,0.305,0,0.0,0.0,8.0,32.94,One-time Visitors,1,Low Engagement / At-Risk Visitors
CUST-100670,2025-05-26,France,Tablet,Paid Social,10,83,559.5,0.121,48,6,0,0.0,19,3,0,0.439,0,0.0,0.0,8.3,89.72,Engaged Non-Buyers,0,Product Researchers
CUST-100671,2025-06-23,Germany,Mobile,Paid Search,19,125,500.4,0.361,62,15,6,537.54,3,4,1,0.051,1,0.3158,0.4,6.58,80.64,High Value Loyal,2,High Value Loyal Customers
CUST-100672,2025-03-20,France,Mobile,Paid Social,17,90,304.6,0.453,47,6,0,0.0,33,3,2,0.665,0,0.0,0.0,5.29,59.91,Deal Seekers,0,Product Researchers
CUST-100673,2025-06-17,India,Mobile,Organic Search,17,100,173.5,0.417,45,1,1,84.85,9,0,0,0.425,1,0.0588,1.0,5.88,55.47,Product Researchers,4,Engaged Non-Buyers
CUST-100674,2025-04-11,United Kingdom,Desktop,Direct,19,101,394.4,0.361,49,3,0,0.0,69,3,1,0.312,0,0.0,0.0,5.32,67.38,Product Researchers,0,Product Researchers
CUST-100675,2025-04-06,Germany,Mobile,Organic Search,15,94,431.2,0.295,57,3,1,83.54,28,1,2,0.53,0,0.0667,0.3333,6.27,76.3,Product Researchers,0,Product Researchers
CUST-100676,2025-03-22,United Kingdom,Mobile,Referral,16,108,302.4,0.289,49,2,0,0.0,31,2,0,0.752,1,0.0,0.0,6.75,69.06,Product Researchers,0,Product Researchers
CUST-100677,2025-03-23,United Kingdom,Mobile,Paid Search,4,16,187.5,0.693,7,0,0,0.0,136,0,0,0.317,0,0.0,0.0,4.0,31.71,One-time Visitors,3,Engaged Non-Buyers
CUST-100678,2025-02-28,United States,Mobile,Organic Search,23,116,397.5,0.236,43,8,2,129.33,44,2,0,0.807,0,0.087,0.25,5.04,67.96,Deal Seekers,4,Engaged Non-Buyers
CUST-100679,2025-04-20,Canada,Mobile,Referral,26,130,385.6,0.525,51,7,3,149.79,21,2,2,0.747,1,0.1154,0.4286,5.0,62.48,Deal Seekers,4,Engaged Non-Buyers
CUST-100680,2025-04-15,United Kingdom,Mobile,Paid Search,14,112,524.6,0.288,69,3,0,0.0,41,2,0,0.31,0,0.0,0.0,8.0,89.04,Product Researchers,0,Product Researchers
CUST-100681,2025-05-16,India,Desktop,Organic Search,28,124,450.3,0.199,55,9,7,886.98,3,4,1,0.199,1,0.25,0.7778,4.43,73.29,High Value Loyal,2,High Value Loyal Customers
CUST-100682,2025-02-13,France,Desktop,Display,3,12,86.0,0.873,4,0,0,0.0,71,1,0,0.316,0,0.0,0.0,4.0,21.19,One-time Visitors,3,Engaged Non-Buyers
CUST-100683,2025-03-15,United Kingdom,Mobile,Direct,14,94,254.7,0.323,57,1,1,51.67,42,1,0,0.472,1,0.0714,1.0,6.71,68.18,Product Researchers,4,Engaged Non-Buyers
CUST-100684,2025-01-04,United Kingdom,Mobile,Paid Search,16,71,371.5,0.416,33,4,0,0.0,55,2,0,0.203,0,0.0,0.0,4.44,57.2,Engaged Non-Buyers,0,Product Researchers
CUST-100685,2025-01-18,India,Mobile,Paid Search,19,86,550.6,0.557,35,3,0,0.0,38,3,0,0.063,1,0.0,0.0,4.53,63.51,Engaged Non-Buyers,0,Product Researchers
CUST-100686,2025-01-09,United Kingdom,Mobile,Organic Search,25,121,331.6,0.27,51,9,4,209.38,12,1,1,0.695,1,0.16,0.4444,4.84,65.65,Deal Seekers,4,Engaged Non-Buyers
CUST-100687,2025-01-06,India,Desktop,Email,19,106,565.9,0.255,42,9,3,206.02,11,3,1,0.932,1,0.1579,0.3333,5.58,77.27,Deal Seekers,4,Engaged Non-Buyers
CUST-100688,2025-04-30,United States,Mobile,Paid Social,3,12,167.0,0.532,4,0,0,0.0,130,1,0,0.079,0,0.0,0.0,4.0,33.77,One-time Visitors,3,Engaged Non-Buyers
CUST-100689,2025-02-23,United Kingdom,Desktop,Organic Search,17,124,454.5,0.611,63,2,0,0.0,48,1,1,0.476,1,0.0,0.0,7.29,74.62,Product Researchers,0,Product Researchers
CUST-100690,2025-01-16,Australia,Mobile,Organic Search,28,141,502.3,0.169,59,13,5,366.02,14,1,0,0.345,1,0.1786,0.3846,5.04,79.78,High Value Loyal,2,High Value Loyal Customers
CUST-100691,2025-06-08,United Kingdom,Mobile,Paid Search,1,13,24.7,0.864,9,0,0,0.0,87,0,0,0.4,1,0.0,0.0,13.0,32.41,One-time Visitors,1,Low Engagement / At-Risk Visitors
CUST-100692,2025-05-23,United Kingdom,Mobile,Paid Search,18,114,472.7,0.134,57,1,0,0.0,52,1,0,0.398,1,0.0,0.0,6.33,82.61,Product Researchers,0,Product Researchers
CUST-100693,2025-03-24,United Kingdom,Mobile,Email,2,13,79.7,0.386,7,1,0,0.0,155,0,0,0.154,1,0.0,0.0,6.5,41.79,One-time Visitors,3,Engaged Non-Buyers
CUST-100694,2025-03-25,United Kingdom,Mobile,Paid Search,2,13,96.4,0.628,6,2,0,0.0,112,0,0,0.205,0,0.0,0.0,6.5,36.27,One-time Visitors,3,Engaged Non-Buyers
CUST-100695,2025-02-19,Netherlands,Tablet,Direct,12,79,476.4,0.234,40,0,1,79.69,37,3,1,0.235,1,0.0833,0.0,6.58,75.85,Engaged Non-Buyers,0,Product Researchers
CUST-100696,2025-06-06,India,Desktop,Paid Search,4,16,142.6,0.664,7,1,0,0.0,90,0,0,0.194,0,0.0,0.0,4.0,30.19,One-time Visitors,3,Engaged Non-Buyers
CUST-100697,2025-05-18,United States,Desktop,Paid Search,24,145,292.6,0.266,49,2,0,0.0,13,2,2,0.197,1,0.0,0.0,6.04,66.93,Engaged Non-Buyers,0,Product Researchers
CUST-100698,2025-06-13,United Kingdom,Desktop,Direct,21,105,274.4,0.485,37,7,1,74.72,12,1,0,0.729,1,0.0476,0.1429,5.0,53.6,Deal Seekers,4,Engaged Non-Buyers
CUST-100699,2025-05-08,United States,Mobile,Organic Search,19,81,399.5,0.281,29,2,3,224.18,19,2,3,0.642,1,0.1579,1.0,4.26,60.19,Deal Seekers,4,Engaged Non-Buyers
CUST-100700,2025-03-11,Netherlands,Mobile,Organic Search,26,140,534.2,0.149,67,10,5,689.9,5,5,1,0.096,1,0.1923,0.5,5.38,84.8,High Value Loyal,2,High Value Loyal Customers
CUST-100701,2025-03-01,India,Mobile,Email,19,114,449.6,0.425,45,1,0,0.0,19,1,1,0.16,0,0.0,0.0,6.0,69.46,Engaged Non-Buyers,0,Product Researchers
CUST-100702,2025-05-15,France,Mobile,Paid Social,25,139,514.7,0.095,66,16,5,482.26,3,6,0,0.186,1,0.2,0.3125,5.56,85.73,High Value Loyal,2,High Value Loyal Customers
CUST-100703,2025-05-03,India,Mobile,Email,12,96,465.1,0.524,61,3,1,76.75,9,3,1,0.557,1,0.0833,0.3333,8.0,78.93,Product Researchers,0,Product Researchers
CUST-100704,2025-05-21,Netherlands,Mobile,Email,13,94,442.5,0.205,51,1,1,57.93,59,2,1,0.271,0,0.0769,1.0,7.23,80.3,Product Researchers,0,Product Researchers
CUST-100705,2025-01-05,United States,Desktop,Organic Search,2,8,122.9,0.711,5,1,0,0.0,67,0,0,0.048,0,0.0,0.0,4.0,27.41,One-time Visitors,3,Engaged Non-Buyers
CUST-100706,2025-03-15,Germany,Mobile,Direct,12,105,300.1,0.401,65,3,0,0.0,15,1,1,0.657,1,0.0,0.0,8.75,74.98,Product Researchers,0,Product Researchers
CUST-100707,2025-01-21,United Kingdom,Desktop,Display,31,143,357.3,0.059,65,17,5,438.74,4,1,2,0.104,1,0.1613,0.2941,4.61,75.81,High Value Loyal,2,High Value Loyal Customers
CUST-100708,2025-02-13,United Kingdom,Desktop,Organic Search,12,84,461.5,0.213,55,3,1,68.82,11,1,0,0.372,0,0.0833,0.3333,7.0,81.54,Product Researchers,0,Product Researchers
CUST-100709,2025-06-21,Germany,Mobile,Organic Search,33,167,412.2,0.208,63,15,6,716.66,6,4,0,0.191,1,0.1818,0.4,5.06,75.6,High Value Loyal,2,High Value Loyal Customers
CUST-100710,2025-05-05,India,Mobile,Paid Social,16,85,292.5,0.114,45,8,1,73.44,17,1,1,0.941,1,0.0625,0.125,5.31,67.23,Deal Seekers,4,Engaged Non-Buyers
CUST-100711,2025-04-28,United Kingdom,Desktop,Paid Search,3,10,75.4,0.657,4,0,0,0.0,132,0,1,0.286,0,0.0,0.0,3.33,24.0,One-time Visitors,3,Engaged Non-Buyers
CUST-100712,2025-03-02,United Kingdom,Desktop,Display,34,173,549.9,0.111,65,13,3,351.39,12,3,1,0.179,1,0.0882,0.2308,5.09,85.61,High Value Loyal,2,High Value Loyal Customers
CUST-100713,2025-04-16,United States,Mobile,Referral,16,94,463.0,0.317,42,5,0,0.0,52,0,0,0.16,0,0.0,0.0,5.88,71.51,Engaged Non-Buyers,0,Product Researchers
CUST-100714,2025-04-22,France,Desktop,Organic Search,15,97,449.8,0.298,57,2,0,0.0,57,6,1,0.105,1,0.0,0.0,6.47,77.79,Product Researchers,0,Product Researchers
CUST-100715,2025-01-21,United States,Mobile,Organic Search,18,85,267.3,0.444,45,5,2,134.57,5,1,0,0.763,0,0.1111,0.4,4.72,55.88,Deal Seekers,4,Engaged Non-Buyers
CUST-100716,2025-05-04,United Kingdom,Mobile,Organic Search,18,101,426.8,0.229,47,5,0,0.0,33,3,0,0.29,1,0.0,0.0,5.61,72.61,Engaged Non-Buyers,0,Product Researchers
CUST-100717,2025-03-24,United States,Mobile,Referral,26,139,432.9,0.216,69,21,4,517.17,14,3,2,0.283,1,0.1538,0.1905,5.35,77.94,High Value Loyal,2,High Value Loyal Customers
CUST-100718,2025-01-23,Australia,Desktop,Referral,17,95,435.8,0.292,40,3,0,0.0,15,1,0,0.819,1,0.0,0.0,5.59,69.27,Deal Seekers,0,Product Researchers
CUST-100719,2025-05-22,United States,Tablet,Paid Social,18,88,627.9,0.367,43,2,0,0.0,59,1,1,0.111,0,0.0,0.0,4.89,74.33,Engaged Non-Buyers,0,Product Researchers
CUST-100720,2025-01-06,United Kingdom,Mobile,Organic Search,15,88,356.3,0.435,45,8,2,100.73,11,0,0,0.327,1,0.1333,0.25,5.87,64.12,Deal Seekers,4,Engaged Non-Buyers
CUST-100721,2025-02-18,United States,Desktop,Direct,1,9,134.0,0.474,5,0,0,0.0,174,0,0,0.425,0,0.0,0.0,9.0,46.39,One-time Visitors,1,Low Engagement / At-Risk Visitors
CUST-100722,2025-01-19,Canada,Mobile,Paid Social,27,141,613.5,0.206,59,13,8,1139.45,1,2,3,0.077,1,0.2963,0.6154,5.22,84.32,High Value Loyal,2,High Value Loyal Customers
CUST-100723,2025-01-03,India,Mobile,Referral,13,82,195.1,0.46,49,1,0,0.0,22,2,2,0.363,1,0.0,0.0,6.31,58.03,Product Researchers,0,Product Researchers
CUST-100724,2025-02-14,United States,Desktop,Paid Social,5,22,100.7,0.76,3,0,0,0.0,109,0,0,0.086,0,0.0,0.0,4.4,25.7,One-time Visitors,3,Engaged Non-Buyers
CUST-100725,2025-02-11,Netherlands,Mobile,Referral,18,86,348.0,0.503,37,8,3,266.01,14,1,0,0.696,1,0.1667,0.375,4.78,56.14,Deal Seekers,4,Engaged Non-Buyers
CUST-100726,2025-02-13,United States,Mobile,Referral,17,89,330.8,0.611,40,11,3,237.51,11,0,2,0.751,1,0.1765,0.2727,5.24,54.94,Deal Seekers,4,Engaged Non-Buyers
CUST-100727,2025-05-22,United States,Mobile,Email,17,107,431.4,0.335,54,4,0,0.0,56,2,1,0.183,1,0.0,0.0,6.29,74.49,Product Researchers,0,Product Researchers
CUST-100728,2025-06-11,Australia,Mobile,Paid Search,3,15,58.7,0.723,6,0,1,44.35,93,0,0,0.095,0,0.3333,0.0,5.0,27.33,One-time Visitors,3,Engaged Non-Buyers
CUST-100729,2025-01-30,Germany,Desktop,Paid Social,37,174,324.0,0.276,66,6,4,429.08,9,1,2,0.075,1,0.1081,0.6667,4.7,68.99,High Value Loyal,2,High Value Loyal Customers
CUST-100730,2025-02-22,France,Mobile,Display,23,147,372.8,0.091,63,1,0,0.0,65,1,0,0.273,1,0.0,0.0,6.39,80.71,Product Researchers,0,Product Researchers
CUST-100731,2025-05-08,India,Tablet,Display,21,110,541.5,0.395,38,3,1,66.33,58,1,2,0.149,1,0.0476,0.3333,5.24,70.25,Engaged Non-Buyers,0,Product Researchers
CUST-100732,2025-02-14,France,Mobile,Paid Social,15,87,325.5,0.356,37,5,2,150.9,14,2,1,0.888,1,0.1333,0.4,5.8,61.88,Deal Seekers,4,Engaged Non-Buyers
CUST-100733,2025-01-01,India,Mobile,Paid Search,3,12,62.6,0.944,2,0,1,48.62,132,0,0,0.239,0,0.3333,0.0,4.0,17.64,One-time Visitors,3,Engaged Non-Buyers
CUST-100734,2025-04-20,India,Mobile,Organic Search,17,92,508.1,0.034,39,6,1,60.61,44,3,0,0.592,1,0.0588,0.1667,5.41,78.46,Deal Seekers,0,Product Researchers
CUST-100735,2025-06-20,United Kingdom,Mobile,Direct,24,119,503.5,0.245,56,0,1,62.68,59,4,0,0.297,1,0.0417,0.0,4.96,76.77,Product Researchers,0,Product Researchers
CUST-100736,2025-06-11,United States,Desktop,Direct,6,65,431.2,0.349,50,1,1,50.95,30,0,1,0.558,1,0.1667,1.0,10.83,78.22,Product Researchers,4,Engaged Non-Buyers
CUST-100737,2025-04-18,India,Mobile,Direct,2,16,77.2,0.608,12,0,0,0.0,167,0,0,0.246,1,0.0,0.0,8.0,42.35,One-time Visitors,1,Low Engagement / At-Risk Visitors
CUST-100738,2025-04-01,United Kingdom,Mobile,Paid Search,3,11,60.0,0.718,9,1,0,0.0,160,0,0,0.264,0,0.0,0.0,3.67,24.27,One-time Visitors,3,Engaged Non-Buyers
CUST-100739,2025-01-20,United States,Desktop,Paid Social,5,26,111.8,0.744,8,0,0,0.0,132,1,0,0.445,1,0.0,0.0,5.2,30.7,One-time Visitors,3,Engaged Non-Buyers
CUST-100740,2025-04-11,Australia,Mobile,Paid Social,2,8,27.5,0.955,3,1,0,0.0,68,0,0,0.149,0,0.0,0.0,4.0,15.93,One-time Visitors,3,Engaged Non-Buyers
CUST-100741,2025-04-20,France,Mobile,Paid Search,4,20,37.3,0.655,8,0,0,0.0,120,0,0,0.131,0,0.0,0.0,5.0,28.58,One-time Visitors,3,Engaged Non-Buyers
CUST-100742,2025-03-23,India,Mobile,Paid Search,14,81,391.6,0.215,48,1,0,0.0,11,2,1,0.705,1,0.0,0.0,5.79,72.06,Engaged Non-Buyers,0,Product Researchers
CUST-100743,2025-02-28,United Kingdom,Desktop,Display,21,103,236.9,0.119,34,7,0,0.0,13,0,2,0.95,1,0.0,0.0,4.9,59.67,Deal Seekers,4,Engaged Non-Buyers
CUST-100744,2025-01-21,United Kingdom,Desktop,Direct,20,92,374.9,0.078,36,0,0,0.0,57,1,1,0.333,1,0.0,0.0,4.6,67.24,Engaged Non-Buyers,0,Product Researchers
CUST-100745,2025-05-18,United Kingdom,Mobile,Organic Search,11,74,389.9,0.387,47,3,1,103.75,32,1,1,0.353,1,0.0909,0.3333,6.73,70.3,Product Researchers,0,Product Researchers
CUST-100746,2025-01-26,United States,Desktop,Paid Search,19,103,266.2,0.247,42,8,1,67.39,44,3,0,0.897,1,0.0526,0.125,5.42,62.01,Deal Seekers,4,Engaged Non-Buyers
CUST-100747,2025-05-20,India,Mobile,Paid Search,18,100,469.8,0.102,51,6,1,42.69,3,1,1,0.663,1,0.0556,0.1667,5.56,79.0,Deal Seekers,4,Engaged Non-Buyers
CUST-100748,2025-03-26,United Kingdom,Mobile,Paid Search,1,17,105.6,0.713,12,0,0,0.0,52,0,0,0.459,0,0.0,0.0,17.0,41.15,One-time Visitors,1,Low Engagement / At-Risk Visitors
CUST-100749,2025-06-26,United Kingdom,Mobile,Organic Search,3,12,56.9,0.587,5,1,1,43.68,111,0,0,0.398,0,0.3333,1.0,4.0,27.22,One-time Visitors,3,Engaged Non-Buyers
CUST-100750,2025-05-30,India,Mobile,Paid Search,25,154,486.7,0.296,70,12,8,896.44,3,2,1,0.148,1,0.32,0.6667,6.16,81.18,High Value Loyal,2,High Value Loyal Customers
CUST-100751,2025-05-24,United Kingdom,Tablet,Direct,1,9,100.7,0.717,7,0,0,0.0,58,1,0,0.154,0,0.0,0.0,9.0,39.28,One-time Visitors,1,Low Engagement / At-Risk Visitors
CUST-100752,2025-06-11,United Kingdom,Mobile,Email,34,170,469.5,0.34,66,13,5,628.87,4,2,0,0.423,1,0.1471,0.3846,5.0,75.61,High Value Loyal,2,High Value Loyal Customers
CUST-100753,2025-01-11,India,Tablet,Paid Social,11,88,572.7,0.339,56,3,1,57.87,19,2,0,0.332,1,0.0909,0.3333,8.0,87.38,Product Researchers,0,Product Researchers
CUST-100754,2025-02-03,France,Tablet,Direct,11,92,381.9,0.481,63,1,0,0.0,13,0,0,0.4,1,0.0,0.0,8.36,76.46,Product Researchers,0,Product Researchers
CUST-100755,2025-06-18,Australia,Mobile,Paid Search,3,22,110.1,0.756,8,0,0,0.0,117,0,0,0.256,0,0.0,0.0,7.33,36.99,One-time Visitors,1,Low Engagement / At-Risk Visitors
CUST-100756,2025-05-07,United States,Desktop,Paid Social,29,182,394.8,0.094,87,11,7,967.72,2,6,1,0.161,1,0.2414,0.6364,6.28,82.0,High Value Loyal,2,High Value Loyal Customers
CUST-100757,2025-05-02,India,Desktop,Organic Search,30,153,550.2,0.073,59,11,6,578.14,6,1,0,0.083,1,0.2,0.5455,5.1,84.79,High Value Loyal,2,High Value Loyal Customers
CUST-100758,2025-02-20,United Kingdom,Mobile,Organic Search,20,99,405.6,0.194,48,1,0,0.0,28,1,1,0.739,1,0.0,0.0,4.95,70.67,Product Researchers,0,Product Researchers
CUST-100759,2025-06-14,Canada,Mobile,Direct,3,11,84.3,0.76,4,0,0,0.0,65,0,0,0.206,0,0.0,0.0,3.67,22.9,One-time Visitors,3,Engaged Non-Buyers
CUST-100760,2025-06-13,France,Mobile,Paid Social,4,21,46.7,0.731,4,0,0,0.0,132,1,0,0.596,0,0.0,0.0,5.25,26.69,One-time Visitors,3,Engaged Non-Buyers
CUST-100761,2025-05-18,Netherlands,Mobile,Organic Search,13,73,392.9,0.571,36,6,2,122.67,13,2,0,0.623,1,0.1538,0.3333,5.62,58.99,Deal Seekers,4,Engaged Non-Buyers
CUST-100762,2025-06-21,United Kingdom,Desktop,Referral,17,113,515.3,0.338,58,3,0,0.0,48,3,0,0.355,1,0.0,0.0,6.65,80.94,Product Researchers,0,Product Researchers
CUST-100763,2025-01-06,Netherlands,Mobile,Paid Search,2,16,114.3,0.837,11,0,0,0.0,105,0,0,0.269,0,0.0,0.0,8.0,38.18,One-time Visitors,1,Low Engagement / At-Risk Visitors
CUST-100764,2025-05-19,Canada,Mobile,Organic Search,15,74,325.7,0.245,33,4,0,0.0,55,2,0,0.057,0,0.0,0.0,4.93,60.74,Engaged Non-Buyers,0,Product Researchers
CUST-100765,2025-01-30,Germany,Mobile,Paid Search,17,98,470.1,0.275,52,1,0,0.0,74,3,1,0.352,1,0.0,0.0,5.76,75.64,Product Researchers,0,Product Researchers
CUST-100766,2025-04-26,United Kingdom,Desktop,Paid Search,15,85,529.5,0.236,46,1,0,0.0,62,1,1,0.41,1,0.0,0.0,5.67,77.43,Engaged Non-Buyers,0,Product Researchers
CUST-100767,2025-02-20,United States,Mobile,Paid Search,21,101,526.5,0.434,38,4,3,247.52,25,4,0,0.923,1,0.1429,0.75,4.81,67.21,Deal Seekers,4,Engaged Non-Buyers
CUST-100768,2025-03-07,United Kingdom,Mobile,Paid Search,19,112,387.0,0.175,47,11,4,344.03,35,0,3,0.296,1,0.2105,0.3636,5.89,72.85,Deal Seekers,2,High Value Loyal Customers
CUST-100769,2025-05-18,France,Mobile,Referral,13,83,305.8,0.252,38,5,3,199.28,31,2,1,0.913,0,0.2308,0.6,6.38,65.63,Deal Seekers,4,Engaged Non-Buyers
CUST-100770,2025-05-06,Netherlands,Mobile,Paid Search,2,8,111.8,0.781,7,0,0,0.0,174,0,0,0.109,0,0.0,0.0,4.0,25.71,One-time Visitors,3,Engaged Non-Buyers
CUST-100771,2025-05-21,Netherlands,Mobile,Paid Search,22,120,407.9,0.215,50,2,1,99.22,13,5,1,0.524,1,0.0455,0.5,5.45,72.45,Engaged Non-Buyers,4,Engaged Non-Buyers
CUST-100772,2025-05-09,Germany,Mobile,Paid Search,21,102,489.2,0.252,46,1,0,0.0,57,2,1,0.19,1,0.0,0.0,4.86,72.49,Product Researchers,0,Product Researchers
CUST-100773,2025-04-21,Australia,Desktop,Paid Search,6,28,102.6,0.506,8,0,0,0.0,53,0,0,0.333,0,0.0,0.0,4.67,34.51,One-time Visitors,3,Engaged Non-Buyers
CUST-100774,2025-02-03,France,Tablet,Organic Search,24,113,480.9,0.329,53,6,3,234.21,14,4,1,0.176,1,0.125,0.5,4.71,71.84,High Value Loyal,4,Engaged Non-Buyers
CUST-100775,2025-01-30,United Kingdom,Mobile,Paid Search,15,113,428.9,0.401,61,3,0,0.0,14,5,0,0.733,1,0.0,0.0,7.53,78.73,Product Researchers,0,Product Researchers
CUST-100776,2025-03-26,United Kingdom,Desktop,Organic Search,12,103,273.2,0.566,71,2,0,0.0,17,0,0,0.497,1,0.0,0.0,8.58,69.5,Product Researchers,0,Product Researchers
CUST-100777,2025-06-06,Netherlands,Mobile,Paid Search,14,101,253.5,0.519,57,1,2,172.51,56,3,0,0.685,1,0.1429,1.0,7.21,64.79,Product Researchers,4,Engaged Non-Buyers
CUST-100778,2025-04-22,United Kingdom,Mobile,Paid Search,12,73,284.8,0.248,43,4,2,156.77,20,2,0,0.853,1,0.1667,0.5,6.08,65.27,Deal Seekers,4,Engaged Non-Buyers
CUST-100779,2025-02-19,India,Desktop,Paid Search,7,26,73.7,0.622,8,1,0,0.0,79,0,0,0.204,1,0.0,0.0,3.71,27.22,One-time Visitors,3,Engaged Non-Buyers
CUST-100780,2025-04-16,India,Mobile,Paid Social,4,15,71.7,0.827,2,0,0,0.0,74,1,0,0.601,0,0.0,0.0,3.75,20.24,One-time Visitors,3,Engaged Non-Buyers
CUST-100781,2025-03-26,India,Mobile,Organic Search,5,28,91.4,0.797,9,1,0,0.0,56,0,0,0.201,1,0.0,0.0,5.6,29.91,One-time Visitors,3,Engaged Non-Buyers
CUST-100782,2025-01-05,United Kingdom,Mobile,Referral,3,15,133.5,0.713,7,0,0,0.0,54,0,0,0.116,0,0.0,0.0,5.0,31.63,One-time Visitors,3,Engaged Non-Buyers
CUST-100783,2025-01-20,United Kingdom,Mobile,Organic Search,13,94,504.9,0.313,52,0,0,0.0,53,1,1,0.535,0,0.0,0.0,7.23,81.03,Product Researchers,0,Product Researchers
CUST-100784,2025-03-26,France,Mobile,Organic Search,13,78,555.1,0.564,37,3,0,0.0,31,4,1,0.325,1,0.0,0.0,6.0,68.78,Engaged Non-Buyers,0,Product Researchers
CUST-100785,2025-03-15,United Kingdom,Desktop,Organic Search,14,101,441.4,0.31,57,0,1,62.78,49,6,1,0.463,0,0.0714,0.0,7.21,79.4,Product Researchers,0,Product Researchers
CUST-100786,2025-02-18,Australia,Mobile,Display,11,60,573.7,0.372,34,3,0,0.0,27,3,0,0.514,0,0.0,0.0,5.45,71.9,Engaged Non-Buyers,0,Product Researchers
CUST-100787,2025-01-10,Australia,Mobile,Paid Search,13,100,312.0,0.428,62,2,1,91.22,44,1,0,0.504,0,0.0769,0.5,7.69,73.03,Product Researchers,0,Product Researchers
CUST-100788,2025-04-23,India,Mobile,Paid Search,3,12,67.7,0.793,6,0,1,68.56,176,1,0,0.239,0,0.3333,0.0,4.0,22.92,One-time Visitors,3,Engaged Non-Buyers
CUST-100789,2025-04-08,Canada,Desktop,Organic Search,19,108,197.9,0.198,46,7,3,218.19,9,1,2,0.58,1,0.1579,0.4286,5.68,61.85,Deal Seekers,4,Engaged Non-Buyers
CUST-100790,2025-03-21,India,Mobile,Paid Search,29,161,603.3,0.028,63,10,5,819.04,1,3,1,0.281,1,0.1724,0.5,5.55,91.03,High Value Loyal,2,High Value Loyal Customers
CUST-100791,2025-02-04,Netherlands,Mobile,Email,17,93,621.5,0.147,49,4,0,0.0,34,4,0,0.545,0,0.0,0.0,5.47,83.5,Engaged Non-Buyers,0,Product Researchers
CUST-100792,2025-03-25,United Kingdom,Mobile,Organic Search,17,105,291.0,0.427,47,2,0,0.0,34,2,2,0.348,1,0.0,0.0,6.18,62.64,Product Researchers,0,Product Researchers
CUST-100793,2025-02-20,Canada,Mobile,Direct,27,135,585.8,0.244,74,13,4,234.44,8,2,0,0.406,1,0.1481,0.3077,5.0,83.81,High Value Loyal,2,High Value Loyal Customers
CUST-100794,2025-03-20,United States,Mobile,Paid Search,4,17,79.7,0.737,4,0,0,0.0,66,1,0,0.375,0,0.0,0.0,4.25,25.07,One-time Visitors,3,Engaged Non-Buyers
CUST-100795,2025-03-13,United States,Desktop,Organic Search,24,125,523.9,0.2,42,2,0,0.0,54,5,1,0.193,1,0.0,0.0,5.21,75.41,Engaged Non-Buyers,0,Product Researchers
CUST-100796,2025-03-17,Germany,Tablet,Organic Search,3,16,112.4,0.837,8,0,0,0.0,70,0,0,0.137,0,0.0,0.0,5.33,28.83,One-time Visitors,3,Engaged Non-Buyers
CUST-100797,2025-06-16,United States,Mobile,Paid Search,20,98,406.0,0.31,56,1,0,0.0,10,3,0,0.204,1,0.0,0.0,4.9,70.1,Engaged Non-Buyers,0,Product Researchers
CUST-100798,2025-06-14,India,Desktop,Email,21,84,579.7,0.198,36,2,1,51.47,50,1,0,0.489,1,0.0476,0.5,4.0,72.61,Engaged Non-Buyers,4,Engaged Non-Buyers
CUST-100799,2025-05-28,France,Desktop,Direct,12,98,485.8,0.131,55,7,0,0.0,49,0,0,0.271,0,0.0,0.0,8.17,87.95,Product Researchers,0,Product Researchers
CUST-100800,2025-04-11,United Kingdom,Mobile,Referral,26,120,355.2,0.189,35,3,2,126.78,17,3,3,0.688,1,0.0769,0.6667,4.62,63.22,Deal Seekers,4,Engaged Non-Buyers
CUST-100801,2025-06-14,United States,Desktop,Paid Search,27,146,617.7,0.082,70,14,4,459.09,14,2,2,0.26,1,0.1481,0.2857,5.41,89.85,High Value Loyal,2,High Value Loyal Customers
CUST-100802,2025-03-16,United Kingdom,Desktop,Paid Search,29,134,380.9,0.086,50,5,2,106.93,14,1,1,0.88,1,0.069,0.4,4.62,71.72,Deal Seekers,4,Engaged Non-Buyers
CUST-100803,2025-01-25,United Kingdom,Mobile,Paid Search,3,14,84.0,0.809,5,0,0,0.0,119,0,0,0.398,0,0.0,0.0,4.67,25.1,One-time Visitors,3,Engaged Non-Buyers
CUST-100804,2025-02-21,Germany,Mobile,Paid Social,22,110,338.9,0.311,38,2,1,35.01,13,1,1,0.121,1,0.0455,0.5,5.0,61.49,Engaged Non-Buyers,0,Product Researchers
CUST-100805,2025-04-26,United Kingdom,Mobile,Direct,30,144,480.2,0.009,54,13,6,736.58,11,3,0,0.094,1,0.2,0.4615,4.8,80.41,High Value Loyal,2,High Value Loyal Customers
CUST-100806,2025-02-02,Australia,Mobile,Organic Search,4,15,125.8,0.816,6,0,0,0.0,118,0,0,0.301,1,0.0,0.0,3.75,24.46,One-time Visitors,3,Engaged Non-Buyers
CUST-100807,2025-05-13,United Kingdom,Mobile,Organic Search,1,11,84.0,0.706,8,0,0,0.0,126,1,0,0.249,0,0.0,0.0,11.0,39.0,One-time Visitors,1,Low Engagement / At-Risk Visitors
CUST-100808,2025-03-16,France,Tablet,Paid Search,3,19,85.7,0.678,4,0,1,52.67,169,0,0,0.283,0,0.3333,0.0,6.33,33.35,One-time Visitors,3,Engaged Non-Buyers
CUST-100809,2025-04-15,United Kingdom,Desktop,Organic Search,27,150,609.1,0.295,71,12,7,726.24,11,3,0,0.284,1,0.2593,0.5833,5.56,84.98,High Value Loyal,2,High Value Loyal Customers
CUST-100810,2025-03-14,France,Mobile,Paid Search,33,168,496.0,0.085,69,8,5,410.51,8,0,0,0.076,1,0.1515,0.625,5.09,83.58,High Value Loyal,2,High Value Loyal Customers
CUST-100811,2025-04-01,United Kingdom,Desktop,Direct,2,13,131.7,0.769,5,0,0,0.0,169,1,0,0.202,0,0.0,0.0,6.5,34.21,One-time Visitors,3,Engaged Non-Buyers
CUST-100812,2025-01-23,United Kingdom,Desktop,Direct,3,14,161.5,0.656,5,0,0,0.0,58,0,0,0.135,0,0.0,0.0,4.67,32.8,One-time Visitors,3,Engaged Non-Buyers
CUST-100813,2025-03-02,Netherlands,Mobile,Organic Search,15,97,307.2,0.093,57,1,1,91.9,37,0,0,0.345,1,0.0667,1.0,6.47,75.79,Product Researchers,4,Engaged Non-Buyers
CUST-100814,2025-03-01,United States,Mobile,Paid Social,18,95,232.7,0.343,41,5,5,353.17,8,2,3,0.745,1,0.2778,1.0,5.28,57.17,Deal Seekers,4,Engaged Non-Buyers
CUST-100815,2025-03-26,United Kingdom,Desktop,Paid Search,37,164,456.9,0.033,63,11,8,958.92,2,1,1,0.169,1,0.2162,0.7273,4.43,80.26,High Value Loyal,2,High Value Loyal Customers
CUST-100816,2025-01-30,United States,Tablet,Paid Social,20,94,533.8,0.236,33,4,1,68.98,53,2,1,0.408,1,0.05,0.25,4.7,70.64,Engaged Non-Buyers,0,Product Researchers
CUST-100817,2025-04-03,India,Mobile,Direct,16,87,437.4,0.152,44,1,1,52.84,64,2,0,0.066,1,0.0625,1.0,5.44,73.61,Engaged Non-Buyers,0,Product Researchers
CUST-100818,2025-04-16,United States,Mobile,Email,17,90,635.4,0.301,44,3,0,0.0,38,1,1,0.151,1,0.0,0.0,5.29,77.56,Engaged Non-Buyers,0,Product Researchers
CUST-100819,2025-05-31,India,Mobile,Direct,5,15,54.5,0.495,3,1,1,34.29,130,0,0,0.234,1,0.2,1.0,3.0,25.65,One-time Visitors,3,Engaged Non-Buyers
CUST-100820,2025-06-23,Canada,Desktop,Email,12,85,377.2,0.302,50,0,1,45.16,17,1,0,0.592,0,0.0833,0.0,7.08,73.84,Product Researchers,0,Product Researchers
CUST-100821,2025-01-20,United Kingdom,Mobile,Organic Search,12,100,604.8,0.037,47,2,1,64.1,9,3,0,0.397,1,0.0833,0.5,8.33,93.54,Engaged Non-Buyers,0,Product Researchers
CUST-100822,2025-01-04,Germany,Desktop,Organic Search,19,95,405.7,0.144,42,5,1,48.2,21,2,2,0.806,1,0.0526,0.2,5.0,70.24,Deal Seekers,4,Engaged Non-Buyers
CUST-100823,2025-02-12,France,Desktop,Organic Search,2,15,96.5,0.673,8,0,0,0.0,79,0,0,0.458,1,0.0,0.0,7.5,38.9,One-time Visitors,1,Low Engagement / At-Risk Visitors
CUST-100824,2025-06-28,Canada,Tablet,Paid Search,19,101,361.3,0.483,52,6,4,346.98,34,1,3,0.761,1,0.2105,0.6667,5.32,63.6,Deal Seekers,4,Engaged Non-Buyers
CUST-100825,2025-06-14,United States,Mobile,Direct,12,104,524.5,0.305,66,3,1,54.89,50,2,1,0.323,0,0.0833,0.3333,8.67,88.59,Product Researchers,0,Product Researchers
CUST-100826,2025-04-03,United Kingdom,Desktop,Paid Search,19,110,363.3,0.463,42,6,1,36.89,51,1,1,0.333,1,0.0526,0.1667,5.79,62.6,Engaged Non-Buyers,0,Product Researchers
CUST-100827,2025-06-04,United Kingdom,Mobile,Organic Search,16,109,430.7,0.111,49,0,1,57.19,59,2,0,0.478,1,0.0625,0.0,6.81,80.12,Product Researchers,0,Product Researchers
CUST-100828,2025-01-04,United States,Desktop,Organic Search,13,80,431.9,0.421,45,4,1,83.16,60,3,0,0.35,0,0.0769,0.25,6.15,69.15,Engaged Non-Buyers,0,Product Researchers
CUST-100829,2025-03-03,United Kingdom,Mobile,Email,2,15,47.9,0.853,7,1,0,0.0,108,0,1,0.161,0,0.0,0.0,7.5,31.67,One-time Visitors,1,Low Engagement / At-Risk Visitors
CUST-100830,2025-03-22,Netherlands,Tablet,Referral,19,120,451.7,0.322,43,10,2,156.65,26,2,0,0.796,0,0.1053,0.2,6.32,72.51,Deal Seekers,4,Engaged Non-Buyers
CUST-100831,2025-04-22,Australia,Desktop,Direct,20,94,313.2,0.115,42,5,1,56.61,16,1,1,0.895,0,0.05,0.2,4.7,65.39,Deal Seekers,4,Engaged Non-Buyers
CUST-100832,2025-01-02,France,Mobile,Organic Search,27,173,484.4,0.294,64,12,5,550.63,11,1,1,0.405,1,0.1852,0.4167,6.41,81.58,High Value Loyal,2,High Value Loyal Customers
CUST-100833,2025-01-09,India,Mobile,Paid Search,15,98,349.4,0.134,53,2,1,54.12,12,2,3,0.262,1,0.0667,0.5,6.53,75.83,Product Researchers,0,Product Researchers
CUST-100834,2025-04-27,United States,Desktop,Direct,17,96,579.4,0.351,46,2,0,0.0,33,4,0,0.24,1,0.0,0.0,5.65,77.01,Engaged Non-Buyers,0,Product Researchers
CUST-100835,2025-01-07,India,Tablet,Email,21,111,397.9,0.516,39,10,3,230.55,9,1,1,0.903,0,0.1429,0.3,5.29,60.51,Deal Seekers,4,Engaged Non-Buyers
CUST-100836,2025-04-02,United Kingdom,Desktop,Paid Search,15,105,516.9,0.197,58,4,0,0.0,22,3,0,0.505,1,0.0,0.0,7.0,85.63,Product Researchers,0,Product Researchers
CUST-100837,2025-06-09,United Kingdom,Mobile,Direct,22,96,356.4,0.311,39,4,1,32.94,64,3,0,0.087,1,0.0455,0.25,4.36,60.68,Engaged Non-Buyers,0,Product Researchers
CUST-100838,2025-01-06,Germany,Mobile,Organic Search,12,97,378.1,0.184,55,4,0,0.0,69,1,0,0.311,1,0.0,0.0,8.08,81.23,Product Researchers,0,Product Researchers
CUST-100839,2025-05-23,France,Mobile,Referral,19,91,460.2,0.441,38,0,1,53.92,45,1,1,0.124,0,0.0526,0.0,4.79,63.64,Engaged Non-Buyers,0,Product Researchers
CUST-100840,2025-04-10,Australia,Mobile,Direct,21,102,280.4,0.257,39,2,1,26.66,5,1,1,0.727,1,0.0476,0.5,4.86,59.76,Engaged Non-Buyers,4,Engaged Non-Buyers
CUST-100841,2025-03-21,United States,Mobile,Paid Search,19,131,540.6,0.313,77,1,1,125.96,44,1,0,0.208,1,0.0526,1.0,6.89,85.74,Product Researchers,0,Product Researchers
CUST-100842,2025-02-26,United States,Mobile,Email,2,13,73.1,0.749,7,0,0,0.0,116,0,0,0.391,1,0.0,0.0,6.5,32.4,One-time Visitors,3,Engaged Non-Buyers
CUST-100843,2025-05-04,India,Mobile,Paid Search,30,154,628.7,0.181,70,8,3,371.26,13,2,1,0.214,1,0.1,0.375,5.13,86.53,High Value Loyal,2,High Value Loyal Customers
CUST-100844,2025-04-22,Canada,Mobile,Email,18,102,466.5,0.199,50,3,2,70.37,20,1,2,0.492,1,0.1111,0.6667,5.67,76.44,Product Researchers,4,Engaged Non-Buyers
CUST-100845,2025-04-15,Netherlands,Desktop,Organic Search,3,15,58.1,0.838,5,0,0,0.0,158,0,0,0.135,0,0.0,0.0,5.0,24.13,One-time Visitors,3,Engaged Non-Buyers
CUST-100846,2025-02-25,Germany,Mobile,Organic Search,17,81,394.6,0.355,37,7,1,55.92,43,6,2,0.662,0,0.0588,0.1429,4.76,62.12,Deal Seekers,4,Engaged Non-Buyers
CUST-100847,2025-06-18,Canada,Desktop,Paid Search,28,173,520.1,0.086,68,14,9,1185.83,6,2,0,0.488,1,0.3214,0.6429,6.18,88.15,High Value Loyal,2,High Value Loyal Customers
CUST-100848,2025-06-21,United States,Mobile,Email,30,128,362.2,0.189,56,9,5,621.93,10,2,0,0.531,1,0.1667,0.5556,4.27,68.95,High Value Loyal,2,High Value Loyal Customers
CUST-100849,2025-05-19,United Kingdom,Desktop,Paid Search,21,95,436.4,0.227,41,5,1,76.78,44,0,0,0.609,1,0.0476,0.2,4.52,67.9,Deal Seekers,4,Engaged Non-Buyers
CUST-100850,2025-03-28,Australia,Mobile,Paid Search,22,106,413.7,0.327,37,8,2,161.69,44,3,0,0.967,1,0.0909,0.25,4.82,63.97,Deal Seekers,4,Engaged Non-Buyers
CUST-100851,2025-01-21,United States,Mobile,Direct,3,16,93.0,0.682,5,1,0,0.0,106,1,0,0.511,1,0.0,0.0,5.33,30.8,One-time Visitors,3,Engaged Non-Buyers
CUST-100852,2025-02-09,United Kingdom,Desktop,Organic Search,17,122,415.6,0.447,62,2,0,0.0,28,1,1,0.566,0,0.0,0.0,7.18,76.11,Product Researchers,0,Product Researchers
CUST-100853,2025-02-13,United Kingdom,Desktop,Referral,14,85,387.5,0.187,45,2,1,61.58,25,0,1,0.554,1,0.0714,0.5,6.07,72.51,Product Researchers,4,Engaged Non-Buyers
CUST-100854,2025-05-28,Australia,Mobile,Paid Search,13,70,453.2,0.537,35,8,1,70.48,38,5,1,0.643,1,0.0769,0.125,5.38,61.84,Deal Seekers,4,Engaged Non-Buyers
CUST-100855,2025-06-21,United Kingdom,Mobile,Paid Search,22,120,205.0,0.25,43,3,5,335.0,39,1,0,0.575,1,0.2273,1.0,5.45,59.29,Deal Seekers,4,Engaged Non-Buyers
CUST-100856,2025-01-15,United Kingdom,Desktop,Email,24,149,484.1,0.237,57,2,0,0.0,70,0,0,0.798,1,0.0,0.0,6.21,80.21,Product Researchers,0,Product Researchers
CUST-100857,2025-01-06,France,Mobile,Direct,4,19,113.9,0.911,5,1,1,35.98,140,0,0,0.566,1,0.25,1.0,4.75,24.31,One-time Visitors,3,Engaged Non-Buyers
CUST-100858,2025-06-24,United States,Tablet,Organic Search,15,80,457.1,0.298,35,7,2,192.69,5,3,0,0.728,1,0.1333,0.2857,5.33,67.84,Deal Seekers,4,Engaged Non-Buyers
CUST-100859,2025-06-12,United Kingdom,Tablet,Paid Search,17,110,493.4,0.376,62,4,0,0.0,39,2,1,0.479,1,0.0,0.0,6.47,79.56,Product Researchers,0,Product Researchers
CUST-100860,2025-04-20,India,Mobile,Paid Search,2,13,105.7,0.831,4,1,0,0.0,175,0,0,0.336,0,0.0,0.0,6.5,31.06,One-time Visitors,3,Engaged Non-Buyers
CUST-100861,2025-03-27,United Kingdom,Desktop,Organic Search,16,96,489.9,0.272,40,4,0,0.0,40,3,0,0.45,1,0.0,0.0,6.0,73.76,Engaged Non-Buyers,0,Product Researchers
CUST-100862,2025-02-26,United Kingdom,Desktop,Email,21,92,417.6,0.22,31,6,1,87.23,34,1,1,0.94,1,0.0476,0.1667,4.38,63.6,Deal Seekers,4,Engaged Non-Buyers
CUST-100863,2025-01-04,Germany,Mobile,Direct,20,108,392.4,0.477,55,2,0,0.0,22,3,0,0.254,0,0.0,0.0,5.4,66.5,Product Researchers,0,Product Researchers
CUST-100864,2025-05-24,Germany,Tablet,Paid Social,11,89,526.0,0.218,50,2,0,0.0,44,4,0,0.401,1,0.0,0.0,8.09,86.24,Product Researchers,0,Product Researchers
CUST-100865,2025-01-02,United States,Mobile,Paid Search,32,133,492.8,0.201,57,13,4,390.92,7,3,1,0.388,1,0.125,0.3077,4.16,75.15,High Value Loyal,2,High Value Loyal Customers
CUST-100866,2025-05-30,United Kingdom,Desktop,Email,2,13,138.7,0.683,6,0,0,0.0,162,1,1,0.3,0,0.0,0.0,6.5,37.01,One-time Visitors,3,Engaged Non-Buyers
CUST-100867,2025-04-14,United States,Mobile,Direct,17,93,371.6,0.066,41,1,1,34.15,43,2,0,0.191,1,0.0588,1.0,5.47,71.65,Engaged Non-Buyers,4,Engaged Non-Buyers
CUST-100868,2025-02-17,United Kingdom,Mobile,Direct,11,84,416.2,0.221,46,7,0,0.0,22,2,1,0.933,1,0.0,0.0,7.64,78.31,Deal Seekers,4,Engaged Non-Buyers
CUST-100869,2025-01-15,United Kingdom,Mobile,Organic Search,14,91,446.1,0.496,42,3,0,0.0,19,0,1,0.18,1,0.0,0.0,6.5,68.15,Product Researchers,0,Product Researchers
CUST-100870,2025-05-30,United Kingdom,Mobile,Paid Social,34,160,554.0,0.265,66,13,5,567.04,1,1,2,0.035,1,0.1471,0.3846,4.71,80.79,High Value Loyal,2,High Value Loyal Customers
CUST-100871,2025-05-06,United Kingdom,Desktop,Organic Search,22,104,256.6,0.274,42,3,0,0.0,53,0,1,0.254,1,0.0,0.0,4.73,58.67,Product Researchers,0,Product Researchers
CUST-100872,2025-05-19,Australia,Desktop,Direct,11,69,496.8,0.106,36,2,1,52.99,28,2,1,0.242,1,0.0909,0.5,6.27,77.86,Engaged Non-Buyers,0,Product Researchers
CUST-100873,2025-06-23,Australia,Desktop,Direct,18,131,377.6,0.16,65,2,0,0.0,36,6,2,0.111,1,0.0,0.0,7.28,82.62,Product Researchers,0,Product Researchers
CUST-100874,2025-02-13,Germany,Mobile,Direct,14,82,457.9,0.206,44,3,2,115.76,19,3,0,0.521,1,0.1429,0.6667,5.86,74.6,Deal Seekers,4,Engaged Non-Buyers
CUST-100875,2025-05-23,United States,Desktop,Paid Search,17,89,334.3,0.393,44,5,2,107.09,38,4,1,0.908,1,0.1176,0.4,5.24,61.78,Deal Seekers,4,Engaged Non-Buyers
CUST-100876,2025-02-25,Germany,Tablet,Direct,6,30,96.6,0.501,7,0,0,0.0,54,0,0,0.028,0,0.0,0.0,5.0,35.07,One-time Visitors,3,Engaged Non-Buyers
CUST-100877,2025-02-19,Germany,Tablet,Direct,10,58,264.1,0.376,35,6,0,0.0,31,2,0,0.306,1,0.0,0.0,5.8,57.7,Engaged Non-Buyers,0,Product Researchers
CUST-100878,2025-04-06,Canada,Mobile,Organic Search,13,98,481.0,0.42,53,1,1,89.58,29,4,1,0.727,1,0.0769,1.0,7.54,78.41,Product Researchers,4,Engaged Non-Buyers
CUST-100879,2025-01-29,United Kingdom,Mobile,Email,24,131,439.7,0.336,54,2,1,93.03,37,3,2,0.758,1,0.0417,0.5,5.46,72.26,Product Researchers,4,Engaged Non-Buyers
CUST-100880,2025-04-16,United Kingdom,Mobile,Organic Search,1,13,150.6,0.702,8,1,0,0.0,143,0,1,0.223,0,0.0,0.0,13.0,42.45,One-time Visitors,1,Low Engagement / At-Risk Visitors
CUST-100881,2025-02-28,Australia,Mobile,Organic Search,26,150,551.1,0.073,67,9,7,940.69,2,0,1,0.337,1,0.2692,0.7778,5.77,88.77,High Value Loyal,2,High Value Loyal Customers
CUST-100882,2025-04-18,United States,Mobile,Organic Search,11,79,533.4,0.247,37,3,0,0.0,35,4,1,0.379,1,0.0,0.0,7.18,79.33,Engaged Non-Buyers,0,Product Researchers
CUST-100883,2025-05-29,United Kingdom,Mobile,Organic Search,16,113,382.9,0.451,57,3,1,49.76,32,3,0,0.23,1,0.0625,0.3333,7.06,72.48,Product Researchers,0,Product Researchers
CUST-100884,2025-05-05,Netherlands,Mobile,Organic Search,16,75,316.5,0.323,38,7,3,194.71,44,1,0,0.537,0,0.1875,0.4286,4.69,59.09,Deal Seekers,4,Engaged Non-Buyers
CUST-100885,2025-04-08,United States,Desktop,Organic Search,1,5,103.3,0.872,2,0,0,0.0,46,0,0,0.084,1,0.0,0.0,5.0,24.6,One-time Visitors,3,Engaged Non-Buyers
CUST-100886,2025-04-01,United Kingdom,Mobile,Direct,21,104,323.5,0.588,39,5,3,164.83,25,3,1,0.892,1,0.1429,0.6,4.95,53.96,Deal Seekers,4,Engaged Non-Buyers
CUST-100887,2025-04-23,United States,Desktop,Paid Search,23,124,492.4,0.023,63,13,9,891.04,14,2,2,0.42,1,0.3913,0.6923,5.39,85.29,High Value Loyal,2,High Value Loyal Customers
CUST-100888,2025-06-04,India,Desktop,Paid Social,20,96,514.5,0.137,38,5,4,232.74,21,1,2,0.693,1,0.2,0.8,4.8,73.99,Deal Seekers,4,Engaged Non-Buyers
CUST-100889,2025-05-09,United Kingdom,Desktop,Paid Search,3,13,92.8,0.822,1,0,0,0.0,155,1,0,0.089,0,0.0,0.0,4.33,22.95,One-time Visitors,3,Engaged Non-Buyers
CUST-100890,2025-03-26,India,Desktop,Organic Search,23,139,537.2,0.14,81,19,5,711.77,7,0,0,0.148,1,0.2174,0.2632,6.04,87.26,High Value Loyal,2,High Value Loyal Customers
CUST-100891,2025-02-25,United Kingdom,Desktop,Direct,16,96,451.4,0.175,51,4,0,0.0,52,2,1,0.781,1,0.0,0.0,6.0,77.65,Product Researchers,0,Product Researchers
CUST-100892,2025-04-12,India,Mobile,Direct,24,110,294.8,0.389,41,6,5,285.95,4,1,0,0.96,1,0.2083,0.8333,4.58,56.95,Deal Seekers,4,Engaged Non-Buyers
CUST-100893,2025-06-26,India,Mobile,Organic Search,12,81,367.2,0.558,45,5,1,56.37,42,1,0,0.15,1,0.0833,0.2,6.75,64.36,Product Researchers,0,Product Researchers
CUST-100894,2025-02-10,India,Desktop,Organic Search,22,120,511.2,0.09,68,10,3,386.9,10,1,0,0.301,1,0.1364,0.3,5.45,85.35,High Value Loyal,2,High Value Loyal Customers
CUST-100895,2025-01-07,United Kingdom,Desktop,Paid Search,4,17,60.1,0.87,10,0,0,0.0,152,1,0,0.006,0,0.0,0.0,4.25,22.62,One-time Visitors,3,Engaged Non-Buyers
CUST-100896,2025-02-11,United States,Desktop,Organic Search,18,96,431.5,0.244,44,3,0,0.0,48,4,0,0.521,1,0.0,0.0,5.33,70.67,Engaged Non-Buyers,0,Product Researchers
CUST-100897,2025-02-06,United Kingdom,Mobile,Organic Search,19,106,249.6,0.314,43,7,5,365.02,35,2,1,0.643,0,0.2632,0.7143,5.58,60.3,Deal Seekers,4,Engaged Non-Buyers
CUST-100898,2025-06-17,United Kingdom,Desktop,Referral,13,85,446.8,0.205,43,6,1,64.33,25,1,1,0.896,1,0.0769,0.1667,6.54,75.87,Deal Seekers,4,Engaged Non-Buyers
CUST-100899,2025-04-10,Netherlands,Mobile,Paid Search,1,12,109.7,0.639,6,2,0,0.0,116,1,0,0.073,0,0.0,0.0,12.0,41.35,One-time Visitors,1,Low Engagement / At-Risk Visitors
CUST-100900,2025-03-23,United Kingdom,Tablet,Paid Search,3,17,74.0,0.743,6,0,1,53.68,116,0,0,0.215,0,0.3333,0.0,5.67,29.69,One-time Visitors,3,Engaged Non-Buyers
CUST-100901,2025-03-01,United Kingdom,Mobile,Paid Search,19,137,498.5,0.249,78,8,8,842.26,8,0,1,0.177,1,0.4211,1.0,7.21,86.23,High Value Loyal,2,High Value Loyal Customers
CUST-100902,2025-02-10,United Kingdom,Mobile,Paid Social,6,28,47.3,0.834,9,0,0,0.0,65,0,0,0.125,0,0.0,0.0,4.67,23.87,One-time Visitors,3,Engaged Non-Buyers
CUST-100903,2025-04-17,United Kingdom,Tablet,Organic Search,4,22,81.0,0.589,8,0,0,0.0,104,1,0,0.368,0,0.0,0.0,5.5,33.96,One-time Visitors,3,Engaged Non-Buyers
CUST-100904,2025-04-16,United Kingdom,Desktop,Direct,3,11,64.4,0.645,6,0,0,0.0,107,0,0,0.325,0,0.0,0.0,3.67,25.41,One-time Visitors,3,Engaged Non-Buyers
CUST-100905,2025-02-15,United Kingdom,Desktop,Paid Search,17,109,310.5,0.249,58,2,1,91.99,33,0,1,0.197,1,0.0588,0.5,6.41,72.17,Product Researchers,0,Product Researchers
CUST-100906,2025-04-22,Germany,Desktop,Referral,13,92,596.1,0.689,48,5,0,0.0,42,2,0,0.242,1,0.0,0.0,7.08,74.47,Engaged Non-Buyers,0,Product Researchers
CUST-100907,2025-01-25,United Kingdom,Mobile,Direct,17,102,414.2,0.03,56,4,0,0.0,71,1,0,0.779,1,0.0,0.0,6.0,80.95,Product Researchers,0,Product Researchers
CUST-100908,2025-06-04,United States,Mobile,Organic Search,13,93,210.4,0.309,52,4,2,127.81,6,0,0,0.844,0,0.1538,0.5,7.15,66.16,Deal Seekers,4,Engaged Non-Buyers
CUST-100909,2025-05-28,India,Mobile,Email,20,99,365.6,0.155,45,6,5,173.25,14,3,0,0.829,0,0.25,0.8333,4.95,68.71,Deal Seekers,4,Engaged Non-Buyers
CUST-100910,2025-03-16,United Kingdom,Mobile,Organic Search,3,14,98.8,0.935,6,0,0,0.0,62,0,0,0.262,1,0.0,0.0,4.67,22.99,One-time Visitors,3,Engaged Non-Buyers
CUST-100911,2025-01-17,United Kingdom,Desktop,Paid Search,14,94,535.9,0.266,52,1,1,45.8,34,0,3,0.438,0,0.0714,1.0,6.71,82.12,Product Researchers,4,Engaged Non-Buyers
CUST-100912,2025-03-27,United States,Mobile,Paid Search,2,9,72.2,0.867,3,1,1,44.08,98,0,0,0.202,0,0.5,1.0,4.5,21.93,One-time Visitors,3,Engaged Non-Buyers
CUST-100913,2025-04-11,Germany,Mobile,Paid Search,3,23,101.7,0.78,9,1,0,0.0,144,1,0,0.017,0,0.0,0.0,7.67,37.32,One-time Visitors,1,Low Engagement / At-Risk Visitors
CUST-100914,2025-06-09,United Kingdom,Desktop,Direct,16,103,442.5,0.548,48,3,0,0.0,34,2,4,0.829,1,0.0,0.0,6.44,68.3,Deal Seekers,0,Product Researchers
CUST-100915,2025-02-06,United States,Mobile,Organic Search,20,114,450.3,0.228,49,1,1,91.71,14,2,0,0.297,0,0.05,1.0,5.7,74.7,Product Researchers,4,Engaged Non-Buyers
CUST-100916,2025-05-05,Germany,Mobile,Organic Search,3,19,127.2,0.861,6,0,1,28.58,69,2,0,0.198,0,0.3333,0.0,6.33,31.47,One-time Visitors,3,Engaged Non-Buyers
CUST-100917,2025-06-14,United Kingdom,Mobile,Direct,14,80,380.4,0.269,43,0,1,84.71,42,0,0,0.387,0,0.0714,0.0,5.71,68.38,Product Researchers,0,Product Researchers
CUST-100918,2025-03-27,Germany,Mobile,Paid Search,18,110,298.5,0.454,43,8,3,139.36,15,5,1,0.747,1,0.1667,0.375,6.11,60.91,Deal Seekers,4,Engaged Non-Buyers
CUST-100919,2025-02-18,France,Desktop,Paid Search,24,109,550.9,0.193,44,0,0,0.0,54,1,1,0.139,1,0.0,0.0,4.54,75.45,Engaged Non-Buyers,0,Product Researchers
CUST-100920,2025-04-18,United Kingdom,Mobile,Paid Social,13,90,320.0,0.316,58,3,0,0.0,14,4,1,0.277,1,0.0,0.0,6.92,72.58,Product Researchers,0,Product Researchers
CUST-100921,2025-05-03,Germany,Desktop,Organic Search,13,75,427.5,0.138,42,3,0,0.0,38,0,1,0.794,1,0.0,0.0,5.77,73.87,Deal Seekers,0,Product Researchers
CUST-100922,2025-05-17,India,Mobile,Paid Search,11,91,336.8,0.348,50,5,0,0.0,52,6,0,0.4,1,0.0,0.0,8.27,73.52,Product Researchers,0,Product Researchers
CUST-100923,2025-01-25,United Kingdom,Tablet,Organic Search,20,100,251.7,0.153,44,5,1,60.48,31,0,2,0.283,1,0.05,0.2,5.0,62.92,Deal Seekers,0,Product Researchers
CUST-100924,2025-03-29,Germany,Desktop,Email,22,102,424.3,0.387,44,10,2,171.44,8,2,1,0.457,0,0.0909,0.2,4.64,64.58,Deal Seekers,4,Engaged Non-Buyers
CUST-100925,2025-01-27,United Kingdom,Desktop,Referral,2,7,75.6,0.789,3,0,0,0.0,108,0,0,0.328,0,0.0,0.0,3.5,20.9,One-time Visitors,3,Engaged Non-Buyers
CUST-100926,2025-01-08,Australia,Desktop,Email,2,8,113.6,0.577,5,0,0,0.0,85,0,0,0.047,0,0.0,0.0,4.0,30.3,One-time Visitors,3,Engaged Non-Buyers
CUST-100927,2025-05-04,United States,Mobile,Paid Social,10,74,431.0,0.355,46,1,0,0.0,57,3,1,0.677,0,0.0,0.0,7.4,74.96,Product Researchers,0,Product Researchers
CUST-100928,2025-03-16,United Kingdom,Mobile,Organic Search,22,96,404.6,0.189,34,4,1,75.5,39,3,0,0.918,1,0.0455,0.25,4.36,64.59,Deal Seekers,4,Engaged Non-Buyers
CUST-100929,2025-02-15,United Kingdom,Mobile,Direct,12,71,344.8,0.245,50,2,0,0.0,15,1,1,0.215,1,0.0,0.0,5.92,69.99,Product Researchers,0,Product Researchers
CUST-100930,2025-05-21,United States,Mobile,Organic Search,14,92,434.1,0.315,52,4,0,0.0,12,4,0,0.551,1,0.0,0.0,6.57,75.36,Product Researchers,0,Product Researchers
CUST-100931,2025-04-01,United Kingdom,Desktop,Email,17,111,423.6,0.336,64,3,1,63.26,47,5,2,0.181,1,0.0588,0.3333,6.53,77.87,Product Researchers,0,Product Researchers
CUST-100932,2025-03-03,Germany,Desktop,Paid Search,25,109,401.8,0.309,39,6,2,117.95,13,2,0,0.779,1,0.08,0.3333,4.36,62.98,Deal Seekers,4,Engaged Non-Buyers
CUST-100933,2025-02-26,United States,Mobile,Paid Search,3,20,82.9,0.832,10,0,0,0.0,139,0,0,0.328,0,0.0,0.0,6.67,32.26,One-time Visitors,3,Engaged Non-Buyers
CUST-100934,2025-04-14,India,Mobile,Paid Search,16,80,350.3,0.299,30,7,4,209.02,31,3,0,0.577,1,0.25,0.5714,5.0,59.91,Deal Seekers,4,Engaged Non-Buyers
CUST-100935,2025-03-22,Germany,Mobile,Paid Social,27,138,481.9,0.336,56,8,5,767.98,9,2,0,0.163,1,0.1852,0.625,5.11,73.91,High Value Loyal,2,High Value Loyal Customers
CUST-100936,2025-04-03,France,Mobile,Referral,3,8,97.0,0.651,3,0,0,0.0,99,0,0,0.296,0,0.0,0.0,2.67,22.82,One-time Visitors,3,Engaged Non-Buyers
CUST-100937,2025-05-09,United Kingdom,Mobile,Paid Social,5,26,113.0,0.853,4,0,0,0.0,53,0,0,0.167,1,0.0,0.0,5.2,26.81,One-time Visitors,3,Engaged Non-Buyers
CUST-100938,2025-01-17,United Kingdom,Desktop,Email,17,95,251.6,0.319,46,4,1,47.6,14,2,1,0.709,1,0.0588,0.25,5.59,61.21,Deal Seekers,4,Engaged Non-Buyers
CUST-100939,2025-03-24,United Kingdom,Tablet,Paid Social,11,84,400.3,0.321,58,8,1,91.28,6,6,1,0.573,1,0.0909,0.125,7.64,78.71,Deal Seekers,0,Product Researchers
CUST-100940,2025-02-04,United States,Mobile,Paid Social,4,22,53.4,0.384,12,0,0,0.0,154,1,0,0.108,0,0.0,0.0,5.5,38.95,One-time Visitors,3,Engaged Non-Buyers
CUST-100941,2025-03-01,United Kingdom,Mobile,Paid Search,19,105,464.6,0.173,43,5,0,0.0,59,2,1,0.23,1,0.0,0.0,5.53,74.41,Engaged Non-Buyers,0,Product Researchers
CUST-100942,2025-04-09,United Kingdom,Desktop,Paid Search,22,84,407.4,0.043,32,4,0,0.0,27,3,0,0.438,1,0.0,0.0,3.82,66.06,Deal Seekers,0,Product Researchers
CUST-100943,2025-01-29,Australia,Mobile,Direct,23,119,316.9,0.219,41,2,0,0.0,50,0,1,0.49,1,0.0,0.0,5.17,64.15,Product Researchers,0,Product Researchers
CUST-100944,2025-05-18,Canada,Mobile,Paid Search,23,116,147.9,0.467,46,4,0,0.0,35,0,1,0.536,1,0.0,0.0,5.04,50.64,Deal Seekers,0,Product Researchers
CUST-100945,2025-02-22,United Kingdom,Mobile,Paid Social,5,19,67.9,0.484,2,0,0,0.0,78,0,0,0.34,0,0.0,0.0,3.8,28.78,One-time Visitors,3,Engaged Non-Buyers
CUST-100946,2025-01-06,India,Mobile,Paid Search,13,103,383.7,0.231,51,2,0,0.0,68,0,1,0.177,0,0.0,0.0,7.92,78.88,Product Researchers,0,Product Researchers
CUST-100947,2025-01-09,United Kingdom,Mobile,Paid Search,11,86,598.6,0.209,57,3,1,50.67,8,3,2,0.306,0,0.0909,0.3333,7.82,91.68,Product Researchers,0,Product Researchers
CUST-100948,2025-03-27,Australia,Mobile,Organic Search,8,34,101.7,0.725,5,0,0,0.0,133,0,0,0.326,0,0.0,0.0,4.25,26.77,One-time Visitors,3,Engaged Non-Buyers
CUST-100949,2025-01-08,France,Desktop,Direct,23,130,358.5,0.246,58,6,1,48.84,61,1,1,0.332,0,0.0435,0.1667,5.65,72.28,Product Researchers,0,Product Researchers
CUST-100950,2025-05-20,United States,Desktop,Paid Search,15,78,386.4,0.463,41,7,2,138.34,11,5,2,0.543,1,0.1333,0.2857,5.2,61.6,Deal Seekers,4,Engaged Non-Buyers
CUST-100951,2025-04-30,India,Mobile,Paid Search,14,98,359.0,0.101,62,2,0,0.0,70,1,1,0.362,0,0.0,0.0,7.0,81.38,Product Researchers,0,Product Researchers
CUST-100952,2025-06-23,United Kingdom,Mobile,Direct,15,85,526.5,0.274,45,4,0,0.0,14,4,1,0.214,1,0.0,0.0,5.67,76.03,Engaged Non-Buyers,0,Product Researchers
CUST-100953,2025-04-15,United Kingdom,Tablet,Direct,5,17,107.6,0.423,9,0,0,0.0,79,0,1,0.439,0,0.0,0.0,3.4,33.2,One-time Visitors,3,Engaged Non-Buyers
CUST-100954,2025-05-17,Germany,Desktop,Organic Search,17,107,526.1,0.047,56,1,1,66.19,69,3,2,0.406,1,0.0588,1.0,6.29,87.03,Product Researchers,4,Engaged Non-Buyers
CUST-100955,2025-02-07,United Kingdom,Tablet,Organic Search,6,23,108.1,0.92,5,0,0,0.0,153,0,1,0.056,0,0.0,0.0,3.83,20.94,One-time Visitors,3,Engaged Non-Buyers
CUST-100956,2025-02-02,United Kingdom,Tablet,Direct,33,150,407.7,0.245,61,7,2,225.34,3,4,1,0.158,1,0.0606,0.2857,4.55,72.23,High Value Loyal,0,Product Researchers
CUST-100957,2025-04-01,United Kingdom,Desktop,Direct,18,114,431.7,0.248,58,3,0,0.0,8,2,1,0.375,0,0.0,0.0,6.33,78.02,Product Researchers,0,Product Researchers
CUST-100958,2025-05-25,Germany,Mobile,Organic Search,18,91,423.2,0.318,42,4,0,0.0,10,0,1,0.313,1,0.0,0.0,5.06,66.94,Engaged Non-Buyers,0,Product Researchers
CUST-100959,2025-06-16,India,Mobile,Organic Search,18,94,256.1,0.33,36,8,1,66.3,7,1,2,0.762,1,0.0556,0.125,5.22,56.95,Deal Seekers,4,Engaged Non-Buyers
CUST-100960,2025-06-26,United Kingdom,Mobile,Paid Social,19,104,343.9,0.16,46,3,1,9.09,55,1,0,0.443,1,0.0526,0.3333,5.47,69.46,Engaged Non-Buyers,0,Product Researchers
CUST-100961,2025-06-08,United States,Desktop,Referral,20,99,438.3,0.332,40,7,0,0.0,9,2,0,0.623,1,0.0,0.0,4.95,66.4,Engaged Non-Buyers,0,Product Researchers
CUST-100962,2025-03-17,France,Desktop,Organic Search,2,16,44.3,0.63,9,0,0,0.0,81,0,0,0.203,0,0.0,0.0,8.0,39.23,One-time Visitors,1,Low Engagement / At-Risk Visitors
CUST-100963,2025-05-30,United Kingdom,Mobile,Display,18,114,332.8,0.231,48,2,2,167.93,36,1,1,0.364,1,0.1111,1.0,6.33,70.41,Product Researchers,4,Engaged Non-Buyers
CUST-100964,2025-06-02,Netherlands,Mobile,Direct,29,159,719.3,0.036,69,14,5,486.5,9,0,1,0.176,1,0.1724,0.3571,5.48,91.24,High Value Loyal,2,High Value Loyal Customers
CUST-100965,2025-05-19,India,Mobile,Paid Search,20,91,321.3,0.231,44,8,1,39.78,40,1,2,0.849,1,0.05,0.125,4.55,63.05,Deal Seekers,4,Engaged Non-Buyers
CUST-100966,2025-04-21,United Kingdom,Tablet,Organic Search,2,11,74.4,0.7,3,1,0,0.0,109,0,0,0.067,0,0.0,0.0,5.5,29.34,One-time Visitors,3,Engaged Non-Buyers
CUST-100967,2025-03-29,United States,Desktop,Paid Search,19,118,407.5,0.457,55,2,1,51.31,38,2,2,0.691,1,0.0526,0.5,6.21,70.29,Product Researchers,4,Engaged Non-Buyers
CUST-100968,2025-02-21,Canada,Desktop,Paid Social,3,18,63.5,0.718,9,0,0,0.0,87,1,0,0.445,0,0.0,0.0,6.0,31.73,One-time Visitors,3,Engaged Non-Buyers
CUST-100969,2025-05-05,France,Mobile,Referral,17,93,352.3,0.401,44,6,3,98.25,42,0,0,0.538,1,0.1765,0.5,5.47,63.22,Deal Seekers,4,Engaged Non-Buyers
CUST-100970,2025-06-10,United Kingdom,Desktop,Display,21,109,437.7,0.317,53,3,1,64.31,22,1,0,0.403,0,0.0476,0.3333,5.19,71.48,Engaged Non-Buyers,0,Product Researchers
CUST-100971,2025-06-05,India,Mobile,Email,18,104,557.5,0.398,45,3,0,0.0,17,5,0,0.037,0,0.0,0.0,5.78,74.84,Engaged Non-Buyers,0,Product Researchers
CUST-100972,2025-03-30,Australia,Mobile,Organic Search,3,12,96.8,0.832,2,1,0,0.0,135,0,0,0.203,0,0.0,0.0,4.0,22.16,One-time Visitors,3,Engaged Non-Buyers
CUST-100973,2025-02-20,United States,Mobile,Referral,18,101,316.4,0.199,41,6,3,209.79,13,2,3,0.358,1,0.1667,0.5,5.61,65.99,Deal Seekers,4,Engaged Non-Buyers
CUST-100974,2025-02-22,Germany,Mobile,Email,19,121,299.8,0.535,57,7,2,115.0,9,3,0,0.802,1,0.1053,0.2857,6.37,64.05,Deal Seekers,4,Engaged Non-Buyers
CUST-100975,2025-02-22,United Kingdom,Desktop,Organic Search,26,135,596.9,0.197,63,10,8,468.5,9,2,0,0.296,1,0.3077,0.8,5.19,85.54,High Value Loyal,2,High Value Loyal Customers
CUST-100976,2025-06-27,United States,Desktop,Organic Search,32,147,532.5,0.052,57,18,6,548.72,2,0,2,0.276,1,0.1875,0.3333,4.59,82.22,High Value Loyal,2,High Value Loyal Customers
CUST-100977,2025-03-15,United Kingdom,Mobile,Paid Search,4,17,77.6,0.764,8,1,0,0.0,171,0,0,0.348,0,0.0,0.0,4.25,25.53,One-time Visitors,3,Engaged Non-Buyers
CUST-100978,2025-03-24,United Kingdom,Mobile,Direct,13,92,296.9,0.352,50,4,0,0.0,18,0,0,0.376,1,0.0,0.0,7.08,68.54,Product Researchers,0,Product Researchers
CUST-100979,2025-02-17,United States,Mobile,Paid Search,5,21,95.5,0.527,11,0,0,0.0,112,0,0,0.133,0,0.0,0.0,4.2,33.1,One-time Visitors,3,Engaged Non-Buyers
CUST-100980,2025-04-23,Australia,Mobile,Paid Social,16,77,482.2,0.486,29,3,2,155.03,9,1,0,0.917,1,0.125,0.6667,4.81,60.92,Deal Seekers,4,Engaged Non-Buyers
CUST-100981,2025-05-14,United States,Desktop,Organic Search,23,116,361.9,0.159,37,5,2,124.79,29,2,0,0.751,1,0.087,0.4,5.04,66.28,Deal Seekers,4,Engaged Non-Buyers
CUST-100982,2025-04-29,Germany,Desktop,Organic Search,14,96,324.2,0.112,47,2,0,0.0,35,2,3,0.219,1,0.0,0.0,6.86,74.3,Engaged Non-Buyers,0,Product Researchers
CUST-100983,2025-04-06,United States,Tablet,Email,19,101,426.1,0.2,42,3,0,0.0,10,4,0,0.506,1,0.0,0.0,5.32,70.84,Engaged Non-Buyers,0,Product Researchers
CUST-100984,2025-02-01,Canada,Desktop,Email,27,141,513.6,0.282,63,10,6,760.87,12,2,0,0.066,1,0.2222,0.6,5.22,79.35,High Value Loyal,2,High Value Loyal Customers
CUST-100985,2025-05-10,Germany,Mobile,Referral,2,13,100.3,0.762,4,0,0,0.0,76,0,1,0.12,0,0.0,0.0,6.5,32.51,One-time Visitors,3,Engaged Non-Buyers
CUST-100986,2025-05-23,United Kingdom,Desktop,Paid Search,17,97,489.7,0.394,45,1,1,95.56,53,1,4,0.464,0,0.0588,1.0,5.71,71.31,Product Researchers,4,Engaged Non-Buyers
CUST-100987,2025-01-05,Netherlands,Mobile,Organic Search,37,179,611.1,0.079,64,12,3,290.87,6,1,1,0.134,1,0.0811,0.25,4.84,87.84,High Value Loyal,2,High Value Loyal Customers
CUST-100988,2025-06-29,India,Desktop,Direct,4,20,93.4,0.845,5,0,0,0.0,46,0,0,0.327,0,0.0,0.0,5.0,25.7,One-time Visitors,3,Engaged Non-Buyers
CUST-100989,2025-03-26,United Kingdom,Mobile,Direct,20,83,351.3,0.39,39,5,3,150.36,12,2,4,0.979,0,0.15,0.6,4.15,57.79,Deal Seekers,4,Engaged Non-Buyers
CUST-100990,2025-04-12,Australia,Mobile,Direct,25,120,496.9,0.062,44,5,0,0.0,29,3,0,0.703,1,0.0,0.0,4.8,76.83,Deal Seekers,0,Product Researchers
CUST-100991,2025-04-20,United States,Mobile,Display,18,105,482.3,0.164,49,4,0,0.0,14,2,1,0.266,1,0.0,0.0,5.83,78.33,Engaged Non-Buyers,0,Product Researchers
CUST-100992,2025-01-07,United States,Mobile,Direct,3,10,62.9,0.683,5,0,0,0.0,174,1,0,0.509,0,0.0,0.0,3.33,23.01,One-time Visitors,3,Engaged Non-Buyers
CUST-100993,2025-01-06,United Kingdom,Mobile,Paid Search,36,190,370.8,0.288,58,14,4,433.85,6,3,1,0.284,1,0.1111,0.2857,5.28,70.68,High Value Loyal,2,High Value Loyal Customers
CUST-100994,2025-05-15,United Kingdom,Desktop,Organic Search,4,16,37.3,0.572,7,0,0,0.0,105,0,0,0.187,1,0.0,0.0,4.0,27.21,One-time Visitors,3,Engaged Non-Buyers
CUST-100995,2025-01-27,United Kingdom,Mobile,Organic Search,30,142,516.5,0.157,61,14,6,480.61,10,1,3,0.625,1,0.2,0.4286,4.73,80.46,High Value Loyal,2,High Value Loyal Customers
CUST-100996,2025-03-27,United States,Desktop,Organic Search,21,103,445.7,0.056,37,5,0,0.0,14,7,0,0.215,1,0.0,0.0,4.9,72.6,Engaged Non-Buyers,0,Product Researchers
CUST-100997,2025-03-04,France,Desktop,Organic Search,2,11,115.9,0.781,6,0,0,0.0,85,0,0,0.094,0,0.0,0.0,5.5,30.3,One-time Visitors,3,Engaged Non-Buyers
CUST-100998,2025-06-24,United Kingdom,Mobile,Organic Search,2,14,95.6,0.9,8,1,0,0.0,45,1,0,0.593,0,0.0,0.0,7.0,31.63,One-time Visitors,1,Low Engagement / At-Risk Visitors
CUST-100999,2025-01-08,United States,Mobile,Direct,28,147,453.0,0.028,63,9,1,85.6,1,1,4,0.372,1,0.0357,0.1111,5.25,82.74,High Value Loyal,0,Product Researchers
CUST-101000,2025-04-15,United States,Mobile,Paid Search,25,137,530.1,0.11,66,9,13,890.81,2,0,0,0.118,1,0.52,1.0,5.48,85.89,High Value Loyal,2,High Value Loyal Customers
CUST-101001,2025-05-13,United Kingdom,Mobile,Organic Search,12,96,447.7,0.215,58,2,1,95.93,21,3,1,0.182,0,0.0833,0.5,8.0,84.85,Product Researchers,0,Product Researchers
CUST-101002,2025-06-22,United Kingdom,Mobile,Paid Search,13,105,328.8,0.319,61,0,1,76.95,59,0,0,0.631,0,0.0769,0.0,8.08,77.22,Product Researchers,0,Product Researchers
CUST-101003,2025-06-23,United States,Mobile,Organic Search,2,18,83.7,0.776,9,0,0,0.0,77,1,0,0.253,1,0.0,0.0,9.0,37.56,One-time Visitors,1,Low Engagement / At-Risk Visitors
CUST-101004,2025-05-06,United Kingdom,Mobile,Display,17,103,436.0,0.126,47,5,0,0.0,21,2,0,0.816,1,0.0,0.0,6.06,77.05,Deal Seekers,0,Product Researchers
CUST-101005,2025-01-20,India,Mobile,Direct,18,124,578.0,0.25,62,1,1,86.99,37,1,0,0.698,0,0.0556,1.0,6.89,88.26,Product Researchers,4,Engaged Non-Buyers
CUST-101006,2025-02-14,Australia,Mobile,Organic Search,27,151,627.1,0.009,61,11,5,628.08,8,3,0,0.225,1,0.1852,0.4545,5.59,91.03,High Value Loyal,2,High Value Loyal Customers
CUST-101007,2025-02-13,India,Mobile,Direct,16,92,389.1,0.578,40,4,2,126.27,50,2,1,0.56,1,0.125,0.5,5.75,60.27,Product Researchers,4,Engaged Non-Buyers
CUST-101008,2025-05-23,United States,Mobile,Organic Search,19,98,493.3,0.134,38,3,0,0.0,14,2,1,0.371,1,0.0,0.0,5.16,74.12,Engaged Non-Buyers,0,Product Researchers
CUST-101009,2025-02-09,United Kingdom,Desktop,Display,24,119,430.7,0.164,42,7,1,64.5,8,1,1,0.626,1,0.0417,0.1429,4.96,70.84,Deal Seekers,4,Engaged Non-Buyers
CUST-101010,2025-05-09,Canada,Mobile,Referral,5,21,64.2,0.858,6,0,0,0.0,78,1,0,0.333,0,0.0,0.0,4.2,21.73,One-time Visitors,3,Engaged Non-Buyers
CUST-101011,2025-02-09,United Kingdom,Mobile,Direct,15,58,408.6,0.17,29,4,1,50.5,37,2,1,0.575,0,0.0667,0.25,3.87,62.18,Deal Seekers,4,Engaged Non-Buyers
CUST-101012,2025-04-08,United States,Mobile,Paid Search,18,104,425.1,0.113,49,5,0,0.0,57,4,1,0.504,0,0.0,0.0,5.78,76.56,Engaged Non-Buyers,0,Product Researchers
CUST-101013,2025-01-04,India,Mobile,Direct,20,101,385.1,0.368,52,2,0,0.0,44,1,0,0.206,0,0.0,0.0,5.05,66.85,Product Researchers,0,Product Researchers
CUST-101014,2025-03-07,India,Mobile,Organic Search,32,171,683.3,0.059,65,10,2,245.18,7,0,0,0.298,1,0.0625,0.2,5.34,90.23,High Value Loyal,2,High Value Loyal Customers
CUST-101015,2025-02-22,United Kingdom,Mobile,Paid Search,2,11,40.1,0.658,6,0,0,0.0,142,0,0,0.187,0,0.0,0.0,5.5,29.6,One-time Visitors,3,Engaged Non-Buyers
CUST-101016,2025-06-02,India,Mobile,Organic Search,15,101,591.1,0.321,47,2,0,0.0,18,3,1,0.3,1,0.0,0.0,6.73,82.04,Engaged Non-Buyers,0,Product Researchers
CUST-101017,2025-06-01,Australia,Desktop,Referral,24,162,583.4,0.114,66,11,5,766.18,2,1,3,0.198,1,0.2083,0.4545,6.75,92.41,High Value Loyal,2,High Value Loyal Customers
CUST-101018,2025-03-18,United Kingdom,Mobile,Email,26,148,773.8,0.166,64,15,5,275.49,10,2,2,0.658,1,0.1923,0.3333,5.69,88.34,High Value Loyal,2,High Value Loyal Customers
CUST-101019,2025-06-04,Germany,Desktop,Email,14,83,323.1,0.283,46,9,2,136.1,44,3,0,0.624,1,0.1429,0.2222,5.93,66.76,Deal Seekers,4,Engaged Non-Buyers
CUST-101020,2025-06-27,United Kingdom,Mobile,Organic Search,15,109,550.2,0.437,57,4,0,0.0,15,0,0,0.18,0,0.0,0.0,7.27,81.83,Product Researchers,0,Product Researchers
CUST-101021,2025-05-07,Canada,Mobile,Organic Search,16,77,402.3,0.184,46,2,0,0.0,16,3,1,0.542,1,0.0,0.0,4.81,69.71,Engaged Non-Buyers,0,Product Researchers
CUST-101022,2025-03-30,United States,Mobile,Organic Search,16,95,377.3,0.228,41,5,0,0.0,24,2,0,0.166,1,0.0,0.0,5.94,69.33,Engaged Non-Buyers,0,Product Researchers
CUST-101023,2025-03-01,United States,Desktop,Organic Search,20,101,439.5,0.354,35,3,3,112.88,6,1,1,0.813,0,0.15,1.0,5.05,64.69,Deal Seekers,4,Engaged Non-Buyers
CUST-101024,2025-06-20,India,Mobile,Paid Search,34,180,384.9,0.33,71,12,6,616.44,4,1,0,0.275,1,0.1765,0.5,5.29,72.53,High Value Loyal,2,High Value Loyal Customers
CUST-101025,2025-05-26,United Kingdom,Mobile,Paid Search,3,17,95.1,0.544,5,0,1,45.52,105,0,0,0.393,0,0.3333,0.0,5.67,35.39,One-time Visitors,3,Engaged Non-Buyers
CUST-101026,2025-01-13,Australia,Mobile,Referral,11,75,354.8,0.611,57,2,1,63.6,58,1,1,0.158,1,0.0909,0.5,6.82,66.31,Product Researchers,0,Product Researchers
CUST-101027,2025-04-25,Netherlands,Tablet,Direct,17,107,318.7,0.321,51,11,3,174.64,6,3,1,0.844,1,0.1765,0.2727,6.29,68.26,Deal Seekers,4,Engaged Non-Buyers
CUST-101028,2025-05-13,United Kingdom,Mobile,Email,1,14,103.0,0.813,10,0,0,0.0,160,0,0,0.193,0,0.0,0.0,14.0,37.91,One-time Visitors,1,Low Engagement / At-Risk Visitors
CUST-101029,2025-04-21,United Kingdom,Mobile,Email,14,90,566.9,0.085,47,3,1,55.4,64,1,0,0.154,1,0.0714,0.3333,6.43,85.76,Engaged Non-Buyers,0,Product Researchers
CUST-101030,2025-01-23,United Kingdom,Desktop,Email,27,152,704.9,0.207,66,14,4,413.21,7,3,0,0.163,1,0.1481,0.2857,5.63,87.41,High Value Loyal,2,High Value Loyal Customers
CUST-101031,2025-02-23,France,Desktop,Organic Search,14,75,399.3,0.42,45,8,3,108.26,33,1,0,0.774,0,0.2143,0.375,5.36,65.05,Deal Seekers,4,Engaged Non-Buyers
CUST-101032,2025-05-01,United Kingdom,Desktop,Organic Search,20,96,505.9,0.188,40,2,1,72.74,59,2,0,0.313,0,0.05,0.5,4.8,72.91,Engaged Non-Buyers,0,Product Researchers
CUST-101033,2025-01-01,France,Mobile,Email,27,145,490.3,0.217,64,10,5,446.18,2,2,0,0.283,1,0.1852,0.5,5.37,80.56,High Value Loyal,2,High Value Loyal Customers
CUST-101034,2025-06-07,United Kingdom,Desktop,Paid Search,22,120,531.6,0.35,60,11,5,629.35,14,1,1,0.217,1,0.2273,0.4545,5.45,78.34,High Value Loyal,2,High Value Loyal Customers
CUST-101035,2025-02-01,Canada,Desktop,Paid Social,18,92,321.9,0.451,42,9,1,78.87,26,1,1,0.859,1,0.0556,0.1111,5.11,58.7,Deal Seekers,4,Engaged Non-Buyers
CUST-101036,2025-06-10,United Kingdom,Mobile,Display,5,27,85.4,0.607,10,0,0,0.0,152,0,0,0.161,0,0.0,0.0,5.4,34.04,One-time Visitors,3,Engaged Non-Buyers
CUST-101037,2025-04-02,Netherlands,Tablet,Direct,25,141,361.5,0.202,67,9,5,428.29,5,4,0,0.129,1,0.2,0.5556,5.64,75.65,High Value Loyal,2,High Value Loyal Customers
CUST-101038,2025-01-23,United States,Tablet,Paid Social,30,150,463.2,0.056,66,14,4,359.97,13,1,0,0.538,1,0.1333,0.2857,5.0,82.39,High Value Loyal,2,High Value Loyal Customers
CUST-101039,2025-03-05,United States,Mobile,Direct,2,15,21.0,0.567,7,0,0,0.0,150,0,0,0.036,0,0.0,0.0,7.5,37.47,One-time Visitors,1,Low Engagement / At-Risk Visitors
CUST-101040,2025-05-15,Germany,Mobile,Paid Social,3,15,84.5,0.724,4,1,0,0.0,69,0,0,0.315,0,0.0,0.0,5.0,27.99,One-time Visitors,3,Engaged Non-Buyers
CUST-101041,2025-06-23,United States,Mobile,Organic Search,3,18,90.0,0.629,7,0,0,0.0,79,1,0,0.129,0,0.0,0.0,6.0,34.67,One-time Visitors,3,Engaged Non-Buyers
CUST-101042,2025-05-02,Canada,Mobile,Organic Search,17,121,487.9,0.079,69,2,0,0.0,34,2,2,0.505,0,0.0,0.0,7.12,89.67,Product Researchers,0,Product Researchers
CUST-101043,2025-01-17,United States,Desktop,Paid Social,19,102,461.8,0.214,36,3,1,41.23,58,2,2,0.03,0,0.0526,0.3333,5.37,70.6,Engaged Non-Buyers,0,Product Researchers
CUST-101044,2025-06-26,Australia,Mobile,Paid Search,29,156,516.1,0.134,74,12,11,1306.24,8,1,0,0.192,1,0.3793,0.9167,5.38,84.26,High Value Loyal,2,High Value Loyal Customers
CUST-101045,2025-04-02,United Kingdom,Desktop,Organic Search,16,100,454.7,0.394,60,0,1,78.42,21,2,0,0.362,1,0.0625,0.0,6.25,75.89,Product Researchers,0,Product Researchers
CUST-101046,2025-01-26,United States,Mobile,Organic Search,18,120,376.8,0.411,66,4,1,37.33,22,2,1,0.167,1,0.0556,0.25,6.67,74.39,Product Researchers,0,Product Researchers
CUST-101047,2025-04-16,Germany,Mobile,Direct,17,109,444.7,0.448,58,2,0,0.0,20,0,1,0.545,1,0.0,0.0,6.41,73.91,Product Researchers,0,Product Researchers
CUST-101048,2025-05-01,United States,Mobile,Organic Search,12,69,346.2,0.236,37,3,0,0.0,34,0,0,0.949,1,0.0,0.0,5.75,65.76,Deal Seekers,4,Engaged Non-Buyers
CUST-101049,2025-03-21,United States,Mobile,Display,29,129,397.4,0.146,55,12,4,528.9,3,3,1,0.07,1,0.1379,0.3333,4.45,72.04,High Value Loyal,2,High Value Loyal Customers
CUST-101050,2025-02-25,Netherlands,Mobile,Organic Search,19,106,593.3,0.422,39,3,0,0.0,23,1,0,0.185,1,0.0,0.0,5.58,73.54,Engaged Non-Buyers,0,Product Researchers
CUST-101051,2025-03-16,United Kingdom,Desktop,Direct,14,98,449.2,0.311,53,5,3,208.84,29,1,1,0.503,0,0.2143,0.6,7.0,77.87,Deal Seekers,4,Engaged Non-Buyers
CUST-101052,2025-03-13,United Kingdom,Mobile,Referral,19,122,487.3,0.371,63,1,1,68.93,59,2,0,0.243,0,0.0526,1.0,6.42,79.53,Product Researchers,0,Product Researchers
CUST-101053,2025-06-17,United Kingdom,Tablet,Organic Search,14,79,485.0,0.257,44,3,0,0.0,28,2,3,0.06,1,0.0,0.0,5.64,74.01,Engaged Non-Buyers,0,Product Researchers
CUST-101054,2025-05-16,Canada,Desktop,Paid Social,24,100,271.5,0.201,38,11,4,314.78,12,3,1,0.868,1,0.1667,0.3636,4.17,58.28,Deal Seekers,4,Engaged Non-Buyers
CUST-101055,2025-05-07,United States,Desktop,Organic Search,14,100,437.9,0.069,55,2,0,0.0,19,3,1,0.448,0,0.0,0.0,7.14,84.4,Product Researchers,0,Product Researchers
CUST-101056,2025-03-19,United States,Mobile,Direct,15,93,444.1,0.113,47,2,0,0.0,63,3,0,0.208,1,0.0,0.0,6.2,78.23,Product Researchers,0,Product Researchers
CUST-101057,2025-01-18,United States,Desktop,Organic Search,44,188,396.0,0.153,63,17,5,708.9,14,1,0,0.371,1,0.1136,0.2941,4.27,73.7,High Value Loyal,2,High Value Loyal Customers
CUST-101058,2025-06-05,United Kingdom,Mobile,Organic Search,28,132,522.8,0.049,57,12,5,425.18,2,2,0,0.111,1,0.1786,0.4167,4.71,82.17,High Value Loyal,2,High Value Loyal Customers
CUST-101059,2025-03-26,France,Mobile,Email,2,13,144.9,0.791,7,1,0,0.0,171,0,0,0.084,1,0.0,0.0,6.5,34.95,One-time Visitors,3,Engaged Non-Buyers
CUST-101060,2025-02-07,United States,Mobile,Organic Search,11,84,388.5,0.285,55,2,0,0.0,46,4,3,0.596,0,0.0,0.0,7.64,78.09,Product Researchers,0,Product Researchers
CUST-101061,2025-06-06,Canada,Mobile,Paid Search,23,140,498.9,0.201,70,10,6,692.99,1,1,0,0.128,1,0.2609,0.6,6.09,83.94,High Value Loyal,2,High Value Loyal Customers
CUST-101062,2025-01-03,United Kingdom,Mobile,Email,19,92,419.3,0.063,41,6,0,0.0,22,3,0,0.848,0,0.0,0.0,4.84,72.14,Deal Seekers,4,Engaged Non-Buyers
CUST-101063,2025-02-20,United Kingdom,Tablet,Organic Search,2,13,130.1,0.617,7,1,0,0.0,137,1,0,0.333,1,0.0,0.0,6.5,38.56,One-time Visitors,3,Engaged Non-Buyers
CUST-101064,2025-05-27,Netherlands,Mobile,Paid Search,6,25,110.9,0.869,6,0,0,0.0,106,0,0,0.077,0,0.0,0.0,4.17,23.68,One-time Visitors,3,Engaged Non-Buyers
CUST-101065,2025-04-06,Germany,Desktop,Organic Search,16,97,355.8,0.278,54,0,1,74.28,63,2,0,0.193,0,0.0625,0.0,6.06,71.4,Product Researchers,0,Product Researchers
CUST-101066,2025-06-05,Netherlands,Mobile,Organic Search,19,89,327.2,0.251,35,1,2,125.72,11,3,0,0.715,0,0.1053,1.0,4.68,60.49,Deal Seekers,4,Engaged Non-Buyers
CUST-101067,2025-06-15,United States,Mobile,Email,13,74,550.2,0.31,41,3,0,0.0,24,3,0,0.434,1,0.0,0.0,5.69,75.16,Engaged Non-Buyers,0,Product Researchers
CUST-101068,2025-02-23,United Kingdom,Mobile,Referral,14,82,312.1,0.193,43,5,1,42.18,32,5,1,0.664,0,0.0714,0.2,5.86,67.32,Deal Seekers,4,Engaged Non-Buyers
CUST-101069,2025-05-06,United Kingdom,Desktop,Referral,5,21,126.8,0.762,4,1,0,0.0,128,0,0,0.321,0,0.0,0.0,4.2,26.66,One-time Visitors,3,Engaged Non-Buyers
CUST-101070,2025-01-15,United Kingdom,Mobile,Paid Social,26,143,658.7,0.171,58,13,8,992.36,3,2,1,0.203,1,0.3077,0.6154,5.5,85.75,High Value Loyal,2,High Value Loyal Customers
CUST-101071,2025-05-06,France,Mobile,Organic Search,24,122,431.1,0.116,45,4,0,0.0,29,3,0,0.336,1,0.0,0.0,5.08,73.37,Engaged Non-Buyers,0,Product Researchers
CUST-101072,2025-02-25,India,Desktop,Organic Search,5,18,146.9,0.813,8,0,0,0.0,70,1,0,0.077,0,0.0,0.0,3.6,25.74,One-time Visitors,3,Engaged Non-Buyers
CUST-101073,2025-06-12,France,Mobile,Organic Search,18,100,491.0,0.2,51,2,0,0.0,40,0,0,0.282,1,0.0,0.0,5.56,77.61,Product Researchers,0,Product Researchers
CUST-101074,2025-02-14,Germany,Mobile,Organic Search,16,87,449.9,0.087,41,3,0,0.0,55,5,1,0.594,0,0.0,0.0,5.44,74.93,Product Researchers,0,Product Researchers
CUST-101075,2025-04-13,United States,Desktop,Referral,14,100,474.7,0.195,55,2,1,92.46,67,2,1,0.676,0,0.0714,0.5,7.14,83.11,Product Researchers,4,Engaged Non-Buyers
CUST-101076,2025-06-08,India,Mobile,Paid Social,4,14,110.5,0.832,5,0,0,0.0,81,0,0,0.337,0,0.0,0.0,3.5,22.21,One-time Visitors,3,Engaged Non-Buyers
CUST-101077,2025-01-10,Netherlands,Mobile,Paid Search,14,89,475.2,0.107,52,1,2,156.21,21,2,2,0.523,1,0.1429,1.0,6.36,81.95,Product Researchers,4,Engaged Non-Buyers
CUST-101078,2025-01-25,United States,Mobile,Display,4,23,81.9,0.732,6,1,0,0.0,92,0,0,0.431,0,0.0,0.0,5.75,30.61,One-time Visitors,3,Engaged Non-Buyers
CUST-101079,2025-03-21,United Kingdom,Tablet,Organic Search,36,177,568.8,0.112,59,10,6,658.36,14,1,2,0.257,1,0.1667,0.6,4.92,84.17,High Value Loyal,2,High Value Loyal Customers
CUST-101080,2025-04-19,United Kingdom,Desktop,Paid Social,18,106,335.6,0.229,55,4,0,0.0,58,0,1,0.311,0,0.0,0.0,5.89,71.38,Product Researchers,0,Product Researchers
CUST-101081,2025-01-22,United Kingdom,Desktop,Organic Search,3,17,113.9,0.699,8,0,0,0.0,168,1,0,0.251,0,0.0,0.0,5.67,33.39,One-time Visitors,3,Engaged Non-Buyers
CUST-101082,2025-03-31,United States,Mobile,Paid Search,16,96,702.2,0.459,46,7,1,57.16,21,3,0,0.761,0,0.0625,0.1429,6.0,76.42,Product Researchers,0,Product Researchers
CUST-101083,2025-02-04,Australia,Desktop,Organic Search,17,92,571.4,0.42,47,6,0,0.0,27,2,3,0.097,1,0.0,0.0,5.41,74.46,Engaged Non-Buyers,0,Product Researchers
CUST-101084,2025-06-01,United Kingdom,Mobile,Direct,13,106,288.4,0.348,60,5,0,0.0,21,0,0,0.308,1,0.0,0.0,8.15,74.18,Product Researchers,0,Product Researchers
CUST-101085,2025-05-15,United Kingdom,Mobile,Organic Search,22,105,453.7,0.182,40,6,5,384.37,16,1,0,0.777,1,0.2273,0.8333,4.77,70.37,Deal Seekers,4,Engaged Non-Buyers
CUST-101086,2025-03-25,India,Tablet,Paid Search,16,98,93.9,0.323,44,4,1,31.67,29,1,2,0.212,0,0.0625,0.25,6.12,54.29,Engaged Non-Buyers,0,Product Researchers
CUST-101087,2025-06-08,United Kingdom,Desktop,Organic Search,18,101,533.4,0.17,49,2,1,78.97,50,2,0,0.721,1,0.0556,0.5,5.61,80.04,Product Researchers,4,Engaged Non-Buyers
CUST-101088,2025-06-12,India,Mobile,Direct,20,140,374.7,0.285,64,4,1,91.66,68,2,2,0.55,0,0.05,0.25,7.0,78.18,Product Researchers,0,Product Researchers
CUST-101089,2025-06-18,India,Desktop,Referral,2,16,72.4,0.561,5,1,0,0.0,174,0,0,0.056,0,0.0,0.0,8.0,41.12,One-time Visitors,1,Low Engagement / At-Risk Visitors
CUST-101090,2025-02-15,Netherlands,Mobile,Direct,16,88,675.1,0.281,43,5,1,56.39,34,2,1,0.219,1,0.0625,0.2,5.5,78.39,Engaged Non-Buyers,0,Product Researchers
CUST-101091,2025-05-30,United Kingdom,Mobile,Paid Social,19,119,427.7,0.252,40,10,2,91.66,20,4,0,0.503,1,0.1053,0.2,6.26,71.97,Deal Seekers,4,Engaged Non-Buyers
CUST-101092,2025-02-23,United States,Desktop,Paid Search,17,98,437.3,0.227,47,3,1,81.01,27,1,1,0.81,1,0.0588,0.3333,5.76,73.66,Engaged Non-Buyers,4,Engaged Non-Buyers
CUST-101093,2025-01-05,United States,Mobile,Organic Search,14,99,304.1,0.066,55,2,1,58.47,19,2,1,0.511,0,0.0714,0.5,7.07,77.57,Product Researchers,0,Product Researchers
CUST-101094,2025-05-24,United Kingdom,Desktop,Paid Search,12,81,556.4,0.398,55,2,1,102.67,24,6,0,0.536,1,0.0833,0.5,6.75,80.89,Product Researchers,0,Product Researchers
CUST-101095,2025-01-26,United States,Desktop,Direct,23,115,403.4,0.336,36,9,3,207.27,39,3,2,0.672,1,0.1304,0.3333,5.0,63.47,Deal Seekers,4,Engaged Non-Buyers
CUST-101096,2025-03-25,United Kingdom,Mobile,Referral,21,98,515.2,0.519,35,3,0,0.0,21,1,1,0.426,1,0.0,0.0,4.67,63.14,Engaged Non-Buyers,0,Product Researchers
CUST-101097,2025-03-25,India,Mobile,Organic Search,12,73,438.5,0.27,35,7,0,0.0,8,3,1,0.221,1,0.0,0.0,6.08,69.96,Engaged Non-Buyers,0,Product Researchers
CUST-101098,2025-03-01,United Kingdom,Mobile,Direct,17,106,417.5,0.229,46,0,0,0.0,37,1,1,0.414,1,0.0,0.0,6.24,73.8,Product Researchers,0,Product Researchers
CUST-101099,2025-04-01,United States,Mobile,Organic Search,22,103,404.4,0.157,33,6,0,0.0,23,1,1,0.647,0,0.0,0.0,4.68,66.08,Deal Seekers,0,Product Researchers
CUST-101100,2025-04-13,France,Mobile,Paid Social,20,117,459.6,0.315,46,3,0,0.0,30,2,1,0.081,1,0.0,0.0,5.85,72.53,Engaged Non-Buyers,0,Product Researchers
CUST-101101,2025-04-09,Netherlands,Tablet,Organic Search,26,132,444.4,0.471,57,13,8,1229.54,3,2,3,0.355,1,0.3077,0.6154,5.08,68.84,High Value Loyal,2,High Value Loyal Customers
CUST-101102,2025-02-12,United Kingdom,Mobile,Direct,29,157,457.4,0.198,73,10,2,250.42,12,3,0,0.593,1,0.069,0.2,5.41,79.83,High Value Loyal,4,Engaged Non-Buyers
CUST-101103,2025-03-19,United Kingdom,Mobile,Organic Search,13,93,460.8,0.317,50,2,1,83.9,44,0,2,0.399,1,0.0769,0.5,7.15,77.86,Product Researchers,0,Product Researchers
CUST-101104,2025-06-11,Canada,Tablet,Organic Search,3,13,145.1,0.759,7,0,0,0.0,112,0,1,0.066,0,0.0,0.0,4.33,28.98,One-time Visitors,3,Engaged Non-Buyers
CUST-101105,2025-03-03,France,Desktop,Organic Search,26,148,506.8,0.164,71,8,6,637.62,1,2,0,0.292,1,0.2308,0.75,5.69,84.02,High Value Loyal,2,High Value Loyal Customers
CUST-101106,2025-04-18,India,Mobile,Display,19,87,212.5,0.236,38,4,2,80.9,44,0,1,0.482,1,0.1053,0.5,4.58,55.71,Deal Seekers,4,Engaged Non-Buyers
CUST-101107,2025-01-29,India,Mobile,Organic Search,25,175,631.7,0.161,86,16,6,332.01,9,0,1,0.152,1,0.24,0.375,7.0,92.84,High Value Loyal,2,High Value Loyal Customers
CUST-101108,2025-06-26,United Kingdom,Mobile,Direct,16,86,456.6,0.235,38,6,0,0.0,39,3,1,0.872,1,0.0,0.0,5.38,70.43,Deal Seekers,4,Engaged Non-Buyers
CUST-101109,2025-02-13,Germany,Mobile,Paid Social,14,96,534.4,0.175,46,7,4,274.58,32,1,0,0.403,0,0.2857,0.5714,6.86,82.92,Deal Seekers,4,Engaged Non-Buyers
CUST-101110,2025-03-09,France,Desktop,Organic Search,25,127,377.5,0.084,57,12,6,605.07,1,1,1,0.183,1,0.24,0.5,5.08,75.19,High Value Loyal,2,High Value Loyal Customers
CUST-101111,2025-05-27,Australia,Desktop,Paid Social,42,185,501.1,0.375,59,5,3,315.04,8,2,1,0.709,1,0.0714,0.6,4.4,72.6,High Value Loyal,4,Engaged Non-Buyers
CUST-101112,2025-06-05,Canada,Desktop,Paid Social,23,126,470.0,0.287,51,2,1,47.06,30,1,0,0.414,0,0.0435,0.5,5.48,74.14,Product Researchers,0,Product Researchers
CUST-101113,2025-01-08,United Kingdom,Desktop,Paid Search,33,157,467.1,0.105,54,12,1,106.94,14,1,1,0.292,1,0.0303,0.0833,4.76,77.21,High Value Loyal,0,Product Researchers
CUST-101114,2025-04-30,Australia,Mobile,Organic Search,5,25,79.1,0.692,5,0,0,0.0,153,0,0,0.316,0,0.0,0.0,5.0,28.83,One-time Visitors,3,Engaged Non-Buyers
CUST-101115,2025-05-09,United Kingdom,Mobile,Paid Social,15,104,264.9,0.111,59,2,0,0.0,30,2,1,0.456,1,0.0,0.0,6.93,75.28,Product Researchers,0,Product Researchers
CUST-101116,2025-06-14,Germany,Mobile,Organic Search,17,102,592.0,0.042,59,18,7,706.01,14,4,0,0.227,1,0.4118,0.3889,6.0,90.45,High Value Loyal,2,High Value Loyal Customers
CUST-101117,2025-01-07,Canada,Desktop,Display,5,14,40.3,0.819,6,0,0,0.0,107,1,0,0.483,0,0.0,0.0,2.8,17.12,One-time Visitors,3,Engaged Non-Buyers
CUST-101118,2025-02-06,India,Mobile,Direct,2,9,65.0,0.79,7,1,0,0.0,92,0,0,0.39,0,0.0,0.0,4.5,24.72,One-time Visitors,3,Engaged Non-Buyers
CUST-101119,2025-06-22,France,Mobile,Organic Search,17,83,347.0,0.161,38,3,3,199.74,30,2,1,0.767,1,0.1765,1.0,4.88,65.28,Deal Seekers,4,Engaged Non-Buyers
CUST-101120,2025-01-12,India,Mobile,Referral,30,169,555.7,0.118,65,14,3,440.93,7,3,1,0.312,1,0.1,0.2143,5.63,87.43,High Value Loyal,2,High Value Loyal Customers
CUST-101121,2025-03-26,France,Mobile,Direct,3,14,87.8,0.691,7,1,0,0.0,114,0,0,0.522,0,0.0,0.0,4.67,28.86,One-time Visitors,3,Engaged Non-Buyers
CUST-101122,2025-03-02,Germany,Desktop,Email,1,7,59.2,0.729,6,0,0,0.0,134,0,0,0.033,0,0.0,0.0,7.0,33.45,One-time Visitors,1,Low Engagement / At-Risk Visitors
CUST-101123,2025-02-03,United States,Mobile,Paid Social,22,97,503.8,0.4,35,2,0,0.0,45,3,0,0.36,1,0.0,0.0,4.41,64.75,Engaged Non-Buyers,0,Product Researchers
CUST-101124,2025-02-19,United Kingdom,Mobile,Organic Search,2,12,63.2,0.572,7,0,1,45.99,169,1,1,0.025,1,0.5,0.0,6.0,34.76,One-time Visitors,3,Engaged Non-Buyers
CUST-101125,2025-02-13,United States,Desktop,Paid Search,3,14,30.9,0.806,4,0,0,0.0,109,0,0,0.138,0,0.0,0.0,4.67,22.2,One-time Visitors,3,Engaged Non-Buyers
CUST-101126,2025-05-25,United States,Mobile,Paid Search,15,80,421.6,0.339,43,3,3,184.68,16,3,0,0.623,1,0.2,1.0,5.33,67.51,Deal Seekers,4,Engaged Non-Buyers
CUST-101127,2025-06-05,United Kingdom,Mobile,Organic Search,9,75,483.4,0.603,47,7,2,103.43,26,2,0,0.75,1,0.2222,0.2857,8.33,73.56,Deal Seekers,4,Engaged Non-Buyers
CUST-101128,2025-06-19,United Kingdom,Tablet,Direct,25,146,440.7,0.056,68,9,3,466.12,7,3,0,0.366,1,0.12,0.3333,5.84,83.89,High Value Loyal,2,High Value Loyal Customers
CUST-101129,2025-04-20,United Kingdom,Tablet,Organic Search,3,13,140.2,0.77,6,1,1,39.67,56,2,0,0.009,0,0.3333,1.0,4.33,28.15,One-time Visitors,3,Engaged Non-Buyers
CUST-101130,2025-06-24,Canada,Tablet,Display,10,78,382.9,0.275,53,2,2,175.79,37,2,0,0.371,1,0.2,1.0,7.8,77.96,Product Researchers,4,Engaged Non-Buyers
CUST-101131,2025-05-23,United Kingdom,Mobile,Organic Search,16,100,292.3,0.337,38,8,0,0.0,14,3,1,0.883,1,0.0,0.0,6.25,62.41,Deal Seekers,4,Engaged Non-Buyers
CUST-101132,2025-03-12,United Kingdom,Desktop,Paid Search,22,120,348.2,0.085,65,11,1,137.9,1,4,0,0.16,1,0.0455,0.0909,5.45,77.33,High Value Loyal,0,Product Researchers
CUST-101133,2025-04-24,Germany,Mobile,Organic Search,24,112,339.6,0.278,43,2,2,44.61,34,1,1,0.872,1,0.0833,1.0,4.67,62.85,Deal Seekers,4,Engaged Non-Buyers
CUST-101134,2025-01-20,United Kingdom,Mobile,Referral,4,19,112.1,0.667,5,0,0,0.0,86,0,0,0.229,0,0.0,0.0,4.75,30.32,One-time Visitors,3,Engaged Non-Buyers
CUST-101135,2025-01-27,United Kingdom,Desktop,Organic Search,24,109,252.6,0.656,37,4,0,0.0,6,2,0,0.686,1,0.0,0.0,4.54,46.79,Deal Seekers,4,Engaged Non-Buyers
CUST-101136,2025-03-07,Canada,Mobile,Direct,30,159,534.4,0.208,67,12,2,284.16,6,1,0,0.287,1,0.0667,0.1667,5.3,83.07,High Value Loyal,2,High Value Loyal Customers
CUST-101137,2025-01-08,United Kingdom,Desktop,Display,17,105,584.7,0.382,45,1,0,0.0,70,0,2,0.577,1,0.0,0.0,6.18,77.83,Product Researchers,0,Product Researchers
CUST-101138,2025-05-08,India,Mobile,Paid Social,19,100,272.1,0.548,38,5,1,70.48,13,1,0,0.764,0,0.0526,0.2,5.26,53.05,Deal Seekers,4,Engaged Non-Buyers
CUST-101139,2025-06-02,United Kingdom,Mobile,Display,1,14,176.4,0.769,10,1,0,0.0,96,0,0,0.082,0,0.0,0.0,14.0,42.66,One-time Visitors,1,Low Engagement / At-Risk Visitors
CUST-101140,2025-05-08,United Kingdom,Mobile,Display,15,101,651.3,0.29,50,5,1,56.98,54,1,1,0.498,0,0.0667,0.2,6.73,84.17,Product Researchers,0,Product Researchers
CUST-101141,2025-03-10,India,Desktop,Paid Social,15,97,345.6,0.182,53,2,0,0.0,33,2,0,0.116,1,0.0,0.0,6.47,74.26,Product Researchers,0,Product Researchers
CUST-101142,2025-06-25,United Kingdom,Desktop,Direct,21,127,516.1,0.27,50,1,1,74.46,29,1,1,0.059,1,0.0476,1.0,6.05,78.34,Engaged Non-Buyers,0,Product Researchers
CUST-101143,2025-05-12,United Kingdom,Mobile,Paid Social,15,90,441.2,0.316,40,2,0,0.0,63,2,0,0.257,1,0.0,0.0,6.0,70.21,Engaged Non-Buyers,0,Product Researchers
CUST-101144,2025-03-21,United States,Mobile,Organic Search,36,200,514.8,0.1,66,12,8,773.82,12,2,1,0.244,1,0.2222,0.6667,5.56,85.59,High Value Loyal,2,High Value Loyal Customers
CUST-101145,2025-01-04,Netherlands,Mobile,Direct,9,73,390.7,0.429,42,6,3,124.53,35,1,2,0.696,1,0.3333,0.5,8.11,71.72,Deal Seekers,4,Engaged Non-Buyers
CUST-101146,2025-04-21,Germany,Mobile,Referral,17,95,421.2,0.254,45,2,1,84.31,53,2,2,0.044,1,0.0588,0.5,5.59,71.02,Product Researchers,0,Product Researchers
CUST-101147,2025-05-28,United Kingdom,Mobile,Direct,30,153,499.7,0.132,60,17,6,611.7,10,2,1,0.182,1,0.2,0.3529,5.1,81.08,High Value Loyal,2,High Value Loyal Customers
CUST-101148,2025-02-23,France,Tablet,Direct,2,10,122.3,0.749,4,0,0,0.0,143,0,0,0.14,1,0.0,0.0,5.0,29.24,One-time Visitors,3,Engaged Non-Buyers
CUST-101149,2025-04-19,United Kingdom,Mobile,Direct,4,19,98.9,0.817,4,0,1,54.25,126,0,0,0.333,0,0.25,0.0,4.75,25.59,One-time Visitors,3,Engaged Non-Buyers
CUST-101150,2025-06-22,United Kingdom,Mobile,Organic Search,18,100,306.3,0.305,44,11,1,65.78,12,1,0,0.492,1,0.0556,0.0909,5.56,63.6,Deal Seekers,4,Engaged Non-Buyers
CUST-101151,2025-02-23,India,Mobile,Email,19,98,348.4,0.068,43,4,0,0.0,51,3,4,0.3,1,0.0,0.0,5.16,70.07,Engaged Non-Buyers,0,Product Researchers
CUST-101152,2025-03-30,India,Desktop,Organic Search,14,90,383.7,0.421,45,5,1,89.53,41,3,0,0.586,1,0.0714,0.2,6.43,67.61,Product Researchers,4,Engaged Non-Buyers
CUST-101153,2025-03-22,United Kingdom,Desktop,Organic Search,18,96,429.5,0.255,45,7,4,255.17,24,1,0,0.846,1,0.2222,0.5714,5.33,70.61,Deal Seekers,4,Engaged Non-Buyers
CUST-101154,2025-01-02,France,Desktop,Paid Social,6,23,99.1,0.719,5,0,0,0.0,132,0,0,0.414,0,0.0,0.0,3.83,25.49,One-time Visitors,3,Engaged Non-Buyers
CUST-101155,2025-04-07,India,Mobile,Organic Search,2,16,86.7,0.777,6,1,1,28.81,127,0,0,0.181,0,0.5,1.0,8.0,36.75,One-time Visitors,1,Low Engagement / At-Risk Visitors
CUST-101156,2025-04-26,United Kingdom,Desktop,Organic Search,3,23,139.2,0.488,7,0,0,0.0,152,0,0,0.151,0,0.0,0.0,7.67,45.86,One-time Visitors,1,Low Engagement / At-Risk Visitors
CUST-101157,2025-05-05,Netherlands,Desktop,Referral,17,100,365.0,0.258,48,1,0,0.0,47,5,0,0.359,1,0.0,0.0,5.88,69.95,Engaged Non-Buyers,0,Product Researchers
CUST-101158,2025-06-25,United Kingdom,Tablet,Organic Search,14,84,320.4,0.267,45,3,0,0.0,11,1,1,0.234,1,0.0,0.0,6.0,66.93,Engaged Non-Buyers,0,Product Researchers
CUST-101159,2025-05-22,Netherlands,Desktop,Referral,15,100,299.7,0.23,56,1,1,96.58,30,1,0,0.445,0,0.0667,1.0,6.67,72.3,Product Researchers,4,Engaged Non-Buyers
CUST-101160,2025-05-25,United Kingdom,Mobile,Organic Search,18,110,383.9,0.041,58,1,1,90.43,13,2,1,0.197,1,0.0556,1.0,6.11,80.12,Product Researchers,4,Engaged Non-Buyers
CUST-101161,2025-03-11,United Kingdom,Desktop,Referral,32,147,558.8,0.056,54,17,3,190.51,3,0,0,0.358,1,0.0938,0.1765,4.59,82.52,High Value Loyal,2,High Value Loyal Customers
CUST-101162,2025-05-20,India,Desktop,Organic Search,13,81,368.1,0.267,47,4,0,0.0,29,3,1,0.752,0,0.0,0.0,6.23,70.66,Product Researchers,0,Product Researchers
CUST-101163,2025-05-28,United States,Mobile,Paid Social,22,121,443.2,0.48,47,4,1,75.91,40,4,0,0.741,1,0.0455,0.25,5.5,66.8,Deal Seekers,4,Engaged Non-Buyers
CUST-101164,2025-04-28,Australia,Mobile,Organic Search,26,140,499.9,0.246,54,18,8,917.53,9,1,1,0.327,1,0.3077,0.4444,5.38,77.28,High Value Loyal,2,High Value Loyal Customers
CUST-101165,2025-04-22,Australia,Mobile,Organic Search,2,19,123.2,0.544,7,0,0,0.0,130,0,0,0.178,0,0.0,0.0,9.5,44.71,One-time Visitors,1,Low Engagement / At-Risk Visitors
CUST-101166,2025-01-24,United States,Mobile,Paid Social,36,185,557.2,0.277,67,13,6,591.27,7,3,0,0.289,1,0.1667,0.4615,5.14,81.99,High Value Loyal,2,High Value Loyal Customers
CUST-101167,2025-05-27,India,Desktop,Direct,23,133,512.9,0.215,60,11,9,751.1,11,1,0,0.268,1,0.3913,0.8182,5.78,81.8,High Value Loyal,2,High Value Loyal Customers
CUST-101168,2025-03-23,France,Desktop,Paid Social,5,27,103.5,0.855,10,0,0,0.0,135,0,0,0.103,1,0.0,0.0,5.4,28.76,One-time Visitors,3,Engaged Non-Buyers
CUST-101169,2025-01-12,United Kingdom,Mobile,Email,11,95,528.7,0.127,57,1,0,0.0,35,3,1,0.528,1,0.0,0.0,8.64,90.8,Product Researchers,0,Product Researchers
CUST-101170,2025-02-16,India,Mobile,Email,16,102,435.8,0.229,50,2,0,0.0,59,2,1,0.22,1,0.0,0.0,6.38,76.36,Product Researchers,0,Product Researchers
CUST-101171,2025-06-06,Canada,Mobile,Email,4,14,61.5,0.823,3,0,0,0.0,57,0,0,0.349,1,0.0,0.0,3.5,19.36,One-time Visitors,3,Engaged Non-Buyers
CUST-101172,2025-02-08,United States,Mobile,Referral,20,89,372.2,0.066,39,4,3,163.37,27,2,2,0.674,1,0.15,0.75,4.45,67.87,Deal Seekers,4,Engaged Non-Buyers
CUST-101173,2025-01-09,Canada,Mobile,Organic Search,18,88,438.0,0.284,43,6,1,44.91,18,2,1,0.566,1,0.0556,0.1667,4.89,68.31,Deal Seekers,4,Engaged Non-Buyers
CUST-101174,2025-04-05,Australia,Tablet,Paid Search,14,93,504.6,0.237,39,3,1,59.46,40,2,0,0.438,1,0.0714,0.3333,6.64,77.07,Product Researchers,0,Product Researchers
CUST-101175,2025-03-04,United States,Desktop,Direct,33,166,673.8,0.262,58,11,4,305.02,9,3,1,0.24,1,0.1212,0.3636,5.03,82.01,High Value Loyal,2,High Value Loyal Customers
CUST-101176,2025-06-25,United States,Tablet,Display,4,16,48.0,0.869,4,0,0,0.0,155,0,0,0.283,0,0.0,0.0,4.0,19.4,One-time Visitors,3,Engaged Non-Buyers
CUST-101177,2025-06-21,United States,Mobile,Paid Social,16,93,497.6,0.369,45,1,1,26.71,56,2,0,0.491,0,0.0625,1.0,5.81,72.67,Engaged Non-Buyers,4,Engaged Non-Buyers
CUST-101178,2025-01-30,United Kingdom,Tablet,Organic Search,1,10,107.7,0.603,6,2,0,0.0,172,0,0,0.244,0,0.0,0.0,10.0,42.16,One-time Visitors,1,Low Engagement / At-Risk Visitors
CUST-101179,2025-06-21,Germany,Mobile,Organic Search,17,78,590.8,0.046,41,2,1,61.33,20,1,1,0.121,1,0.0588,0.5,4.59,80.35,Engaged Non-Buyers,0,Product Researchers
CUST-101180,2025-03-26,United States,Mobile,Organic Search,25,141,456.6,0.071,60,6,6,862.37,8,1,0,0.211,1,0.24,1.0,5.64,82.13,High Value Loyal,2,High Value Loyal Customers
CUST-101181,2025-06-25,United Kingdom,Desktop,Paid Search,12,77,555.9,0.237,45,4,1,70.46,30,2,1,0.68,1,0.0833,0.25,6.42,80.77,Product Researchers,4,Engaged Non-Buyers
CUST-101182,2025-05-14,India,Desktop,Paid Search,17,97,561.2,0.549,42,3,0,0.0,42,2,0,0.137,0,0.0,0.0,5.71,70.09,Engaged Non-Buyers,0,Product Researchers
CUST-101183,2025-01-10,India,Mobile,Paid Search,13,82,553.5,0.281,42,7,0,0.0,63,3,1,0.271,1,0.0,0.0,6.31,78.29,Engaged Non-Buyers,0,Product Researchers
CUST-101184,2025-06-14,United Kingdom,Mobile,Display,3,16,65.7,0.801,3,0,0,0.0,129,0,0,0.04,0,0.0,0.0,5.33,25.86,One-time Visitors,3,Engaged Non-Buyers
CUST-101185,2025-02-25,India,Desktop,Organic Search,2,14,146.9,0.863,8,0,0,0.0,110,1,0,0.262,0,0.0,0.0,7.0,35.11,One-time Visitors,1,Low Engagement / At-Risk Visitors
CUST-101186,2025-06-27,Germany,Mobile,Referral,25,135,154.6,0.233,54,4,1,77.46,8,1,2,0.694,1,0.04,0.25,5.4,60.39,Deal Seekers,4,Engaged Non-Buyers
CUST-101187,2025-05-10,United Kingdom,Mobile,Direct,27,130,342.0,0.118,45,7,4,141.5,38,2,0,0.703,1,0.1481,0.5714,4.81,68.04,Deal Seekers,4,Engaged Non-Buyers
CUST-101188,2025-03-27,Australia,Mobile,Organic Search,27,127,586.5,0.07,60,19,8,1011.17,14,0,2,0.051,1,0.2963,0.4211,4.7,85.73,High Value Loyal,2,High Value Loyal Customers
CUST-101189,2025-05-16,United Kingdom,Mobile,Email,23,106,528.2,0.039,40,4,0,0.0,8,0,2,0.077,1,0.0,0.0,4.61,77.15,Engaged Non-Buyers,0,Product Researchers
CUST-101190,2025-04-08,United Kingdom,Mobile,Email,18,100,306.6,0.335,43,8,3,158.77,42,3,1,0.767,1,0.1667,0.375,5.56,62.55,Deal Seekers,4,Engaged Non-Buyers
CUST-101191,2025-05-24,France,Mobile,Paid Search,21,98,592.3,0.51,39,4,1,74.83,24,1,1,0.18,0,0.0476,0.25,4.67,68.44,Engaged Non-Buyers,0,Product Researchers
CUST-101192,2025-01-22,United States,Mobile,Paid Social,27,149,574.4,0.114,73,16,4,429.62,2,0,0,0.295,1,0.1481,0.25,5.52,88.12,High Value Loyal,2,High Value Loyal Customers
CUST-101193,2025-06-08,United Kingdom,Mobile,Email,4,22,122.8,0.584,3,0,0,0.0,86,0,0,0.16,1,0.0,0.0,5.5,34.64,One-time Visitors,3,Engaged Non-Buyers
CUST-101194,2025-05-05,Australia,Mobile,Referral,19,109,363.5,0.425,54,0,0,0.0,43,0,1,0.273,0,0.0,0.0,5.74,67.09,Product Researchers,0,Product Researchers
CUST-101195,2025-05-30,Canada,Desktop,Organic Search,22,139,526.1,0.113,82,12,3,433.6,8,2,1,0.151,1,0.1364,0.25,6.32,88.24,High Value Loyal,2,High Value Loyal Customers
CUST-101196,2025-04-12,United States,Mobile,Direct,3,16,66.7,0.809,5,0,0,0.0,73,0,0,0.031,0,0.0,0.0,5.33,26.31,One-time Visitors,3,Engaged Non-Buyers
CUST-101197,2025-06-25,India,Mobile,Display,5,27,43.0,0.821,7,0,1,38.03,80,0,0,0.232,0,0.2,0.0,5.4,25.66,One-time Visitors,3,Engaged Non-Buyers
CUST-101198,2025-06-23,India,Desktop,Direct,4,15,147.7,0.723,7,0,0,0.0,157,0,0,0.161,1,0.0,0.0,3.75,28.19,One-time Visitors,3,Engaged Non-Buyers
CUST-101199,2025-05-19,India,Mobile,Email,3,18,186.4,0.543,7,1,0,0.0,120,0,0,0.058,0,0.0,0.0,6.0,41.65,One-time Visitors,3,Engaged Non-Buyers
CUST-101200,2025-05-17,Germany,Mobile,Organic Search,1,12,119.2,0.737,7,0,0,0.0,140,1,0,0.588,1,0.0,0.0,12.0,39.68,One-time Visitors,1,Low Engagement / At-Risk Visitors
CUST-101201,2025-05-01,United Kingdom,Mobile,Organic Search,4,18,81.6,0.838,3,1,0,0.0,166,0,0,0.072,0,0.0,0.0,4.5,23.11,One-time Visitors,3,Engaged Non-Buyers
CUST-101202,2025-01-12,France,Desktop,Direct,11,86,605.6,0.548,57,2,0,0.0,57,0,0,0.249,1,0.0,0.0,7.82,83.27,Product Researchers,0,Product Researchers
CUST-101203,2025-01-06,United Kingdom,Tablet,Paid Search,13,91,399.5,0.22,47,3,1,75.69,13,0,0,0.197,1,0.0769,0.3333,7.0,75.81,Engaged Non-Buyers,0,Product Researchers
CUST-101204,2025-03-30,United Kingdom,Mobile,Paid Search,15,103,361.4,0.177,56,2,0,0.0,17,0,1,0.51,1,0.0,0.0,6.87,77.34,Product Researchers,0,Product Researchers
CUST-101205,2025-05-30,France,Mobile,Paid Search,24,100,318.7,0.316,35,7,0,0.0,37,2,1,0.974,1,0.0,0.0,4.17,56.82,Deal Seekers,4,Engaged Non-Buyers
CUST-101206,2025-05-05,United Kingdom,Desktop,Display,13,73,499.7,0.417,40,1,0,0.0,39,3,0,0.281,1,0.0,0.0,5.62,69.42,Engaged Non-Buyers,0,Product Researchers
CUST-101207,2025-04-05,United States,Mobile,Organic Search,24,103,408.2,0.185,39,9,5,195.7,44,1,0,0.888,1,0.2083,0.5556,4.29,66.2,Deal Seekers,4,Engaged Non-Buyers
CUST-101208,2025-02-23,United Kingdom,Mobile,Paid Social,16,114,455.5,0.571,62,0,0,0.0,61,2,1,0.555,1,0.0,0.0,7.12,74.85,Product Researchers,0,Product Researchers
CUST-101209,2025-04-21,India,Mobile,Referral,1,9,53.4,0.83,8,0,0,0.0,88,0,1,0.064,0,0.0,0.0,9.0,34.38,One-time Visitors,1,Low Engagement / At-Risk Visitors
CUST-101210,2025-03-30,India,Mobile,Paid Search,3,15,52.0,0.731,6,0,0,0.0,150,0,0,0.544,0,0.0,0.0,5.0,26.8,One-time Visitors,3,Engaged Non-Buyers
CUST-101211,2025-03-28,United Kingdom,Mobile,Paid Social,24,102,309.6,0.21,41,9,1,53.55,24,4,0,0.623,1,0.0417,0.1111,4.25,61.13,Deal Seekers,4,Engaged Non-Buyers
CUST-101212,2025-02-03,United States,Mobile,Paid Search,24,118,554.2,0.137,57,8,4,649.28,8,2,0,0.297,1,0.1667,0.5,4.92,82.19,High Value Loyal,2,High Value Loyal Customers
CUST-101213,2025-01-05,India,Mobile,Organic Search,9,85,372.4,0.148,61,1,0,0.0,12,3,0,0.438,1,0.0,0.0,9.44,83.69,Product Researchers,0,Product Researchers
CUST-101214,2025-04-05,India,Mobile,Organic Search,2,13,67.1,0.746,5,0,0,0.0,82,0,0,0.117,0,0.0,0.0,6.5,31.55,One-time Visitors,3,Engaged Non-Buyers
CUST-101215,2025-03-01,India,Mobile,Referral,2,7,152.7,0.714,3,0,0,0.0,157,0,0,0.165,0,0.0,0.0,3.5,26.64,One-time Visitors,3,Engaged Non-Buyers
CUST-101216,2025-04-23,Australia,Tablet,Direct,13,78,458.9,0.323,38,5,1,52.93,29,3,0,0.768,1,0.0769,0.2,6.0,70.32,Deal Seekers,4,Engaged Non-Buyers
CUST-101217,2025-03-05,India,Mobile,Paid Social,17,94,484.7,0.15,45,3,0,0.0,58,2,1,0.153,0,0.0,0.0,5.53,76.62,Engaged Non-Buyers,0,Product Researchers
CUST-101218,2025-06-01,United Kingdom,Tablet,Paid Search,2,8,111.3,0.836,5,0,0,0.0,93,0,0,0.129,0,0.0,0.0,4.0,23.71,One-time Visitors,3,Engaged Non-Buyers
CUST-101219,2025-05-23,France,Desktop,Direct,19,104,554.3,0.291,49,1,0,0.0,61,2,1,0.171,1,0.0,0.0,5.47,77.62,Engaged Non-Buyers,0,Product Researchers
CUST-101220,2025-01-02,United Kingdom,Mobile,Referral,5,18,124.5,0.779,10,0,0,0.0,144,0,0,0.256,0,0.0,0.0,3.6,26.07,One-time Visitors,3,Engaged Non-Buyers
CUST-101221,2025-01-24,France,Mobile,Direct,2,11,43.1,0.886,8,1,0,0.0,73,0,0,0.078,0,0.0,0.0,5.5,24.65,One-time Visitors,3,Engaged Non-Buyers
CUST-101222,2025-06-20,Germany,Mobile,Email,14,97,411.9,0.131,59,1,0,0.0,17,2,3,0.359,1,0.0,0.0,6.93,82.12,Product Researchers,0,Product Researchers
CUST-101223,2025-04-08,United Kingdom,Mobile,Organic Search,19,88,466.5,0.227,42,3,0,0.0,60,3,0,0.193,1,0.0,0.0,4.63,70.04,Engaged Non-Buyers,0,Product Researchers
CUST-101224,2025-05-19,India,Mobile,Direct,17,103,370.1,0.37,29,2,1,70.32,6,3,0,0.871,1,0.0588,0.5,6.06,62.11,Deal Seekers,4,Engaged Non-Buyers
CUST-101225,2025-05-31,United States,Mobile,Organic Search,2,12,81.9,0.453,4,0,0,0.0,108,0,0,0.087,0,0.0,0.0,6.0,37.75,One-time Visitors,3,Engaged Non-Buyers
CUST-101226,2025-01-20,United States,Mobile,Paid Search,4,11,97.1,0.63,4,0,0,0.0,83,0,0,0.399,0,0.0,0.0,2.75,23.93,One-time Visitors,3,Engaged Non-Buyers
CUST-101227,2025-06-10,United Kingdom,Mobile,Direct,1,8,113.0,0.664,7,0,0,0.0,85,0,0,0.258,0,0.0,0.0,8.0,41.2,One-time Visitors,1,Low Engagement / At-Risk Visitors
CUST-101228,2025-04-05,United Kingdom,Desktop,Organic Search,26,145,460.8,0.028,73,9,6,812.8,2,2,1,0.136,1,0.2308,0.6667,5.58,84.77,High Value Loyal,2,High Value Loyal Customers
CUST-101229,2025-03-28,United States,Mobile,Paid Search,15,82,280.1,0.094,45,3,2,66.52,35,2,0,0.564,1,0.1333,0.6667,5.47,67.58,Deal Seekers,4,Engaged Non-Buyers
CUST-101230,2025-06-13,Netherlands,Mobile,Direct,15,100,487.2,0.364,52,3,0,0.0,40,3,1,0.122,1,0.0,0.0,6.67,77.09,Engaged Non-Buyers,0,Product Researchers
CUST-101231,2025-02-10,Netherlands,Mobile,Referral,4,17,126.8,0.77,8,0,0,0.0,158,1,0,0.378,0,0.0,0.0,4.25,27.82,One-time Visitors,3,Engaged Non-Buyers
CUST-101232,2025-02-21,United Kingdom,Mobile,Paid Social,33,153,570.5,0.074,67,14,4,420.84,7,0,0,0.05,1,0.1212,0.2857,4.64,86.17,High Value Loyal,2,High Value Loyal Customers
CUST-101233,2025-02-02,United Kingdom,Desktop,Paid Social,18,105,417.2,0.482,51,2,1,88.87,13,4,0,0.341,1,0.0556,0.5,5.83,67.72,Product Researchers,0,Product Researchers
CUST-101234,2025-02-24,Germany,Tablet,Email,2,9,77.1,0.698,6,0,0,0.0,141,2,0,0.194,0,0.0,0.0,4.5,27.32,One-time Visitors,3,Engaged Non-Buyers
CUST-101235,2025-05-13,Australia,Mobile,Organic Search,12,91,297.2,0.193,43,5,1,58.62,45,1,0,0.237,1,0.0833,0.2,7.58,71.97,Engaged Non-Buyers,0,Product Researchers
CUST-101236,2025-04-19,Australia,Mobile,Email,15,94,571.2,0.241,49,0,0,0.0,22,3,1,0.214,1,0.0,0.0,6.27,82.19,Product Researchers,0,Product Researchers
CUST-101237,2025-02-04,United States,Tablet,Email,31,193,489.5,0.218,82,7,5,550.71,11,2,0,0.422,1,0.1613,0.7143,6.23,83.49,High Value Loyal,2,High Value Loyal Customers
CUST-101238,2025-04-18,United Kingdom,Desktop,Organic Search,12,68,443.3,0.245,36,11,4,278.29,6,1,1,0.543,1,0.3333,0.3636,5.67,69.82,Deal Seekers,4,Engaged Non-Buyers
CUST-101239,2025-06-18,United States,Mobile,Organic Search,36,149,501.2,0.043,46,17,4,400.4,7,3,2,0.283,1,0.1111,0.2353,4.14,76.08,High Value Loyal,2,High Value Loyal Customers
CUST-101240,2025-06-01,United Kingdom,Desktop,Paid Social,21,113,358.8,0.198,47,5,1,41.97,3,1,0,0.929,1,0.0476,0.2,5.38,69.27,Deal Seekers,4,Engaged Non-Buyers
CUST-101241,2025-01-07,United States,Mobile,Paid Search,29,150,548.4,0.26,72,9,5,642.43,8,1,1,0.208,1,0.1724,0.5556,5.17,82.08,High Value Loyal,2,High Value Loyal Customers
CUST-101242,2025-03-19,Australia,Mobile,Organic Search,5,20,41.5,0.822,5,0,0,0.0,92,0,1,0.277,0,0.0,0.0,4.0,20.58,One-time Visitors,3,Engaged Non-Buyers
CUST-101243,2025-03-22,United Kingdom,Tablet,Email,2,10,174.2,0.54,5,0,0,0.0,80,0,0,0.189,1,0.0,0.0,5.0,37.38,One-time Visitors,3,Engaged Non-Buyers
CUST-101244,2025-01-04,Canada,Mobile,Direct,17,109,534.4,0.361,58,0,1,87.23,44,0,0,0.474,0,0.0588,0.0,6.41,80.57,Product Researchers,0,Product Researchers
CUST-101245,2025-03-27,United Kingdom,Desktop,Direct,21,116,481.0,0.274,49,2,0,0.0,42,4,1,0.413,1,0.0,0.0,5.52,74.53,Engaged Non-Buyers,0,Product Researchers
CUST-101246,2025-01-18,United Kingdom,Mobile,Paid Search,24,131,430.5,0.039,74,11,5,677.28,10,1,0,0.473,1,0.2083,0.4545,5.46,82.62,High Value Loyal,2,High Value Loyal Customers
CUST-101247,2025-04-05,United Kingdom,Desktop,Direct,14,88,410.6,0.202,38,9,1,46.96,32,1,1,0.664,0,0.0714,0.1111,6.29,71.82,Deal Seekers,4,Engaged Non-Buyers
CUST-101248,2025-05-03,United States,Mobile,Organic Search,4,16,84.2,0.576,5,0,0,0.0,133,0,0,0.509,0,0.0,0.0,4.0,28.84,One-time Visitors,3,Engaged Non-Buyers
CUST-101249,2025-05-10,France,Mobile,Paid Search,18,105,464.3,0.124,47,2,1,77.08,29,3,0,0.638,0,0.0556,0.5,5.83,77.81,Product Researchers,4,Engaged Non-Buyers
CUST-101250,2025-05-05,India,Desktop,Paid Social,18,116,452.1,0.094,64,13,7,683.07,9,2,0,0.13,1,0.3889,0.5385,6.44,85.07,High Value Loyal,2,High Value Loyal Customers
CUST-101251,2025-05-05,Netherlands,Desktop,Paid Social,23,125,392.0,0.283,45,4,0,0.0,39,0,3,0.226,1,0.0,0.0,5.43,68.36,Engaged Non-Buyers,0,Product Researchers
CUST-101252,2025-03-10,United Kingdom,Mobile,Email,6,19,104.7,0.562,4,0,0,0.0,128,0,0,0.174,0,0.0,0.0,3.17,27.31,One-time Visitors,3,Engaged Non-Buyers
CUST-101253,2025-05-11,France,Desktop,Referral,3,17,139.9,0.79,8,1,0,0.0,178,0,0,0.087,0,0.0,0.0,5.67,32.42,One-time Visitors,3,Engaged Non-Buyers
CUST-101254,2025-03-30,United Kingdom,Mobile,Paid Search,18,92,474.2,0.459,49,3,2,97.22,70,0,2,0.512,1,0.1111,0.6667,5.11,68.29,Product Researchers,4,Engaged Non-Buyers
CUST-101255,2025-06-20,India,Mobile,Organic Search,2,19,68.1,0.642,11,0,0,0.0,109,0,0,0.439,0,0.0,0.0,9.5,40.73,One-time Visitors,1,Low Engagement / At-Risk Visitors
CUST-101256,2025-01-06,India,Desktop,Email,29,155,549.9,0.157,64,9,9,645.2,9,3,0,0.546,1,0.3103,1.0,5.34,84.96,High Value Loyal,2,High Value Loyal Customers
CUST-101257,2025-06-07,United Kingdom,Tablet,Direct,26,125,447.6,0.109,47,8,2,126.48,12,1,1,0.926,1,0.0769,0.25,4.81,74.15,Deal Seekers,4,Engaged Non-Buyers
CUST-101258,2025-04-11,Netherlands,Mobile,Paid Search,4,22,36.3,0.846,4,0,0,0.0,74,0,0,0.125,0,0.0,0.0,5.5,24.09,One-time Visitors,3,Engaged Non-Buyers
CUST-101259,2025-04-02,Canada,Mobile,Paid Search,5,19,87.1,0.884,6,0,0,0.0,62,0,0,0.012,1,0.0,0.0,3.8,20.98,One-time Visitors,3,Engaged Non-Buyers
CUST-101260,2025-03-05,United Kingdom,Mobile,Organic Search,19,107,452.5,0.245,60,1,0,0.0,22,3,1,0.711,1,0.0,0.0,5.63,77.56,Product Researchers,0,Product Researchers
CUST-101261,2025-03-22,United States,Mobile,Paid Search,29,131,446.3,0.065,55,11,8,763.79,2,3,0,0.31,1,0.2759,0.7273,4.52,76.71,High Value Loyal,2,High Value Loyal Customers
CUST-101262,2025-01-21,Canada,Desktop,Display,23,116,436.6,0.331,39,6,2,135.94,35,2,1,0.836,1,0.087,0.3333,5.04,66.31,Deal Seekers,4,Engaged Non-Buyers
CUST-101263,2025-05-14,Canada,Desktop,Display,19,97,364.8,0.424,44,4,0,0.0,56,0,0,0.192,1,0.0,0.0,5.11,62.12,Engaged Non-Buyers,0,Product Researchers
CUST-101264,2025-03-21,Australia,Desktop,Paid Social,18,99,432.1,0.199,42,2,1,61.28,29,2,0,0.098,1,0.0556,0.5,5.5,71.74,Engaged Non-Buyers,0,Product Researchers
CUST-101265,2025-03-17,United Kingdom,Mobile,Paid Social,15,100,575.3,0.237,54,3,0,0.0,25,3,2,0.332,1,0.0,0.0,6.67,85.28,Engaged Non-Buyers,0,Product Researchers
CUST-101266,2025-06-16,Germany,Desktop,Referral,32,159,321.9,0.115,75,7,7,781.21,13,5,0,0.351,1,0.2188,1.0,4.97,73.75,High Value Loyal,2,High Value Loyal Customers
CUST-101267,2025-03-13,Germany,Mobile,Referral,25,128,580.0,0.23,62,6,7,735.49,6,4,2,0.124,1,0.28,1.0,5.12,83.32,High Value Loyal,2,High Value Loyal Customers
CUST-101268,2025-03-28,United States,Mobile,Organic Search,24,117,388.3,0.17,45,6,1,39.45,27,4,1,0.894,1,0.0417,0.1667,4.88,69.25,Deal Seekers,4,Engaged Non-Buyers
CUST-101269,2025-05-30,United States,Mobile,Paid Search,21,106,287.4,0.424,52,5,1,44.34,22,2,0,0.202,1,0.0476,0.2,5.05,60.54,Engaged Non-Buyers,0,Product Researchers
CUST-101270,2025-06-29,United States,Mobile,Display,17,103,329.4,0.467,47,4,2,105.36,14,4,0,0.694,1,0.1176,0.5,6.06,63.2,Deal Seekers,4,Engaged Non-Buyers
CUST-101271,2025-03-10,United Kingdom,Mobile,Paid Search,9,64,355.5,0.194,35,5,2,117.2,43,3,1,0.589,1,0.2222,0.4,7.11,70.92,Deal Seekers,4,Engaged Non-Buyers
CUST-101272,2025-05-15,India,Mobile,Referral,23,96,255.7,0.115,40,5,2,107.77,5,2,1,0.922,1,0.087,0.4,4.17,60.26,Deal Seekers,4,Engaged Non-Buyers
CUST-101273,2025-01-12,United Kingdom,Mobile,Paid Search,2,15,110.2,0.816,5,1,1,47.93,147,0,0,0.48,0,0.5,1.0,7.5,35.08,One-time Visitors,1,Low Engagement / At-Risk Visitors
CUST-101274,2025-05-31,United Kingdom,Mobile,Paid Search,14,113,186.9,0.164,67,2,0,0.0,29,2,0,0.594,0,0.0,0.0,8.07,75.25,Product Researchers,0,Product Researchers
CUST-101275,2025-01-24,India,Tablet,Paid Social,22,107,412.9,0.247,42,3,0,0.0,63,0,0,0.243,0,0.0,0.0,4.86,67.59,Engaged Non-Buyers,0,Product Researchers
CUST-101276,2025-04-06,Canada,Mobile,Paid Search,22,139,618.9,0.148,69,16,2,302.1,4,0,1,0.65,1,0.0909,0.125,6.32,91.04,High Value Loyal,2,High Value Loyal Customers
CUST-101277,2025-02-26,Canada,Desktop,Direct,33,168,454.2,0.18,66,7,5,594.11,12,1,1,0.296,1,0.1515,0.7143,5.09,79.13,High Value Loyal,2,High Value Loyal Customers
CUST-101278,2025-06-27,United Kingdom,Mobile,Paid Social,21,108,446.0,0.135,46,1,0,0.0,28,1,0,0.264,1,0.0,0.0,5.14,74.16,Engaged Non-Buyers,0,Product Researchers
CUST-101279,2025-05-18,India,Mobile,Paid Search,25,140,594.2,0.259,66,10,6,435.39,10,2,1,0.545,1,0.24,0.6,5.6,85.73,High Value Loyal,2,High Value Loyal Customers
CUST-101280,2025-04-12,United Kingdom,Mobile,Paid Search,2,11,110.2,0.684,4,0,0,0.0,147,0,0,0.361,0,0.0,0.0,5.5,31.82,One-time Visitors,3,Engaged Non-Buyers
CUST-101281,2025-01-11,France,Desktop,Referral,3,13,134.8,0.651,4,0,0,0.0,145,0,0,0.234,0,0.0,0.0,4.33,30.25,One-time Visitors,3,Engaged Non-Buyers
CUST-101282,2025-02-11,United Kingdom,Mobile,Direct,24,116,261.0,0.201,42,11,0,0.0,37,3,1,0.829,1,0.0,0.0,4.83,61.05,Deal Seekers,4,Engaged Non-Buyers
CUST-101283,2025-02-07,United Kingdom,Desktop,Organic Search,13,69,291.1,0.649,38,3,2,140.73,16,5,2,0.764,1,0.1538,0.6667,5.31,51.61,Deal Seekers,4,Engaged Non-Buyers
CUST-101284,2025-04-26,India,Mobile,Paid Social,3,13,85.3,0.796,5,1,0,0.0,153,0,0,0.283,0,0.0,0.0,4.33,24.45,One-time Visitors,3,Engaged Non-Buyers
CUST-101285,2025-02-01,United States,Tablet,Direct,40,170,348.3,0.248,63,8,7,780.28,13,2,1,0.335,1,0.175,0.875,4.25,68.89,High Value Loyal,2,High Value Loyal Customers
CUST-101286,2025-06-28,United Kingdom,Desktop,Organic Search,20,109,583.3,0.223,50,1,1,54.71,25,2,0,0.16,1,0.05,1.0,5.45,80.99,Engaged Non-Buyers,0,Product Researchers
CUST-101287,2025-02-12,Germany,Tablet,Email,29,148,388.5,0.077,77,5,9,821.48,8,3,1,0.357,1,0.3103,1.0,5.1,78.45,High Value Loyal,2,High Value Loyal Customers
CUST-101288,2025-01-04,Australia,Mobile,Display,18,99,246.1,0.573,39,9,3,189.91,21,2,0,0.835,1,0.1667,0.3333,5.5,52.17,Deal Seekers,4,Engaged Non-Buyers
CUST-101289,2025-03-15,United Kingdom,Mobile,Organic Search,4,20,61.3,0.865,9,1,0,0.0,159,0,0,0.197,0,0.0,0.0,5.0,24.84,One-time Visitors,3,Engaged Non-Buyers
CUST-101290,2025-05-31,United Kingdom,Desktop,Direct,36,143,585.4,0.365,59,13,3,231.1,11,1,0,0.435,1,0.0833,0.2308,3.97,75.71,High Value Loyal,2,High Value Loyal Customers
CUST-101291,2025-01-28,United States,Desktop,Paid Social,19,96,437.2,0.14,39,4,0,0.0,31,2,3,0.218,1,0.0,0.0,5.05,71.14,Engaged Non-Buyers,0,Product Researchers
CUST-101292,2025-06-10,United Kingdom,Mobile,Organic Search,11,84,386.7,0.159,53,2,1,62.03,50,3,0,0.833,0,0.0909,0.5,7.64,80.52,Product Researchers,4,Engaged Non-Buyers
CUST-101293,2025-04-10,United States,Mobile,Organic Search,37,171,437.0,0.278,69,12,6,364.42,8,1,2,0.301,1,0.1622,0.5,4.62,74.33,High Value Loyal,2,High Value Loyal Customers
CUST-101294,2025-05-05,United Kingdom,Mobile,Paid Search,15,68,370.8,0.617,41,7,0,0.0,21,1,1,0.672,1,0.0,0.0,4.53,54.89,Deal Seekers,4,Engaged Non-Buyers
CUST-101295,2025-04-26,United Kingdom,Desktop,Paid Social,18,105,401.2,0.484,48,3,0,0.0,34,2,3,0.667,1,0.0,0.0,5.83,65.95,Product Researchers,0,Product Researchers
CUST-101296,2025-03-13,Australia,Mobile,Organic Search,15,105,416.8,0.109,47,2,0,0.0,60,2,0,0.47,1,0.0,0.0,7.0,79.45,Engaged Non-Buyers,0,Product Researchers
CUST-101297,2025-06-06,France,Mobile,Direct,21,141,318.3,0.119,63,3,1,67.76,31,2,0,0.952,1,0.0476,0.3333,6.71,78.32,Deal Seekers,4,Engaged Non-Buyers
CUST-101298,2025-04-26,India,Mobile,Email,17,101,410.0,0.276,56,5,0,0.0,57,1,1,0.172,0,0.0,0.0,5.94,74.4,Product Researchers,0,Product Researchers
CUST-101299,2025-01-11,United Kingdom,Mobile,Paid Social,16,96,454.9,0.357,45,3,0,0.0,39,1,2,0.269,1,0.0,0.0,6.0,71.43,Product Researchers,0,Product Researchers
CUST-101300,2025-05-13,United States,Desktop,Direct,4,26,97.1,0.754,11,1,1,48.17,54,0,0,0.157,0,0.25,1.0,6.5,34.71,One-time Visitors,3,Engaged Non-Buyers
CUST-101301,2025-02-13,United Kingdom,Mobile,Referral,5,23,65.2,0.843,7,0,0,0.0,66,0,0,0.377,0,0.0,0.0,4.6,23.72,One-time Visitors,3,Engaged Non-Buyers
CUST-101302,2025-06-02,India,Mobile,Display,17,94,348.2,0.206,38,4,3,181.13,16,3,0,0.705,1,0.1765,0.75,5.53,66.22,Deal Seekers,4,Engaged Non-Buyers
CUST-101303,2025-06-06,United States,Desktop,Organic Search,14,105,547.9,0.16,56,1,1,41.61,24,1,1,0.391,0,0.0714,1.0,7.5,89.05,Product Researchers,4,Engaged Non-Buyers
CUST-101304,2025-06-18,United Kingdom,Desktop,Organic Search,16,88,476.7,0.285,36,2,0,0.0,37,3,1,0.35,1,0.0,0.0,5.5,69.97,Engaged Non-Buyers,0,Product Researchers
CUST-101305,2025-03-06,Netherlands,Desktop,Paid Search,20,90,598.0,0.047,44,1,0,0.0,31,2,2,0.158,1,0.0,0.0,4.5,81.32,Engaged Non-Buyers,0,Product Researchers
CUST-101306,2025-04-09,Netherlands,Mobile,Paid Search,22,131,340.6,0.103,50,1,0,0.0,41,0,1,0.524,1,0.0,0.0,5.95,73.45,Product Researchers,0,Product Researchers
CUST-101307,2025-06-18,Australia,Mobile,Paid Social,20,99,487.4,0.164,42,4,0,0.0,22,1,0,0.095,0,0.0,0.0,4.95,73.65,Engaged Non-Buyers,0,Product Researchers
CUST-101308,2025-04-29,United States,Mobile,Paid Search,16,81,474.1,0.32,36,7,2,161.05,4,0,0,0.78,1,0.125,0.2857,5.06,67.6,Deal Seekers,4,Engaged Non-Buyers
CUST-101309,2025-01-13,Germany,Mobile,Paid Search,19,89,539.7,0.311,38,1,0,0.0,18,3,3,0.495,1,0.0,0.0,4.68,70.54,Engaged Non-Buyers,0,Product Researchers
CUST-101310,2025-05-31,Australia,Mobile,Paid Search,20,118,634.4,0.125,51,4,0,0.0,17,0,0,0.439,1,0.0,0.0,5.9,86.01,Engaged Non-Buyers,0,Product Researchers
CUST-101311,2025-03-15,Canada,Desktop,Paid Search,12,92,439.0,0.359,56,2,1,91.45,39,2,0,0.171,1,0.0833,0.5,7.67,79.16,Product Researchers,0,Product Researchers
CUST-101312,2025-04-24,India,Desktop,Paid Search,2,18,104.6,0.678,7,0,0,0.0,143,0,0,0.261,0,0.0,0.0,9.0,40.44,One-time Visitors,1,Low Engagement / At-Risk Visitors
CUST-101313,2025-01-19,Australia,Mobile,Direct,27,154,551.7,0.209,65,12,10,1078.34,6,2,0,0.162,1,0.3704,0.8333,5.7,85.19,High Value Loyal,2,High Value Loyal Customers
CUST-101314,2025-01-31,India,Mobile,Organic Search,21,113,488.8,0.161,48,4,1,28.98,63,2,0,0.093,1,0.0476,0.25,5.38,77.01,Engaged Non-Buyers,0,Product Researchers
CUST-101315,2025-02-05,United States,Mobile,Paid Search,1,16,113.9,0.772,9,0,0,0.0,89,1,0,0.386,0,0.0,0.0,16.0,39.17,One-time Visitors,1,Low Engagement / At-Risk Visitors
CUST-101316,2025-05-23,United Kingdom,Mobile,Organic Search,21,118,590.6,0.296,49,0,0,0.0,51,3,1,0.404,1,0.0,0.0,5.62,79.77,Product Researchers,0,Product Researchers
CUST-101317,2025-03-18,Germany,Desktop,Organic Search,4,13,128.8,0.796,2,0,1,38.09,75,0,0,0.034,0,0.25,0.0,3.25,22.31,One-time Visitors,3,Engaged Non-Buyers
CUST-101318,2025-06-01,United Kingdom,Mobile,Paid Social,29,140,498.0,0.13,55,13,3,401.02,3,2,1,0.202,1,0.1034,0.2308,4.83,78.66,High Value Loyal,2,High Value Loyal Customers
CUST-101319,2025-01-31,Germany,Desktop,Email,18,101,468.4,0.312,49,3,0,0.0,22,2,0,0.291,1,0.0,0.0,5.61,73.24,Engaged Non-Buyers,0,Product Researchers
CUST-101320,2025-02-12,Australia,Mobile,Organic Search,13,91,573.4,0.477,49,1,0,0.0,8,1,1,0.241,0,0.0,0.0,7.0,78.7,Product Researchers,0,Product Researchers
CUST-101321,2025-06-06,United Kingdom,Mobile,Paid Social,3,8,96.4,0.811,5,0,0,0.0,82,0,0,0.203,0,0.0,0.0,2.67,19.42,One-time Visitors,3,Engaged Non-Buyers
CUST-101322,2025-04-30,United Kingdom,Mobile,Organic Search,19,94,500.3,0.341,39,8,5,234.07,23,1,2,0.897,1,0.2632,0.625,4.95,68.95,Deal Seekers,4,Engaged Non-Buyers
CUST-101323,2025-04-14,United Kingdom,Mobile,Direct,4,14,94.3,0.73,1,1,0,0.0,51,1,0,0.313,0,0.0,0.0,3.5,22.7,One-time Visitors,3,Engaged Non-Buyers
CUST-101324,2025-03-22,Netherlands,Mobile,Direct,21,91,397.8,0.276,39,5,2,94.59,36,2,0,0.85,0,0.0952,0.4,4.33,63.53,Deal Seekers,4,Engaged Non-Buyers
CUST-101325,2025-03-04,United Kingdom,Mobile,Organic Search,2,11,30.9,0.761,4,1,0,0.0,111,0,0,0.33,0,0.0,0.0,5.5,25.94,One-time Visitors,3,Engaged Non-Buyers
CUST-101326,2025-05-10,France,Desktop,Direct,28,131,356.4,0.16,61,9,6,655.7,2,0,1,0.625,1,0.2143,0.6667,4.68,72.22,High Value Loyal,2,High Value Loyal Customers
CUST-101327,2025-01-03,Canada,Desktop,Paid Search,19,126,601.4,0.118,63,9,6,592.92,8,2,1,0.376,1,0.3158,0.6667,6.63,92.17,High Value Loyal,2,High Value Loyal Customers
CUST-101328,2025-05-10,France,Desktop,Paid Social,19,97,277.9,0.236,41,2,1,91.56,13,0,0,0.947,1,0.0526,0.5,5.11,61.56,Deal Seekers,4,Engaged Non-Buyers
CUST-101329,2025-03-19,United States,Desktop,Organic Search,17,117,396.7,0.202,60,2,0,0.0,22,0,0,0.276,1,0.0,0.0,6.88,79.76,Product Researchers,0,Product Researchers
CUST-101330,2025-05-09,United States,Mobile,Organic Search,18,103,449.7,0.158,46,5,0,0.0,39,1,0,0.477,1,0.0,0.0,5.72,75.58,Engaged Non-Buyers,0,Product Researchers
CUST-101331,2025-05-19,India,Desktop,Paid Social,34,168,617.3,0.076,57,13,6,814.86,6,3,0,0.068,1,0.1765,0.4615,4.94,86.08,High Value Loyal,2,High Value Loyal Customers
CUST-101332,2025-03-23,France,Mobile,Direct,10,92,449.9,0.632,56,1,0,0.0,18,2,2,0.241,0,0.0,0.0,9.2,73.93,Product Researchers,0,Product Researchers
CUST-101333,2025-04-25,India,Desktop,Paid Search,28,140,485.0,0.172,52,11,7,760.85,4,2,1,0.268,1,0.25,0.6364,5.0,76.59,High Value Loyal,2,High Value Loyal Customers
CUST-101334,2025-06-14,Australia,Desktop,Paid Social,13,107,464.1,0.292,64,2,0,0.0,47,5,0,0.315,1,0.0,0.0,8.23,85.59,Product Researchers,0,Product Researchers
CUST-101335,2025-05-02,United Kingdom,Mobile,Paid Social,16,82,407.4,0.528,36,3,4,158.9,6,3,2,0.778,1,0.25,1.0,5.12,59.27,Deal Seekers,4,Engaged Non-Buyers
CUST-101336,2025-05-04,Germany,Mobile,Paid Search,20,101,354.7,0.211,37,7,4,325.96,9,2,1,0.658,0,0.2,0.5714,5.05,64.62,Deal Seekers,4,Engaged Non-Buyers
CUST-101337,2025-01-11,France,Mobile,Direct,11,86,372.1,0.237,52,5,0,0.0,30,2,1,0.553,0,0.0,0.0,7.82,78.11,Product Researchers,0,Product Researchers
CUST-101338,2025-05-01,India,Mobile,Paid Social,26,122,360.4,0.222,43,6,1,58.63,30,1,0,0.854,1,0.0385,0.1667,4.69,65.36,Deal Seekers,4,Engaged Non-Buyers
CUST-101339,2025-04-01,Netherlands,Tablet,Direct,29,122,288.0,0.361,35,11,3,254.77,15,3,0,0.476,1,0.1034,0.2727,4.21,54.28,Deal Seekers,4,Engaged Non-Buyers
CUST-101340,2025-02-27,United Kingdom,Mobile,Display,2,13,154.4,0.504,8,0,0,0.0,103,0,0,0.305,0,0.0,0.0,6.5,42.89,One-time Visitors,3,Engaged Non-Buyers
CUST-101341,2025-03-24,Germany,Mobile,Paid Social,14,76,460.9,0.295,37,3,2,172.53,40,2,2,0.846,0,0.1429,0.6667,5.43,69.03,Deal Seekers,4,Engaged Non-Buyers
CUST-101342,2025-02-14,United States,Mobile,Email,16,87,212.9,0.188,48,3,1,62.43,21,1,0,0.129,1,0.0625,0.3333,5.44,62.72,Engaged Non-Buyers,0,Product Researchers
CUST-101343,2025-05-20,India,Mobile,Display,21,120,308.8,0.649,49,7,1,58.4,29,2,1,0.931,0,0.0476,0.1429,5.71,57.14,Deal Seekers,4,Engaged Non-Buyers
CUST-101344,2025-03-23,Netherlands,Desktop,Direct,17,89,521.1,0.21,43,7,0,0.0,27,0,1,0.798,0,0.0,0.0,5.24,75.39,Engaged Non-Buyers,0,Product Researchers
CUST-101345,2025-05-16,United Kingdom,Tablet,Paid Search,18,107,397.7,0.594,50,7,3,154.47,15,5,1,0.973,1,0.1667,0.4286,5.94,63.99,Deal Seekers,4,Engaged Non-Buyers
CUST-101346,2025-02-28,United Kingdom,Mobile,Organic Search,17,96,448.3,0.419,43,3,1,84.49,23,2,2,0.39,1,0.0588,0.3333,5.65,67.81,Engaged Non-Buyers,0,Product Researchers
CUST-101347,2025-02-13,Netherlands,Desktop,Paid Search,29,154,609.1,0.127,52,8,6,920.44,9,1,1,0.155,1,0.2069,0.75,5.31,84.42,High Value Loyal,2,High Value Loyal Customers
CUST-101348,2025-04-11,Australia,Desktop,Organic Search,39,184,409.5,0.5,64,10,10,609.19,5,1,0,0.183,1,0.2564,1.0,4.72,67.42,High Value Loyal,2,High Value Loyal Customers
CUST-101349,2025-05-07,United Kingdom,Desktop,Referral,38,168,634.4,0.058,63,13,6,573.49,5,1,0,0.281,1,0.1579,0.4615,4.42,86.75,High Value Loyal,2,High Value Loyal Customers
CUST-101350,2025-01-10,India,Mobile,Organic Search,2,12,126.1,0.88,6,0,0,0.0,171,0,0,0.198,0,0.0,0.0,6.0,29.91,One-time Visitors,3,Engaged Non-Buyers
CUST-101351,2025-02-02,United Kingdom,Desktop,Paid Social,15,77,393.1,0.143,39,5,2,118.94,11,1,2,0.867,1,0.1333,0.4,5.13,69.13,Deal Seekers,4,Engaged Non-Buyers
CUST-101352,2025-02-13,United Kingdom,Desktop,Referral,20,109,267.1,0.224,46,6,2,76.57,19,4,0,0.717,1,0.1,0.3333,5.45,63.95,Deal Seekers,4,Engaged Non-Buyers
CUST-101353,2025-02-22,United Kingdom,Mobile,Paid Social,3,18,39.9,0.709,6,2,0,0.0,143,0,0,0.696,0,0.0,0.0,6.0,29.87,One-time Visitors,3,Engaged Non-Buyers
CUST-101354,2025-03-25,France,Desktop,Organic Search,36,163,538.5,0.182,72,12,3,344.19,3,1,0,0.395,1,0.0833,0.25,4.53,81.53,High Value Loyal,2,High Value Loyal Customers
CUST-101355,2025-06-29,United States,Desktop,Email,8,71,381.1,0.213,47,4,0,0.0,25,2,1,0.25,1,0.0,0.0,8.88,78.2,Product Researchers,0,Product Researchers
CUST-101356,2025-02-07,United Kingdom,Mobile,Paid Search,16,113,337.4,0.153,58,3,0,0.0,66,4,1,0.67,1,0.0,0.0,7.06,77.95,Product Researchers,0,Product Researchers
CUST-101357,2025-03-11,United Kingdom,Mobile,Organic Search,13,82,280.2,0.358,40,3,0,0.0,7,3,1,0.393,1,0.0,0.0,6.31,62.08,Deal Seekers,0,Product Researchers
CUST-101358,2025-06-25,United Kingdom,Mobile,Organic Search,19,95,444.8,0.206,36,7,0,0.0,21,0,1,0.198,1,0.0,0.0,5.0,68.79,Engaged Non-Buyers,0,Product Researchers
CUST-101359,2025-05-05,India,Mobile,Direct,20,107,479.5,0.082,48,0,0,0.0,44,4,1,0.46,1,0.0,0.0,5.35,78.41,Product Researchers,0,Product Researchers
CUST-101360,2025-06-27,India,Desktop,Display,20,115,430.0,0.183,44,11,3,288.12,42,0,0,0.833,1,0.15,0.2727,5.75,73.44,Deal Seekers,4,Engaged Non-Buyers
CUST-101361,2025-05-13,Germany,Mobile,Paid Search,3,9,49.5,0.882,3,1,0,0.0,88,0,0,0.063,0,0.0,0.0,3.0,15.71,One-time Visitors,3,Engaged Non-Buyers
CUST-101362,2025-06-10,India,Mobile,Organic Search,22,114,612.5,0.379,47,3,0,0.0,64,3,1,0.441,1,0.0,0.0,5.18,76.17,Engaged Non-Buyers,0,Product Researchers
CUST-101363,2025-02-26,Canada,Mobile,Organic Search,19,103,295.2,0.486,37,8,4,250.21,28,0,0,0.68,0,0.2105,0.5,5.42,55.93,Deal Seekers,4,Engaged Non-Buyers
CUST-101364,2025-03-16,United Kingdom,Mobile,Paid Search,35,149,468.8,0.13,53,10,6,898.99,7,2,0,0.139,1,0.1714,0.6,4.26,74.79,High Value Loyal,2,High Value Loyal Customers
CUST-101365,2025-06-16,United States,Desktop,Email,20,106,364.1,0.38,47,2,1,73.62,18,1,2,0.471,1,0.05,0.5,5.3,64.74,Engaged Non-Buyers,4,Engaged Non-Buyers
CUST-101366,2025-01-10,United Kingdom,Mobile,Paid Search,13,81,413.0,0.296,50,3,0,0.0,36,0,2,0.29,0,0.0,0.0,6.23,73.09,Product Researchers,0,Product Researchers
CUST-101367,2025-03-20,United Kingdom,Tablet,Direct,20,105,434.6,0.236,51,2,0,0.0,70,2,1,0.235,1,0.0,0.0,5.25,72.92,Product Researchers,0,Product Researchers
CUST-101368,2025-05-12,Netherlands,Mobile,Display,14,102,512.5,0.188,54,0,0,0.0,45,0,1,0.472,1,0.0,0.0,7.29,85.3,Product Researchers,0,Product Researchers
CUST-101369,2025-03-13,United Kingdom,Mobile,Organic Search,15,94,404.3,0.18,39,4,0,0.0,9,3,0,0.276,1,0.0,0.0,6.27,72.31,Engaged Non-Buyers,0,Product Researchers
CUST-101370,2025-02-22,Germany,Desktop,Paid Search,18,103,467.5,0.32,63,1,0,0.0,63,1,0,0.584,1,0.0,0.0,5.72,77.64,Product Researchers,0,Product Researchers
CUST-101371,2025-01-01,Netherlands,Mobile,Referral,4,19,81.5,0.615,3,0,0,0.0,83,0,0,0.163,0,0.0,0.0,4.75,29.46,One-time Visitors,3,Engaged Non-Buyers
CUST-101372,2025-04-20,United Kingdom,Desktop,Paid Search,13,95,271.2,0.363,55,1,0,0.0,44,3,1,0.324,1,0.0,0.0,7.31,69.25,Product Researchers,0,Product Researchers
CUST-101373,2025-05-03,United Kingdom,Mobile,Organic Search,33,171,608.5,0.178,66,14,5,697.81,11,3,3,0.688,1,0.1515,0.3571,5.18,86.74,High Value Loyal,2,High Value Loyal Customers
CUST-101374,2025-04-01,United Kingdom,Desktop,Paid Search,13,107,420.6,0.101,57,4,0,0.0,28,4,0,0.212,1,0.0,0.0,8.23,86.05,Product Researchers,0,Product Researchers
CUST-101375,2025-03-05,United Kingdom,Desktop,Direct,16,88,466.5,0.461,42,3,1,81.72,23,3,1,0.174,0,0.0625,0.3333,5.5,66.92,Engaged Non-Buyers,0,Product Researchers
CUST-101376,2025-01-17,Australia,Tablet,Direct,15,107,517.5,0.168,50,2,0,0.0,70,3,1,0.799,1,0.0,0.0,7.13,84.34,Product Researchers,0,Product Researchers
CUST-101377,2025-04-06,United Kingdom,Mobile,Email,15,109,414.9,0.196,54,5,0,0.0,58,3,1,0.505,0,0.0,0.0,7.27,80.17,Product Researchers,0,Product Researchers
CUST-101378,2025-03-07,Canada,Mobile,Email,25,146,292.7,0.053,63,19,4,421.29,6,1,0,0.297,1,0.16,0.2105,5.84,75.93,High Value Loyal,2,High Value Loyal Customers
CUST-101379,2025-02-22,United Kingdom,Desktop,Direct,2,12,98.8,0.712,8,0,0,0.0,100,0,0,0.334,0,0.0,0.0,6.0,33.34,One-time Visitors,3,Engaged Non-Buyers
CUST-101380,2025-04-05,Canada,Mobile,Paid Social,12,93,438.3,0.536,47,0,0,0.0,10,2,0,0.446,1,0.0,0.0,7.75,72.19,Product Researchers,0,Product Researchers
CUST-101381,2025-06-20,Netherlands,Mobile,Paid Search,16,102,327.8,0.282,50,11,1,68.99,39,0,3,0.731,1,0.0625,0.0909,6.38,69.65,Deal Seekers,4,Engaged Non-Buyers
CUST-101382,2025-02-13,Australia,Desktop,Paid Search,8,77,425.4,0.427,54,2,1,78.25,72,1,1,0.353,0,0.125,0.5,9.62,77.22,Product Researchers,0,Product Researchers
CUST-101383,2025-04-16,United Kingdom,Mobile,Referral,13,100,401.8,0.262,57,1,0,0.0,61,2,0,0.256,1,0.0,0.0,7.69,80.13,Product Researchers,0,Product Researchers
CUST-101384,2025-02-22,United Kingdom,Mobile,Paid Search,16,86,323.8,0.203,40,4,1,67.63,6,5,0,0.735,1,0.0625,0.25,5.38,65.22,Deal Seekers,4,Engaged Non-Buyers
CUST-101385,2025-04-12,Netherlands,Desktop,Direct,20,100,345.4,0.317,37,5,2,141.34,5,2,1,0.357,1,0.1,0.4,5.0,61.35,Deal Seekers,4,Engaged Non-Buyers
CUST-101386,2025-04-26,United States,Tablet,Organic Search,14,92,415.6,0.442,55,2,0,0.0,26,2,2,0.196,1,0.0,0.0,6.57,72.18,Product Researchers,0,Product Researchers
CUST-101387,2025-02-26,India,Desktop,Direct,33,178,523.8,0.102,69,14,3,165.05,2,1,1,0.125,1,0.0909,0.2143,5.39,85.49,High Value Loyal,2,High Value Loyal Customers
CUST-101388,2025-01-21,India,Desktop,Direct,15,103,359.1,0.396,55,6,0,0.0,3,4,0,0.726,1,0.0,0.0,6.87,71.43,Deal Seekers,0,Product Researchers
CUST-101389,2025-01-26,Canada,Mobile,Paid Search,19,143,225.4,0.494,83,3,1,73.77,52,1,0,0.356,1,0.0526,0.3333,7.53,67.45,Product Researchers,0,Product Researchers
CUST-101390,2025-01-26,United Kingdom,Tablet,Paid Search,18,109,434.1,0.344,46,1,0,0.0,57,3,1,0.461,1,0.0,0.0,6.06,71.19,Engaged Non-Buyers,0,Product Researchers
CUST-101391,2025-01-27,United Kingdom,Mobile,Paid Search,12,80,447.0,0.554,53,3,0,0.0,17,3,0,0.272,0,0.0,0.0,6.67,70.64,Product Researchers,0,Product Researchers
CUST-101392,2025-02-19,United Kingdom,Mobile,Direct,21,104,406.1,0.483,60,2,0,0.0,56,2,2,0.519,0,0.0,0.0,4.95,67.17,Product Researchers,0,Product Researchers
CUST-101393,2025-02-25,United Kingdom,Desktop,Direct,18,77,772.7,0.359,32,1,0,0.0,16,2,2,0.341,1,0.0,0.0,4.28,69.23,Engaged Non-Buyers,0,Product Researchers
CUST-101394,2025-04-21,Canada,Mobile,Referral,1,5,135.7,0.854,3,0,0,0.0,134,0,0,0.282,0,0.0,0.0,5.0,26.97,One-time Visitors,3,Engaged Non-Buyers
CUST-101395,2025-06-07,Canada,Mobile,Organic Search,6,21,111.8,0.451,5,0,0,0.0,61,0,0,0.148,0,0.0,0.0,3.5,31.79,One-time Visitors,3,Engaged Non-Buyers
CUST-101396,2025-01-05,Netherlands,Mobile,Organic Search,3,14,49.8,0.677,5,1,0,0.0,162,0,0,0.393,0,0.0,0.0,4.67,26.67,One-time Visitors,3,Engaged Non-Buyers
CUST-101397,2025-06-06,France,Mobile,Display,3,15,146.5,0.618,6,1,0,0.0,66,0,0,0.259,0,0.0,0.0,5.0,34.35,One-time Visitors,3,Engaged Non-Buyers
CUST-101398,2025-04-05,United States,Mobile,Direct,14,90,438.3,0.219,42,7,1,61.98,5,1,1,0.702,1,0.0714,0.1429,6.43,74.45,Deal Seekers,4,Engaged Non-Buyers
CUST-101399,2025-03-20,United States,Tablet,Organic Search,29,150,573.4,0.123,57,16,6,890.0,1,0,1,0.375,1,0.2069,0.375,5.17,84.28,High Value Loyal,2,High Value Loyal Customers
CUST-101400,2025-03-21,United Kingdom,Desktop,Email,23,131,463.7,0.183,62,10,3,244.76,8,2,0,0.121,1,0.1304,0.3,5.7,80.47,High Value Loyal,2,High Value Loyal Customers
CUST-101401,2025-01-03,Australia,Mobile,Paid Search,30,167,564.9,0.154,64,15,7,637.06,14,2,0,0.212,1,0.2333,0.4667,5.57,86.47,High Value Loyal,2,High Value Loyal Customers
CUST-101402,2025-02-27,Canada,Mobile,Display,2,16,77.4,0.774,8,0,0,0.0,96,0,1,0.679,0,0.0,0.0,8.0,36.98,One-time Visitors,1,Low Engagement / At-Risk Visitors
CUST-101403,2025-03-16,United Kingdom,Desktop,Paid Social,3,12,94.1,0.893,6,0,0,0.0,149,0,0,0.187,1,0.0,0.0,4.0,21.71,One-time Visitors,3,Engaged Non-Buyers
CUST-101404,2025-03-24,United Kingdom,Desktop,Organic Search,26,153,586.2,0.052,66,16,6,667.45,13,1,0,0.26,1,0.2308,0.375,5.88,91.39,High Value Loyal,2,High Value Loyal Customers
CUST-101405,2025-04-13,United Kingdom,Mobile,Paid Social,17,98,418.6,0.25,38,6,0,0.0,51,3,0,0.425,1,0.0,0.0,5.76,69.4,Engaged Non-Buyers,0,Product Researchers
CUST-101406,2025-01-14,United States,Mobile,Paid Search,12,92,549.0,0.36,48,3,0,0.0,44,2,0,0.751,0,0.0,0.0,7.67,82.18,Product Researchers,0,Product Researchers
CUST-101407,2025-02-22,United Kingdom,Desktop,Referral,16,106,515.4,0.415,63,2,0,0.0,35,1,1,0.358,1,0.0,0.0,6.62,80.49,Product Researchers,0,Product Researchers
CUST-101408,2025-03-20,United States,Tablet,Organic Search,25,119,594.4,0.222,59,13,7,1060.4,3,1,0,0.138,1,0.28,0.5385,4.76,82.19,High Value Loyal,2,High Value Loyal Customers
CUST-101409,2025-01-23,United Kingdom,Mobile,Organic Search,15,89,657.3,0.225,41,5,0,0.0,53,2,1,0.104,1,0.0,0.0,5.93,80.53,Engaged Non-Buyers,0,Product Researchers
CUST-101410,2025-04-19,France,Mobile,Email,29,158,333.2,0.14,66,15,7,595.49,5,4,1,0.465,1,0.2414,0.4667,5.45,75.19,High Value Loyal,2,High Value Loyal Customers
CUST-101411,2025-05-20,Canada,Desktop,Organic Search,16,83,363.8,0.303,39,5,1,56.33,7,2,0,0.53,1,0.0625,0.2,5.19,63.82,Deal Seekers,4,Engaged Non-Buyers
CUST-101412,2025-06-02,France,Desktop,Email,19,107,572.0,0.241,51,1,0,0.0,44,2,1,0.658,1,0.0,0.0,5.63,80.87,Product Researchers,0,Product Researchers
CUST-101413,2025-05-17,France,Mobile,Direct,13,84,352.5,0.325,45,1,0,0.0,31,1,0,0.273,1,0.0,0.0,6.46,68.54,Product Researchers,0,Product Researchers
CUST-101414,2025-06-05,United States,Desktop,Direct,18,118,408.7,0.256,58,1,0,0.0,25,0,1,0.642,1,0.0,0.0,6.56,77.35,Product Researchers,0,Product Researchers
CUST-101415,2025-02-11,United States,Desktop,Direct,14,77,443.3,0.235,39,3,0,0.0,58,0,2,0.215,1,0.0,0.0,5.5,70.47,Engaged Non-Buyers,0,Product Researchers
CUST-101416,2025-01-02,Germany,Desktop,Paid Search,21,123,392.4,0.115,60,14,4,334.06,3,3,0,0.241,1,0.1905,0.2857,5.86,78.51,High Value Loyal,2,High Value Loyal Customers
CUST-101417,2025-01-19,Canada,Mobile,Direct,1,7,120.4,0.596,5,0,0,0.0,156,0,0,0.061,1,0.0,0.0,7.0,39.53,One-time Visitors,1,Low Engagement / At-Risk Visitors
CUST-101418,2025-03-23,India,Mobile,Direct,11,85,366.0,0.052,52,0,0,0.0,14,3,0,0.296,1,0.0,0.0,7.73,82.14,Product Researchers,0,Product Researchers
CUST-101419,2025-03-16,Canada,Desktop,Paid Social,4,29,99.1,0.895,10,0,0,0.0,165,0,0,0.316,0,0.0,0.0,7.25,33.31,One-time Visitors,1,Low Engagement / At-Risk Visitors
CUST-101420,2025-04-26,India,Mobile,Paid Search,3,23,63.1,0.697,14,0,0,0.0,171,0,0,0.171,0,0.0,0.0,7.67,38.99,One-time Visitors,1,Low Engagement / At-Risk Visitors
CUST-101421,2025-03-30,United States,Tablet,Organic Search,4,17,90.3,0.771,5,1,0,0.0,108,3,0,0.107,1,0.0,0.0,4.25,25.06,One-time Visitors,3,Engaged Non-Buyers
CUST-101422,2025-04-29,United Kingdom,Desktop,Paid Search,21,114,351.7,0.179,43,2,0,0.0,45,4,0,0.346,1,0.0,0.0,5.43,68.3,Engaged Non-Buyers,0,Product Researchers
CUST-101423,2025-03-12,United Kingdom,Mobile,Paid Search,5,27,129.9,0.674,6,1,0,0.0,125,0,0,0.104,0,0.0,0.0,5.4,33.35,One-time Visitors,3,Engaged Non-Buyers
CUST-101424,2025-02-27,United Kingdom,Mobile,Organic Search,32,178,372.3,0.103,76,9,6,648.92,3,0,0,0.698,1,0.1875,0.6667,5.56,78.43,High Value Loyal,2,High Value Loyal Customers
CUST-101425,2025-04-10,Germany,Mobile,Paid Social,10,103,423.1,0.152,59,1,1,73.75,27,1,0,0.444,1,0.1,1.0,10.3,85.5,Product Researchers,4,Engaged Non-Buyers
CUST-101426,2025-06-15,United States,Mobile,Direct,6,19,152.1,0.975,4,0,0,0.0,88,0,0,0.085,0,0.0,0.0,3.17,19.36,One-time Visitors,3,Engaged Non-Buyers
CUST-101427,2025-01-30,United Kingdom,Mobile,Direct,3,12,81.8,0.784,6,0,0,0.0,99,0,0,0.163,0,0.0,0.0,4.0,23.84,One-time Visitors,3,Engaged Non-Buyers
CUST-101428,2025-02-13,Canada,Mobile,Email,11,90,403.1,0.148,46,1,1,52.56,14,2,0,0.277,1,0.0909,1.0,8.18,80.61,Engaged Non-Buyers,4,Engaged Non-Buyers
CUST-101429,2025-01-16,India,Desktop,Paid Search,14,93,471.4,0.295,59,1,0,0.0,21,2,0,0.076,1,0.0,0.0,6.64,80.12,Product Researchers,0,Product Researchers
CUST-101430,2025-03-23,Netherlands,Desktop,Direct,27,134,382.3,0.046,52,16,7,860.69,11,1,2,0.231,1,0.2593,0.4375,4.96,74.47,High Value Loyal,2,High Value Loyal Customers
CUST-101431,2025-01-26,Netherlands,Mobile,Paid Search,2,13,132.6,0.668,7,0,0,0.0,155,0,0,0.215,0,0.0,0.0,6.5,37.4,One-time Visitors,3,Engaged Non-Buyers
CUST-101432,2025-01-31,United Kingdom,Mobile,Organic Search,19,76,253.1,0.191,31,4,3,243.24,23,6,0,0.586,1,0.1579,0.75,4.0,54.92,Deal Seekers,4,Engaged Non-Buyers
CUST-101433,2025-05-12,United States,Mobile,Organic Search,2,13,54.7,0.617,7,1,0,0.0,163,0,0,0.086,0,0.0,0.0,6.5,34.79,One-time Visitors,3,Engaged Non-Buyers
CUST-101434,2025-05-21,United Kingdom,Mobile,Organic Search,20,127,408.8,0.223,67,10,9,890.15,13,4,2,0.613,1,0.45,0.9,6.35,79.72,High Value Loyal,2,High Value Loyal Customers
CUST-101435,2025-04-27,Germany,Mobile,Organic Search,16,92,338.6,0.307,47,6,0,0.0,21,0,2,0.777,1,0.0,0.0,5.75,66.68,Deal Seekers,0,Product Researchers
CUST-101436,2025-01-10,India,Desktop,Organic Search,7,26,111.8,0.848,11,0,0,0.0,53,0,0,0.64,0,0.0,0.0,3.71,24.37,One-time Visitors,3,Engaged Non-Buyers
CUST-101437,2025-04-25,Netherlands,Mobile,Organic Search,25,132,673.8,0.219,59,12,3,394.91,10,2,0,0.21,1,0.12,0.25,5.28,84.17,High Value Loyal,2,High Value Loyal Customers
CUST-101438,2025-04-15,India,Desktop,Direct,16,103,297.4,0.294,42,7,1,60.43,8,2,2,0.785,1,0.0625,0.1429,6.44,65.56,Deal Seekers,4,Engaged Non-Buyers
CUST-101439,2025-01-10,United States,Mobile,Paid Social,30,161,522.5,0.534,64,16,7,329.99,7,3,0,0.231,1,0.2333,0.4375,5.37,74.24,High Value Loyal,2,High Value Loyal Customers
CUST-101440,2025-03-19,Canada,Mobile,Organic Search,19,92,450.6,0.281,44,0,0,0.0,23,1,0,0.193,1,0.0,0.0,4.84,69.17,Engaged Non-Buyers,0,Product Researchers
CUST-101441,2025-01-22,Germany,Mobile,Organic Search,4,18,79.7,0.763,9,0,0,0.0,107,1,0,0.312,1,0.0,0.0,4.5,26.73,One-time Visitors,3,Engaged Non-Buyers
CUST-101442,2025-02-02,France,Tablet,Paid Search,1,12,104.1,0.801,9,0,0,0.0,80,0,0,0.205,0,0.0,0.0,12.0,37.96,One-time Visitors,1,Low Engagement / At-Risk Visitors
CUST-101443,2025-03-02,United Kingdom,Desktop,Paid Social,16,97,425.2,0.424,53,2,1,76.51,48,0,2,0.523,1,0.0625,0.5,6.06,70.92,Product Researchers,4,Engaged Non-Buyers
CUST-101444,2025-03-26,United Kingdom,Desktop,Paid Search,16,111,580.4,0.118,48,2,1,57.78,37,0,0,0.13,1,0.0625,0.5,6.94,87.51,Engaged Non-Buyers,0,Product Researchers
CUST-101445,2025-03-29,France,Desktop,Direct,21,96,331.8,0.289,38,7,3,194.81,36,3,1,0.959,1,0.1429,0.4286,4.57,60.34,Deal Seekers,4,Engaged Non-Buyers
CUST-101446,2025-05-16,India,Mobile,Direct,1,10,77.9,0.77,5,0,0,0.0,129,0,0,0.178,0,0.0,0.0,10.0,36.18,One-time Visitors,1,Low Engagement / At-Risk Visitors
CUST-101447,2025-06-06,United Kingdom,Mobile,Organic Search,26,142,410.5,0.267,65,11,5,447.8,5,1,0,0.193,1,0.1923,0.4545,5.46,75.91,High Value Loyal,2,High Value Loyal Customers
CUST-101448,2025-03-02,India,Mobile,Paid Social,1,4,47.5,0.772,3,1,0,0.0,99,0,0,0.338,0,0.0,0.0,4.0,21.5,One-time Visitors,3,Engaged Non-Buyers
CUST-101449,2025-01-26,Australia,Desktop,Paid Social,15,84,458.9,0.205,39,4,1,61.14,19,0,3,0.575,0,0.0667,0.25,5.6,72.33,Deal Seekers,0,Product Researchers
CUST-101450,2025-02-19,United Kingdom,Desktop,Paid Social,34,172,475.0,0.153,56,6,8,869.32,1,2,1,0.104,1,0.2353,1.0,5.06,77.95,High Value Loyal,2,High Value Loyal Customers
CUST-101451,2025-02-14,United Kingdom,Mobile,Paid Social,22,112,470.2,0.26,37,6,1,53.61,42,1,2,0.104,1,0.0455,0.1667,5.09,69.31,Engaged Non-Buyers,0,Product Researchers
CUST-101452,2025-04-10,India,Desktop,Organic Search,17,76,348.6,0.133,37,7,0,0.0,16,0,0,0.692,0,0.0,0.0,4.47,64.45,Deal Seekers,0,Product Researchers
CUST-101453,2025-04-25,Canada,Desktop,Direct,23,119,470.1,0.253,49,2,1,47.14,60,3,1,0.313,1,0.0435,0.5,5.17,73.42,Engaged Non-Buyers,0,Product Researchers
CUST-101454,2025-03-11,United Kingdom,Desktop,Paid Social,2,9,90.1,0.565,4,0,0,0.0,67,0,0,0.207,1,0.0,0.0,4.5,30.68,One-time Visitors,3,Engaged Non-Buyers
CUST-101455,2025-05-02,United Kingdom,Mobile,Paid Social,2,14,144.7,0.869,6,0,0,0.0,144,1,0,0.69,0,0.0,0.0,7.0,34.23,One-time Visitors,1,Low Engagement / At-Risk Visitors
CUST-101456,2025-01-16,United Kingdom,Mobile,Organic Search,3,13,63.2,0.76,8,0,0,0.0,74,1,0,0.423,0,0.0,0.0,4.33,25.17,One-time Visitors,3,Engaged Non-Buyers
CUST-101457,2025-02-18,United Kingdom,Mobile,Direct,17,90,584.8,0.172,39,4,2,135.45,46,0,0,0.581,0,0.1176,0.5,5.29,78.49,Engaged Non-Buyers,4,Engaged Non-Buyers
CUST-101458,2025-06-18,France,Desktop,Organic Search,20,95,301.3,0.135,36,3,0,0.0,22,2,0,0.772,1,0.0,0.0,4.75,62.61,Deal Seekers,4,Engaged Non-Buyers
CUST-101459,2025-03-08,United States,Mobile,Paid Search,17,87,601.4,0.142,41,1,1,45.43,32,2,0,0.127,0,0.0588,1.0,5.12,80.07,Engaged Non-Buyers,0,Product Researchers
CUST-101460,2025-04-27,United Kingdom,Mobile,Paid Search,17,78,376.3,0.377,41,5,1,81.26,18,4,1,0.907,1,0.0588,0.2,4.59,61.34,Deal Seekers,4,Engaged Non-Buyers
CUST-101461,2025-02-07,United Kingdom,Mobile,Organic Search,31,160,613.4,0.425,63,5,6,932.41,3,3,1,0.716,1,0.1935,1.0,5.16,79.89,High Value Loyal,2,High Value Loyal Customers
CUST-101462,2025-02-25,United States,Mobile,Paid Search,18,89,462.5,0.487,36,1,0,0.0,13,1,1,0.322,1,0.0,0.0,4.94,62.47,Engaged Non-Buyers,0,Product Researchers
CUST-101463,2025-03-02,United Kingdom,Mobile,Referral,23,132,447.4,0.399,72,10,8,1007.14,2,2,2,0.138,1,0.3478,0.8,5.74,75.33,High Value Loyal,2,High Value Loyal Customers
CUST-101464,2025-03-12,Germany,Desktop,Direct,21,109,413.0,0.18,58,2,0,0.0,62,3,2,0.648,0,0.0,0.0,5.19,75.22,Product Researchers,0,Product Researchers
CUST-101465,2025-04-03,Germany,Mobile,Paid Social,17,96,387.3,0.032,36,4,0,0.0,22,0,0,0.125,1,0.0,0.0,5.65,72.28,Engaged Non-Buyers,0,Product Researchers
CUST-101466,2025-06-08,France,Desktop,Referral,13,81,340.7,0.124,41,7,3,153.97,38,2,0,0.741,1,0.2308,0.4286,6.23,71.03,Deal Seekers,4,Engaged Non-Buyers
CUST-101467,2025-04-14,Germany,Mobile,Email,3,25,71.4,0.885,11,0,0,0.0,68,0,0,0.408,0,0.0,0.0,8.33,34.83,One-time Visitors,1,Low Engagement / At-Risk Visitors
CUST-101468,2025-05-06,United Kingdom,Mobile,Email,3,11,76.0,0.746,6,0,0,0.0,103,0,0,0.142,0,0.0,0.0,3.67,23.46,One-time Visitors,3,Engaged Non-Buyers
CUST-101469,2025-05-19,United Kingdom,Mobile,Paid Social,5,21,106.7,0.86,5,0,0,0.0,71,0,0,0.093,0,0.0,0.0,4.2,23.5,One-time Visitors,3,Engaged Non-Buyers
CUST-101470,2025-04-12,United States,Mobile,Display,33,181,499.8,0.191,71,9,7,779.58,4,4,2,0.47,1,0.2121,0.7778,5.48,82.35,High Value Loyal,2,High Value Loyal Customers
CUST-101471,2025-04-01,Germany,Mobile,Email,1,10,97.5,0.568,8,0,0,0.0,111,0,0,0.216,1,0.0,0.0,10.0,43.14,One-time Visitors,1,Low Engagement / At-Risk Visitors
CUST-101472,2025-05-10,Canada,Mobile,Organic Search,24,114,375.2,0.56,41,1,0,0.0,47,6,0,0.062,1,0.0,0.0,4.75,57.21,Engaged Non-Buyers,0,Product Researchers
CUST-101473,2025-04-26,United Kingdom,Mobile,Organic Search,25,155,628.1,0.178,72,12,4,402.31,6,2,1,0.046,1,0.16,0.3333,6.2,89.92,High Value Loyal,2,High Value Loyal Customers
CUST-101474,2025-01-27,United Kingdom,Desktop,Paid Social,24,119,553.6,0.355,46,2,1,68.39,49,1,0,0.334,1,0.0417,0.5,4.96,73.45,Engaged Non-Buyers,0,Product Researchers
CUST-101475,2025-01-11,United Kingdom,Desktop,Referral,23,104,528.6,0.311,50,2,0,0.0,36,2,1,0.816,0,0.0,0.0,4.52,73.16,Engaged Non-Buyers,0,Product Researchers
CUST-101476,2025-03-13,France,Desktop,Paid Search,22,111,247.1,0.153,42,9,5,245.21,34,0,1,0.773,1,0.2273,0.5556,5.05,62.22,Deal Seekers,4,Engaged Non-Buyers
CUST-101477,2025-01-25,India,Mobile,Paid Social,16,88,414.5,0.061,50,3,0,0.0,45,0,1,0.347,0,0.0,0.0,5.5,76.77,Engaged Non-Buyers,0,Product Researchers
CUST-101478,2025-05-23,United Kingdom,Mobile,Paid Search,19,102,523.2,0.185,35,3,0,0.0,23,3,0,0.585,0,0.0,0.0,5.37,74.08,Engaged Non-Buyers,0,Product Researchers
CUST-101479,2025-01-28,United Kingdom,Mobile,Paid Social,23,138,473.6,0.155,64,10,5,870.35,4,1,1,0.409,1,0.2174,0.5,6.0,83.25,High Value Loyal,2,High Value Loyal Customers
CUST-101480,2025-03-12,India,Tablet,Paid Social,6,28,109.2,0.451,7,0,0,0.0,165,0,0,0.268,1,0.0,0.0,4.67,35.92,One-time Visitors,3,Engaged Non-Buyers
CUST-101481,2025-02-15,France,Desktop,Display,14,102,411.3,0.154,52,5,0,0.0,55,4,0,0.133,0,0.0,0.0,7.29,80.49,Engaged Non-Buyers,0,Product Researchers
CUST-101482,2025-03-30,United States,Desktop,Paid Search,19,126,547.2,0.249,58,3,0,0.0,60,1,1,0.323,1,0.0,0.0,6.63,84.7,Engaged Non-Buyers,0,Product Researchers
CUST-101483,2025-05-11,United Kingdom,Desktop,Organic Search,28,138,428.9,0.284,60,16,3,356.89,6,1,0,0.164,1,0.1071,0.1875,4.93,73.2,High Value Loyal,2,High Value Loyal Customers
CUST-101484,2025-02-06,India,Mobile,Paid Social,18,121,560.2,0.293,50,2,0,0.0,63,1,2,0.349,1,0.0,0.0,6.72,82.08,Product Researchers,0,Product Researchers
CUST-101485,2025-04-22,France,Desktop,Paid Social,12,97,457.1,0.057,66,2,0,0.0,24,1,2,0.567,1,0.0,0.0,8.08,91.42,Product Researchers,0,Product Researchers
CUST-101486,2025-01-19,Australia,Tablet,Paid Search,11,79,462.4,0.414,48,0,0,0.0,54,0,0,0.334,1,0.0,0.0,7.18,74.98,Product Researchers,0,Product Researchers
CUST-101487,2025-03-07,United Kingdom,Mobile,Organic Search,16,102,407.4,0.217,40,2,0,0.0,15,3,1,0.428,0,0.0,0.0,6.38,72.16,Product Researchers,0,Product Researchers
CUST-101488,2025-02-25,United Kingdom,Mobile,Paid Social,37,184,413.1,0.461,62,12,8,899.6,8,5,1,0.023,1,0.2162,0.6667,4.97,68.74,High Value Loyal,2,High Value Loyal Customers
CUST-101489,2025-03-24,United Kingdom,Desktop,Paid Social,38,167,445.2,0.094,58,10,4,323.31,14,4,0,0.122,1,0.1053,0.4,4.39,76.5,High Value Loyal,2,High Value Loyal Customers
CUST-101490,2025-01-18,Canada,Desktop,Paid Social,15,88,375.1,0.237,39,9,1,62.79,31,2,0,0.764,0,0.0667,0.1111,5.87,68.16,Deal Seekers,4,Engaged Non-Buyers
CUST-101491,2025-04-16,United Kingdom,Desktop,Organic Search,11,75,468.1,0.326,49,3,0,0.0,60,1,1,0.345,1,0.0,0.0,6.82,76.65,Product Researchers,0,Product Researchers
CUST-101492,2025-01-02,Netherlands,Mobile,Organic Search,14,105,445.6,0.155,56,0,0,0.0,33,2,0,0.476,0,0.0,0.0,7.5,84.08,Product Researchers,0,Product Researchers
CUST-101493,2025-03-27,Germany,Mobile,Organic Search,25,117,373.3,0.267,44,3,1,78.89,32,2,0,0.195,1,0.04,0.3333,4.68,65.16,Engaged Non-Buyers,0,Product Researchers
CUST-101494,2025-06-11,United Kingdom,Mobile,Paid Search,29,153,541.0,0.11,62,17,8,909.74,7,4,0,0.142,1,0.2759,0.4706,5.28,84.87,High Value Loyal,2,High Value Loyal Customers
CUST-101495,2025-01-20,United Kingdom,Mobile,Organic Search,19,99,295.4,0.159,46,8,4,291.03,22,5,1,0.872,1,0.2105,0.5,5.21,66.22,Deal Seekers,4,Engaged Non-Buyers
CUST-101496,2025-05-19,United Kingdom,Mobile,Direct,20,96,521.9,0.239,34,3,0,0.0,31,4,1,0.396,1,0.0,0.0,4.8,70.57,Engaged Non-Buyers,0,Product Researchers
CUST-101497,2025-01-06,India,Mobile,Paid Search,18,97,593.2,0.078,39,3,0,0.0,63,3,1,0.087,0,0.0,0.0,5.39,81.55,Engaged Non-Buyers,0,Product Researchers
CUST-101498,2025-04-24,Germany,Mobile,Paid Social,23,131,664.0,0.124,56,14,3,359.51,9,2,1,0.144,1,0.1304,0.2143,5.7,86.93,High Value Loyal,2,High Value Loyal Customers
CUST-101499,2025-02-25,Australia,Desktop,Direct,4,12,97.0,0.772,4,0,0,0.0,131,0,0,0.232,0,0.0,0.0,3.0,21.17,One-time Visitors,3,Engaged Non-Buyers
CUST-101500,2025-02-01,Netherlands,Desktop,Organic Search,21,128,549.1,0.066,64,11,9,1077.15,3,2,0,0.102,1,0.4286,0.8182,6.1,89.55,High Value Loyal,2,High Value Loyal Customers
CUST-101501,2025-01-18,Germany,Mobile,Paid Social,24,119,557.5,0.228,49,4,1,58.7,31,1,1,0.309,1,0.0417,0.25,4.96,77.75,Engaged Non-Buyers,0,Product Researchers
CUST-101502,2025-03-16,United States,Desktop,Organic Search,18,99,362.1,0.119,51,6,1,20.52,39,2,1,0.808,1,0.0556,0.1667,5.5,73.0,Deal Seekers,4,Engaged Non-Buyers
CUST-101503,2025-05-12,United States,Mobile,Paid Social,2,14,133.8,0.702,7,0,0,0.0,171,0,0,0.63,0,0.0,0.0,7.0,38.17,One-time Visitors,1,Low Engagement / At-Risk Visitors
CUST-101504,2025-04-18,France,Mobile,Referral,17,118,412.5,0.075,54,3,1,73.93,67,3,0,0.516,0,0.0588,0.3333,6.94,82.04,Product Researchers,0,Product Researchers
CUST-101505,2025-01-20,France,Mobile,Direct,14,74,388.5,0.412,44,0,1,74.02,33,2,0,0.485,1,0.0714,0.0,5.29,64.19,Product Researchers,0,Product Researchers
CUST-101506,2025-02-18,Canada,Mobile,Paid Search,16,92,368.5,0.087,44,4,3,180.31,26,0,0,0.446,1,0.1875,0.75,5.75,72.75,Deal Seekers,4,Engaged Non-Buyers
CUST-101507,2025-03-24,United Kingdom,Mobile,Referral,23,126,191.8,0.224,52,6,1,67.01,33,3,1,0.898,1,0.0435,0.1667,5.48,62.11,Deal Seekers,4,Engaged Non-Buyers
CUST-101508,2025-01-13,Netherlands,Mobile,Direct,17,74,405.4,0.247,32,7,3,187.64,34,1,0,0.896,1,0.1765,0.4286,4.35,62.54,Deal Seekers,4,Engaged Non-Buyers
CUST-101509,2025-06-14,United Kingdom,Desktop,Paid Social,2,7,29.2,0.719,3,0,0,0.0,130,0,0,0.21,0,0.0,0.0,3.5,20.34,One-time Visitors,3,Engaged Non-Buyers
CUST-101510,2025-03-17,United Kingdom,Mobile,Organic Search,12,88,419.4,0.151,45,2,0,0.0,22,0,1,0.415,1,0.0,0.0,7.33,78.96,Product Researchers,0,Product Researchers
CUST-101511,2025-01-16,United Kingdom,Desktop,Paid Search,3,15,126.8,0.713,6,0,0,0.0,159,1,1,0.056,0,0.0,0.0,5.0,30.98,One-time Visitors,3,Engaged Non-Buyers
CUST-101512,2025-05-04,France,Desktop,Email,19,120,366.5,0.654,53,1,0,0.0,18,0,1,0.578,0,0.0,0.0,6.32,63.01,Product Researchers,0,Product Researchers
CUST-101513,2025-04-02,United States,Mobile,Organic Search,3,13,102.4,0.706,6,1,0,0.0,176,0,0,0.312,1,0.0,0.0,4.33,27.86,One-time Visitors,3,Engaged Non-Buyers
CUST-101514,2025-02-19,Australia,Mobile,Paid Social,24,106,544.3,0.231,29,2,0,0.0,59,3,1,0.204,1,0.0,0.0,4.42,69.16,Engaged Non-Buyers,0,Product Researchers
CUST-101515,2025-05-08,France,Desktop,Paid Social,12,82,361.1,0.358,47,2,0,0.0,74,3,1,0.529,1,0.0,0.0,6.83,69.92,Product Researchers,0,Product Researchers
CUST-101516,2025-04-15,India,Tablet,Paid Search,17,116,314.0,0.359,55,0,0,0.0,63,3,0,0.658,1,0.0,0.0,6.82,69.98,Product Researchers,0,Product Researchers
CUST-101517,2025-06-12,Australia,Mobile,Paid Social,3,16,92.4,0.742,8,0,0,0.0,165,0,0,0.492,0,0.0,0.0,5.33,30.19,One-time Visitors,3,Engaged Non-Buyers
CUST-101518,2025-05-23,India,Desktop,Display,18,105,404.2,0.446,45,2,1,61.82,71,4,1,0.259,1,0.0556,0.5,5.83,66.13,Product Researchers,0,Product Researchers
CUST-101519,2025-01-27,United Kingdom,Desktop,Display,10,88,321.9,0.032,61,2,0,0.0,58,3,0,0.735,0,0.0,0.0,8.8,84.05,Product Researchers,0,Product Researchers
CUST-101520,2025-06-11,United Kingdom,Mobile,Email,22,108,311.9,0.426,42,6,1,46.93,19,0,0,0.9,1,0.0455,0.1667,4.91,58.22,Deal Seekers,4,Engaged Non-Buyers
CUST-101521,2025-05-02,India,Mobile,Organic Search,18,109,507.1,0.646,53,2,0,0.0,72,2,0,0.494,1,0.0,0.0,6.06,69.43,Product Researchers,0,Product Researchers
CUST-101522,2025-03-26,Canada,Desktop,Paid Social,23,109,325.3,0.075,38,7,2,118.84,43,2,2,0.792,1,0.087,0.2857,4.74,65.89,Deal Seekers,4,Engaged Non-Buyers
CUST-101523,2025-02-24,United Kingdom,Desktop,Email,3,17,108.2,0.868,5,0,0,0.0,166,0,0,0.595,0,0.0,0.0,5.67,27.96,One-time Visitors,3,Engaged Non-Buyers
CUST-101524,2025-02-24,United Kingdom,Mobile,Organic Search,13,71,552.4,0.173,32,3,0,0.0,64,5,1,0.115,0,0.0,0.0,5.46,75.21,Engaged Non-Buyers,0,Product Researchers
CUST-101525,2025-01-02,United Kingdom,Mobile,Paid Social,3,9,155.0,0.602,5,1,0,0.0,65,0,0,0.506,1,0.0,0.0,3.0,28.62,One-time Visitors,3,Engaged Non-Buyers
CUST-101526,2025-06-03,United Kingdom,Mobile,Email,5,28,125.5,0.699,6,0,0,0.0,125,0,0,0.397,0,0.0,0.0,5.6,33.14,One-time Visitors,3,Engaged Non-Buyers
CUST-101527,2025-01-27,France,Desktop,Paid Search,15,80,387.0,0.405,38,5,1,73.22,42,3,2,0.608,0,0.0667,0.2,5.33,62.59,Deal Seekers,4,Engaged Non-Buyers
CUST-101528,2025-01-06,Australia,Desktop,Paid Social,28,156,600.9,0.071,79,14,5,484.61,8,1,0,0.535,1,0.1786,0.3571,5.57,90.64,High Value Loyal,2,High Value Loyal Customers
CUST-101529,2025-02-12,India,Mobile,Display,21,103,213.2,0.334,41,6,1,93.22,6,1,0,0.682,1,0.0476,0.1667,4.9,55.25,Deal Seekers,4,Engaged Non-Buyers
CUST-101530,2025-01-14,India,Mobile,Paid Social,9,78,521.0,0.21,53,2,1,53.74,59,2,0,0.515,1,0.1111,0.5,8.67,87.11,Product Researchers,0,Product Researchers
CUST-101531,2025-02-14,India,Mobile,Paid Social,27,139,557.5,0.135,53,9,3,295.2,13,5,1,0.484,1,0.1111,0.3333,5.15,81.9,High Value Loyal,2,High Value Loyal Customers
CUST-101532,2025-04-15,India,Desktop,Referral,28,175,545.0,0.117,76,10,4,411.47,2,1,0,0.466,1,0.1429,0.4,6.25,88.86,High Value Loyal,2,High Value Loyal Customers
CUST-101533,2025-01-28,United Kingdom,Mobile,Organic Search,13,92,468.4,0.425,48,4,0,0.0,39,5,1,0.421,0,0.0,0.0,7.08,74.68,Engaged Non-Buyers,0,Product Researchers
CUST-101534,2025-05-13,United Kingdom,Mobile,Paid Social,13,80,348.0,0.59,42,9,2,69.37,22,7,0,0.802,1,0.1538,0.2222,6.15,59.79,Deal Seekers,4,Engaged Non-Buyers
CUST-101535,2025-06-02,India,Mobile,Display,24,124,422.0,0.124,58,14,7,910.63,8,2,0,0.221,1,0.2917,0.5,5.17,77.0,High Value Loyal,2,High Value Loyal Customers
CUST-101536,2025-03-27,United Kingdom,Mobile,Email,13,97,467.1,0.152,53,2,0,0.0,65,0,1,0.368,1,0.0,0.0,7.46,84.17,Product Researchers,0,Product Researchers
CUST-101537,2025-04-27,United Kingdom,Mobile,Organic Search,1,9,138.4,0.663,6,0,0,0.0,90,0,0,0.147,0,0.0,0.0,9.0,42.18,One-time Visitors,1,Low Engagement / At-Risk Visitors
CUST-101538,2025-06-04,United States,Mobile,Direct,14,84,564.6,0.408,56,1,1,79.23,52,0,0,0.263,0,0.0714,1.0,6.0,79.01,Product Researchers,0,Product Researchers
CUST-101539,2025-06-13,Australia,Mobile,Paid Search,28,153,508.5,0.046,69,11,5,703.65,10,5,2,0.184,1,0.1786,0.4545,5.46,86.34,High Value Loyal,2,High Value Loyal Customers
CUST-101540,2025-03-28,Australia,Tablet,Direct,9,67,518.8,0.353,46,4,0,0.0,52,1,0,0.51,1,0.0,0.0,7.44,79.52,Product Researchers,0,Product Researchers
CUST-101541,2025-06-10,United Kingdom,Mobile,Referral,36,161,416.6,0.151,66,10,3,389.95,1,5,1,0.188,1,0.0833,0.3,4.47,76.03,High Value Loyal,2,High Value Loyal Customers
CUST-101542,2025-01-07,United States,Mobile,Direct,2,13,95.0,0.945,9,0,0,0.0,126,0,0,0.111,1,0.0,0.0,6.5,29.22,One-time Visitors,3,Engaged Non-Buyers
CUST-101543,2025-05-28,United Kingdom,Mobile,Organic Search,18,95,499.6,0.219,45,3,1,76.74,53,6,0,0.124,1,0.0556,0.3333,5.28,74.85,Engaged Non-Buyers,0,Product Researchers
CUST-101544,2025-04-28,United States,Desktop,Paid Search,28,153,402.9,0.179,72,10,2,214.3,6,0,1,0.456,1,0.0714,0.2,5.46,77.75,High Value Loyal,4,Engaged Non-Buyers
CUST-101545,2025-04-13,United Kingdom,Desktop,Organic Search,13,82,450.8,0.194,49,1,0,0.0,14,1,1,0.794,1,0.0,0.0,6.31,77.47,Product Researchers,0,Product Researchers
CUST-101546,2025-01-04,United States,Mobile,Paid Search,21,103,341.4,0.389,37,3,2,107.41,61,3,1,0.455,1,0.0952,0.6667,4.9,59.05,Engaged Non-Buyers,4,Engaged Non-Buyers
CUST-101547,2025-02-13,United Kingdom,Mobile,Organic Search,3,18,65.9,0.889,10,0,0,0.0,146,1,0,0.254,0,0.0,0.0,6.0,27.89,One-time Visitors,3,Engaged Non-Buyers
CUST-101548,2025-03-03,France,Mobile,Organic Search,29,147,639.5,0.154,65,7,2,243.15,4,2,1,0.151,1,0.069,0.2857,5.07,86.99,High Value Loyal,2,High Value Loyal Customers
CUST-101549,2025-02-05,United Kingdom,Mobile,Organic Search,35,177,506.8,0.112,67,15,5,596.99,12,3,1,0.434,1,0.1429,0.3333,5.06,83.34,High Value Loyal,2,High Value Loyal Customers
CUST-101550,2025-02-14,United Kingdom,Desktop,Organic Search,16,89,477.5,0.405,49,4,0,0.0,65,1,2,0.334,0,0.0,0.0,5.56,71.2,Product Researchers,0,Product Researchers
CUST-101551,2025-03-04,United States,Desktop,Direct,24,142,574.4,0.019,71,12,6,797.94,11,1,1,0.522,1,0.25,0.5,5.92,91.73,High Value Loyal,2,High Value Loyal Customers
CUST-101552,2025-05-07,Australia,Mobile,Organic Search,13,92,405.5,0.099,50,5,0,0.0,31,4,1,0.31,0,0.0,0.0,7.08,80.3,Engaged Non-Buyers,0,Product Researchers
CUST-101553,2025-01-30,United Kingdom,Mobile,Referral,15,80,498.7,0.149,42,2,0,0.0,28,3,2,0.5,1,0.0,0.0,5.33,75.8,Product Researchers,0,Product Researchers
CUST-101554,2025-06-14,United Kingdom,Mobile,Paid Social,11,83,317.9,0.03,39,6,2,128.3,23,1,0,0.426,1,0.1818,0.3333,7.55,75.74,Deal Seekers,4,Engaged Non-Buyers
CUST-101555,2025-02-22,France,Mobile,Organic Search,1,13,99.5,0.694,8,0,0,0.0,114,0,0,0.094,0,0.0,0.0,13.0,40.09,One-time Visitors,1,Low Engagement / At-Risk Visitors
CUST-101556,2025-03-27,India,Desktop,Paid Search,16,91,445.3,0.194,33,4,4,245.12,20,2,0,0.884,0,0.25,1.0,5.69,70.35,Deal Seekers,4,Engaged Non-Buyers
CUST-101557,2025-05-26,Germany,Mobile,Paid Social,16,108,325.1,0.537,58,1,1,92.9,35,2,1,0.623,1,0.0625,1.0,6.75,66.78,Product Researchers,4,Engaged Non-Buyers
CUST-101558,2025-06-01,India,Mobile,Email,16,107,492.4,0.334,54,1,0,0.0,54,2,0,0.663,1,0.0,0.0,6.69,78.79,Product Researchers,0,Product Researchers
CUST-101559,2025-06-20,Canada,Mobile,Paid Search,26,165,486.4,0.304,68,9,3,258.97,12,3,1,0.361,1,0.1154,0.3333,6.35,81.55,High Value Loyal,2,High Value Loyal Customers
CUST-101560,2025-06-27,United States,Mobile,Organic Search,4,23,87.5,0.66,12,0,0,0.0,159,0,0,0.224,0,0.0,0.0,5.75,34.52,One-time Visitors,3,Engaged Non-Buyers
CUST-101561,2025-06-17,United Kingdom,Desktop,Direct,6,18,117.4,0.645,5,0,0,0.0,98,0,0,0.289,0,0.0,0.0,3.0,25.66,One-time Visitors,3,Engaged Non-Buyers
CUST-101562,2025-04-20,Canada,Mobile,Referral,25,135,304.0,0.558,54,8,2,119.15,17,2,1,0.48,1,0.08,0.25,5.4,59.75,Deal Seekers,4,Engaged Non-Buyers
CUST-101563,2025-03-27,Germany,Mobile,Organic Search,10,77,586.6,0.207,53,3,1,65.08,11,3,2,0.772,1,0.1,0.3333,7.7,89.54,Product Researchers,4,Engaged Non-Buyers
CUST-101564,2025-03-22,Netherlands,Mobile,Paid Search,10,76,392.2,0.243,43,4,2,145.93,7,1,0,0.595,1,0.2,0.5,7.6,75.5,Deal Seekers,4,Engaged Non-Buyers
CUST-101565,2025-03-11,France,Mobile,Direct,24,118,481.2,0.574,40,5,0,0.0,16,2,0,0.118,1,0.0,0.0,4.92,62.38,Engaged Non-Buyers,0,Product Researchers
CUST-101566,2025-03-08,Australia,Mobile,Organic Search,1,8,89.9,0.862,5,0,0,0.0,68,0,0,0.208,0,0.0,0.0,8.0,34.49,One-time Visitors,1,Low Engagement / At-Risk Visitors
CUST-101567,2025-06-24,United Kingdom,Mobile,Referral,16,95,319.1,0.298,40,3,1,53.56,8,2,1,0.29,0,0.0625,0.3333,5.94,64.36,Engaged Non-Buyers,0,Product Researchers
CUST-101568,2025-04-22,United States,Mobile,Organic Search,2,11,62.6,0.865,7,1,0,0.0,63,1,0,0.247,0,0.0,0.0,5.5,25.84,One-time Visitors,3,Engaged Non-Buyers
CUST-101569,2025-04-16,India,Mobile,Paid Social,1,12,74.3,0.626,10,0,0,0.0,176,0,0,0.257,0,0.0,0.0,12.0,41.14,One-time Visitors,1,Low Engagement / At-Risk Visitors
CUST-101570,2025-01-23,Germany,Tablet,Organic Search,23,111,257.9,0.159,31,4,0,0.0,42,1,0,0.816,0,0.0,0.0,4.83,58.55,Deal Seekers,4,Engaged Non-Buyers
CUST-101571,2025-05-12,United Kingdom,Desktop,Organic Search,11,77,387.5,0.265,44,3,0,0.0,34,0,0,0.292,0,0.0,0.0,7.0,73.16,Engaged Non-Buyers,0,Product Researchers
CUST-101572,2025-06-14,United States,Mobile,Email,13,98,480.7,0.207,49,2,2,107.37,23,5,1,0.767,0,0.1538,1.0,7.54,82.49,Deal Seekers,4,Engaged Non-Buyers
CUST-101573,2025-06-19,Australia,Mobile,Paid Search,19,106,415.2,0.487,42,2,1,78.38,35,0,3,0.405,0,0.0526,0.5,5.58,63.93,Engaged Non-Buyers,0,Product Researchers
CUST-101574,2025-04-15,United Kingdom,Mobile,Organic Search,6,16,45.4,0.7,3,0,0,0.0,74,0,0,0.144,0,0.0,0.0,2.67,19.03,One-time Visitors,3,Engaged Non-Buyers
CUST-101575,2025-06-02,United States,Mobile,Organic Search,11,85,440.4,0.353,52,2,0,0.0,42,2,1,0.542,0,0.0,0.0,7.73,78.34,Product Researchers,0,Product Researchers
CUST-101576,2025-01-05,Netherlands,Mobile,Referral,18,108,371.7,0.2,56,6,0,0.0,17,2,2,0.719,1,0.0,0.0,6.0,74.57,Deal Seekers,0,Product Researchers
CUST-101577,2025-01-19,Netherlands,Mobile,Email,3,25,52.1,0.797,8,1,0,0.0,76,0,0,0.162,0,0.0,0.0,8.33,35.13,One-time Visitors,1,Low Engagement / At-Risk Visitors
CUST-101578,2025-02-27,United Kingdom,Mobile,Paid Search,3,10,20.0,0.62,4,1,1,44.25,97,0,0,0.277,0,0.3333,1.0,3.33,22.14,One-time Visitors,3,Engaged Non-Buyers
CUST-101579,2025-05-19,India,Mobile,Email,3,13,60.5,0.86,5,0,0,0.0,77,1,0,0.421,0,0.0,0.0,4.33,21.6,One-time Visitors,3,Engaged Non-Buyers
CUST-101580,2025-01-06,United States,Desktop,Organic Search,22,136,516.7,0.087,66,12,5,635.57,8,4,1,0.29,1,0.2273,0.4167,6.18,87.98,High Value Loyal,2,High Value Loyal Customers
CUST-101581,2025-03-27,Germany,Tablet,Paid Social,14,98,485.2,0.131,53,7,2,141.48,14,2,1,0.481,1,0.1429,0.2857,7.0,84.18,Deal Seekers,4,Engaged Non-Buyers
CUST-101582,2025-04-24,United Kingdom,Desktop,Paid Search,18,105,465.4,0.363,49,1,0,0.0,67,4,0,0.481,0,0.0,0.0,5.83,72.5,Product Researchers,0,Product Researchers
CUST-101583,2025-02-11,United Kingdom,Desktop,Organic Search,13,76,503.2,0.125,38,2,0,0.0,29,2,1,0.033,1,0.0,0.0,5.85,76.99,Engaged Non-Buyers,0,Product Researchers
CUST-101584,2025-02-18,United States,Mobile,Organic Search,15,105,315.5,0.141,55,7,2,27.67,40,3,0,0.825,0,0.1333,0.2857,7.0,76.05,Deal Seekers,4,Engaged Non-Buyers
CUST-101585,2025-05-06,United Kingdom,Desktop,Organic Search,20,102,506.0,0.166,49,4,0,0.0,28,1,0,0.356,0,0.0,0.0,5.1,77.18,Engaged Non-Buyers,0,Product Researchers
CUST-101586,2025-06-13,India,Mobile,Direct,25,117,354.8,0.145,39,1,0,0.0,30,2,0,0.184,1,0.0,0.0,4.68,65.75,Engaged Non-Buyers,0,Product Researchers
CUST-101587,2025-01-30,Australia,Mobile,Direct,31,150,427.8,0.261,62,17,11,912.63,9,3,2,0.375,1,0.3548,0.6471,4.84,74.06,High Value Loyal,2,High Value Loyal Customers
CUST-101588,2025-05-15,United States,Desktop,Display,1,8,90.1,0.689,5,0,0,0.0,107,1,0,0.546,1,0.0,0.0,8.0,38.81,One-time Visitors,1,Low Engagement / At-Risk Visitors
CUST-101589,2025-01-05,Germany,Desktop,Organic Search,8,70,430.5,0.346,49,4,1,60.47,56,1,0,0.437,0,0.125,0.25,8.75,77.94,Product Researchers,0,Product Researchers
CUST-101590,2025-05-01,France,Mobile,Display,33,169,528.3,0.042,68,16,8,1106.29,6,3,0,0.394,1,0.2424,0.5,5.12,86.37,High Value Loyal,2,High Value Loyal Customers
CUST-101591,2025-03-12,United States,Mobile,Organic Search,12,91,373.1,0.384,43,3,2,85.38,35,4,2,0.939,1,0.1667,0.6667,7.58,70.98,Deal Seekers,4,Engaged Non-Buyers
CUST-101592,2025-01-19,United Kingdom,Mobile,Paid Search,12,80,462.3,0.475,45,0,0,0.0,64,3,0,0.293,0,0.0,0.0,6.67,70.91,Product Researchers,0,Product Researchers
CUST-101593,2025-04-22,United Kingdom,Desktop,Organic Search,23,134,330.6,0.084,57,9,5,495.77,5,0,0,0.099,1,0.2174,0.5556,5.83,75.18,High Value Loyal,2,High Value Loyal Customers
CUST-101594,2025-05-18,India,Mobile,Organic Search,4,21,20.0,0.63,5,0,0,0.0,126,1,0,0.513,0,0.0,0.0,5.25,28.2,One-time Visitors,3,Engaged Non-Buyers
CUST-101595,2025-02-19,Canada,Desktop,Direct,12,86,330.9,0.156,51,0,0,0.0,25,3,0,0.375,1,0.0,0.0,7.17,75.73,Product Researchers,0,Product Researchers
CUST-101596,2025-01-11,Canada,Desktop,Paid Search,17,92,286.2,0.182,49,6,2,130.76,23,0,3,0.896,1,0.1176,0.3333,5.41,66.76,Deal Seekers,4,Engaged Non-Buyers
CUST-101597,2025-02-22,Germany,Mobile,Organic Search,19,108,457.6,0.405,43,1,0,0.0,26,5,0,0.398,0,0.0,0.0,5.68,68.76,Engaged Non-Buyers,0,Product Researchers
CUST-101598,2025-03-07,United Kingdom,Tablet,Organic Search,10,61,367.9,0.468,39,1,1,61.35,21,0,0,0.277,0,0.1,1.0,6.1,62.76,Engaged Non-Buyers,4,Engaged Non-Buyers
CUST-101599,2025-06-04,India,Desktop,Direct,17,102,269.5,0.284,55,1,0,0.0,38,2,2,0.483,1,0.0,0.0,6.0,67.04,Product Researchers,0,Product Researchers
CUST-101600,2025-04-09,India,Mobile,Paid Search,15,79,367.3,0.352,41,10,1,63.59,18,1,1,0.659,1,0.0667,0.1,5.27,63.64,Deal Seekers,4,Engaged Non-Buyers
CUST-101601,2025-06-16,United States,Mobile,Referral,2,11,77.3,0.749,8,0,0,0.0,70,0,0,0.381,1,0.0,0.0,5.5,29.8,One-time Visitors,3,Engaged Non-Buyers
CUST-101602,2025-02-24,United Kingdom,Desktop,Direct,16,98,424.0,0.164,49,1,0,0.0,50,2,0,0.451,1,0.0,0.0,6.12,76.31,Product Researchers,0,Product Researchers
CUST-101603,2025-06-13,France,Desktop,Paid Search,11,71,346.0,0.215,41,2,0,0.0,33,2,1,0.261,1,0.0,0.0,6.45,69.72,Engaged Non-Buyers,0,Product Researchers
CUST-101604,2025-04-23,Australia,Mobile,Paid Search,19,116,430.2,0.422,48,8,1,75.25,43,2,0,0.925,1,0.0526,0.125,6.11,69.8,Deal Seekers,4,Engaged Non-Buyers
CUST-101605,2025-04-28,United Kingdom,Mobile,Paid Search,22,138,425.4,0.433,69,11,4,383.82,12,2,0,0.311,1,0.1818,0.3636,6.27,75.05,High Value Loyal,2,High Value Loyal Customers
CUST-101606,2025-02-22,United Kingdom,Desktop,Referral,29,156,506.0,0.242,66,22,9,1066.14,14,0,2,0.312,1,0.3103,0.4091,5.38,81.05,High Value Loyal,2,High Value Loyal Customers
CUST-101607,2025-05-20,United Kingdom,Mobile,Paid Social,16,90,216.4,0.113,40,5,1,41.66,21,3,2,0.681,1,0.0625,0.2,5.62,62.87,Deal Seekers,4,Engaged Non-Buyers
CUST-101608,2025-04-27,United Kingdom,Tablet,Direct,29,166,480.2,0.183,67,10,7,691.95,12,3,3,0.708,1,0.2414,0.7,5.72,82.33,High Value Loyal,2,High Value Loyal Customers
CUST-101609,2025-03-19,Netherlands,Mobile,Direct,24,108,506.3,0.235,41,5,0,0.0,38,0,0,0.037,1,0.0,0.0,4.5,71.13,Engaged Non-Buyers,0,Product Researchers
CUST-101610,2025-04-08,United Kingdom,Desktop,Paid Social,1,10,85.5,0.677,5,0,0,0.0,139,0,0,0.389,0,0.0,0.0,10.0,38.89,One-time Visitors,1,Low Engagement / At-Risk Visitors
CUST-101611,2025-02-26,United Kingdom,Desktop,Referral,3,19,112.2,0.877,6,0,0,0.0,65,0,0,0.133,0,0.0,0.0,6.33,30.32,One-time Visitors,3,Engaged Non-Buyers
CUST-101612,2025-02-24,United States,Desktop,Display,20,117,642.9,0.411,53,3,0,0.0,41,1,0,0.152,1,0.0,0.0,5.85,79.31,Engaged Non-Buyers,0,Product Researchers
CUST-101613,2025-01-31,Australia,Tablet,Paid Social,3,16,36.9,0.736,10,0,0,0.0,59,0,0,0.339,0,0.0,0.0,5.33,28.19,One-time Visitors,3,Engaged Non-Buyers
CUST-101614,2025-04-30,Netherlands,Mobile,Paid Search,2,9,47.4,0.736,2,0,0,0.0,45,0,0,0.307,0,0.0,0.0,4.5,23.65,One-time Visitors,3,Engaged Non-Buyers
CUST-101615,2025-02-09,India,Desktop,Paid Search,21,117,449.4,0.109,68,14,4,405.29,11,1,0,0.421,1,0.1905,0.2857,5.57,82.16,High Value Loyal,2,High Value Loyal Customers
CUST-101616,2025-02-20,United Kingdom,Mobile,Organic Search,15,100,415.6,0.236,51,5,1,52.96,15,5,0,0.631,0,0.0667,0.2,6.67,76.41,Deal Seekers,0,Product Researchers
CUST-101617,2025-04-10,Germany,Desktop,Organic Search,2,7,71.2,0.637,6,0,0,0.0,166,0,0,0.184,1,0.0,0.0,3.5,25.42,One-time Visitors,3,Engaged Non-Buyers
CUST-101618,2025-01-23,United Kingdom,Mobile,Organic Search,18,90,517.0,0.346,41,4,0,0.0,18,1,1,0.225,1,0.0,0.0,5.0,70.44,Engaged Non-Buyers,0,Product Researchers
CUST-101619,2025-05-29,United Kingdom,Mobile,Direct,16,86,423.5,0.312,43,7,3,180.69,25,2,1,0.919,1,0.1875,0.4286,5.38,68.4,Deal Seekers,4,Engaged Non-Buyers
CUST-101620,2025-05-28,United Kingdom,Desktop,Paid Social,10,90,461.8,0.232,59,2,1,110.02,49,3,0,0.464,1,0.1,0.5,9.0,85.44,Product Researchers,0,Product Researchers
CUST-101621,2025-04-22,France,Mobile,Organic Search,17,94,430.5,0.104,44,4,0,0.0,26,0,1,0.671,1,0.0,0.0,5.53,74.73,Deal Seekers,0,Product Researchers
CUST-101622,2025-02-28,United Kingdom,Mobile,Paid Search,21,109,432.3,0.052,44,5,3,78.53,32,3,0,0.708,1,0.1429,0.6,5.19,75.07,Deal Seekers,4,Engaged Non-Buyers
CUST-101623,2025-06-23,United States,Desktop,Organic Search,10,92,422.6,0.352,51,1,1,37.7,74,2,1,0.617,1,0.1,1.0,9.2,78.02,Product Researchers,4,Engaged Non-Buyers
CUST-101624,2025-03-29,Australia,Desktop,Organic Search,14,77,279.2,0.168,35,3,0,0.0,13,1,0,0.198,0,0.0,0.0,5.5,62.71,Engaged Non-Buyers,0,Product Researchers
CUST-101625,2025-02-04,United States,Mobile,Email,18,91,424.5,0.176,35,3,0,0.0,33,2,1,0.223,1,0.0,0.0,5.06,68.39,Engaged Non-Buyers,0,Product Researchers
CUST-101626,2025-01-20,United Kingdom,Mobile,Paid Social,15,97,549.4,0.448,55,1,0,0.0,52,2,0,0.384,0,0.0,0.0,6.47,78.39,Product Researchers,0,Product Researchers
CUST-101627,2025-05-20,India,Mobile,Organic Search,35,175,705.5,0.089,64,9,6,387.23,9,3,1,0.457,1,0.1714,0.6667,5.0,88.09,High Value Loyal,2,High Value Loyal Customers
CUST-101628,2025-04-10,United Kingdom,Desktop,Paid Search,16,87,468.3,0.285,33,8,1,54.7,16,3,1,0.786,0,0.0625,0.125,5.44,68.43,Deal Seekers,4,Engaged Non-Buyers
CUST-101629,2025-06-24,India,Desktop,Paid Search,3,10,88.6,0.572,4,1,0,0.0,172,0,0,0.251,0,0.0,0.0,3.33,26.77,One-time Visitors,3,Engaged Non-Buyers
CUST-101630,2025-03-28,United States,Desktop,Organic Search,20,104,502.1,0.236,38,3,1,50.74,24,1,0,0.099,1,0.05,0.3333,5.2,72.15,Engaged Non-Buyers,0,Product Researchers
CUST-101631,2025-06-09,United Kingdom,Mobile,Organic Search,26,145,650.5,0.131,60,10,5,840.19,8,1,2,0.277,1,0.1923,0.5,5.58,87.62,High Value Loyal,2,High Value Loyal Customers
CUST-101632,2025-06-07,United Kingdom,Mobile,Paid Search,22,119,370.9,0.252,52,4,2,120.16,48,2,0,0.608,1,0.0909,0.5,5.41,70.14,Engaged Non-Buyers,4,Engaged Non-Buyers
CUST-101633,2025-03-30,Australia,Desktop,Paid Search,22,107,443.1,0.272,48,3,0,0.0,31,4,3,0.119,1,0.0,0.0,4.86,70.33,Engaged Non-Buyers,0,Product Researchers
CUST-101634,2025-03-21,India,Mobile,Paid Search,33,154,626.6,0.121,56,10,5,491.64,3,1,2,0.379,1,0.1515,0.5,4.67,83.79,High Value Loyal,2,High Value Loyal Customers
CUST-101635,2025-03-22,Canada,Mobile,Display,16,85,330.7,0.075,39,6,0,0.0,45,0,0,0.453,1,0.0,0.0,5.31,68.27,Engaged Non-Buyers,0,Product Researchers
CUST-101636,2025-05-31,India,Mobile,Paid Search,2,12,111.2,0.799,3,0,0,0.0,151,0,0,0.209,0,0.0,0.0,6.0,30.27,One-time Visitors,3,Engaged Non-Buyers
CUST-101637,2025-04-28,United Kingdom,Desktop,Organic Search,28,138,382.5,0.211,39,5,0,0.0,51,1,1,0.367,1,0.0,0.0,4.93,66.25,Engaged Non-Buyers,0,Product Researchers
CUST-101638,2025-06-08,United Kingdom,Mobile,Paid Social,3,15,133.5,0.763,6,0,0,0.0,132,0,0,0.046,0,0.0,0.0,5.0,30.07,One-time Visitors,3,Engaged Non-Buyers
CUST-101639,2025-01-20,United States,Tablet,Referral,3,11,80.7,0.679,5,0,0,0.0,176,0,0,0.303,1,0.0,0.0,3.67,25.06,One-time Visitors,3,Engaged Non-Buyers
CUST-101640,2025-06-19,United States,Desktop,Paid Social,17,90,421.5,0.329,41,2,0,0.0,20,3,1,0.078,1,0.0,0.0,5.29,67.01,Engaged Non-Buyers,0,Product Researchers
CUST-101641,2025-02-07,United Kingdom,Mobile,Paid Social,5,23,134.0,0.795,5,1,0,0.0,95,0,1,0.43,0,0.0,0.0,4.6,27.75,One-time Visitors,3,Engaged Non-Buyers
CUST-101642,2025-06-29,India,Tablet,Paid Social,14,100,478.1,0.253,54,2,0,0.0,60,3,1,0.08,1,0.0,0.0,7.14,81.52,Product Researchers,0,Product Researchers
CUST-101643,2025-01-28,United States,Mobile,Organic Search,17,94,460.3,0.395,48,3,1,45.03,36,2,0,0.438,1,0.0588,0.3333,5.53,70.19,Product Researchers,0,Product Researchers
CUST-101644,2025-05-11,United States,Tablet,Paid Search,12,63,618.9,0.164,40,4,0,0.0,39,2,0,0.233,1,0.0,0.0,5.25,79.63,Engaged Non-Buyers,0,Product Researchers
CUST-101645,2025-06-01,Netherlands,Mobile,Paid Search,18,94,406.6,0.225,34,6,0,0.0,42,1,0,0.94,1,0.0,0.0,5.22,66.48,Deal Seekers,4,Engaged Non-Buyers
CUST-101646,2025-05-13,United States,Mobile,Paid Social,14,88,395.5,0.427,55,2,1,63.65,9,1,1,0.323,1,0.0714,0.5,6.29,70.67,Product Researchers,0,Product Researchers
CUST-101647,2025-04-29,India,Mobile,Organic Search,30,158,378.8,0.161,61,10,6,604.84,12,1,0,0.54,1,0.2,0.6,5.27,75.14,High Value Loyal,2,High Value Loyal Customers
CUST-101648,2025-04-09,United Kingdom,Tablet,Paid Social,20,92,365.3,0.411,33,8,4,293.08,33,6,1,0.808,1,0.2,0.5,4.6,57.52,Deal Seekers,4,Engaged Non-Buyers
CUST-101649,2025-05-30,Australia,Desktop,Direct,3,14,113.9,0.76,6,0,0,0.0,158,0,0,0.278,0,0.0,0.0,4.67,28.13,One-time Visitors,3,Engaged Non-Buyers
CUST-101650,2025-03-28,Netherlands,Mobile,Referral,12,73,234.1,0.438,44,7,3,59.81,19,0,1,0.882,0,0.25,0.4286,6.08,58.31,Deal Seekers,4,Engaged Non-Buyers
CUST-101651,2025-03-18,Australia,Mobile,Direct,13,102,488.1,0.338,63,3,0,0.0,65,4,2,0.391,1,0.0,0.0,7.85,84.85,Product Researchers,0,Product Researchers
CUST-101652,2025-03-20,India,Desktop,Paid Social,3,13,76.9,0.868,5,0,0,0.0,78,0,0,0.106,0,0.0,0.0,4.33,22.22,One-time Visitors,3,Engaged Non-Buyers
CUST-101653,2025-01-29,France,Mobile,Paid Search,10,102,431.2,0.353,66,2,0,0.0,51,4,2,0.172,0,0.0,0.0,10.2,82.73,Product Researchers,0,Product Researchers
CUST-101654,2025-06-16,United States,Desktop,Paid Search,3,18,87.3,0.785,6,0,0,0.0,89,0,0,0.416,0,0.0,0.0,6.0,30.34,One-time Visitors,3,Engaged Non-Buyers
CUST-101655,2025-04-07,India,Mobile,Organic Search,20,110,475.0,0.428,50,1,0,0.0,43,1,0,0.395,1,0.0,0.0,5.5,70.63,Product Researchers,0,Product Researchers
CUST-101656,2025-01-21,India,Mobile,Direct,18,93,322.8,0.042,37,7,1,53.25,26,1,2,0.937,1,0.0556,0.1429,5.17,67.63,Deal Seekers,4,Engaged Non-Buyers
CUST-101657,2025-06-04,India,Desktop,Paid Social,1,9,109.0,0.522,8,1,0,0.0,78,0,0,0.166,0,0.0,0.0,9.0,44.85,One-time Visitors,1,Low Engagement / At-Risk Visitors
CUST-101658,2025-04-23,United States,Mobile,Referral,18,97,439.9,0.284,48,2,0,0.0,40,1,2,0.84,1,0.0,0.0,5.39,71.5,Product Researchers,0,Product Researchers
CUST-101659,2025-03-20,United Kingdom,Mobile,Display,12,117,453.7,0.446,67,3,1,121.34,19,4,1,0.749,1,0.0833,0.3333,9.75,81.53,Product Researchers,0,Product Researchers
CUST-101660,2025-04-09,United Kingdom,Mobile,Email,11,62,274.9,0.385,38,6,2,123.48,33,0,2,0.941,1,0.1818,0.3333,5.64,58.43,Deal Seekers,4,Engaged Non-Buyers
CUST-101661,2025-06-02,Netherlands,Mobile,Organic Search,18,94,207.6,0.524,41,3,0,0.0,60,3,2,0.313,1,0.0,0.0,5.22,51.22,Engaged Non-Buyers,0,Product Researchers
CUST-101662,2025-02-27,Germany,Mobile,Direct,16,76,266.3,0.295,38,7,1,67.12,17,1,0,0.786,1,0.0625,0.1429,4.75,57.48,Deal Seekers,4,Engaged Non-Buyers
CUST-101663,2025-03-07,United States,Desktop,Display,17,113,372.6,0.239,55,1,0,0.0,9,0,1,0.704,0,0.0,0.0,6.65,75.36,Product Researchers,0,Product Researchers
CUST-101664,2025-06-11,Netherlands,Tablet,Direct,7,29,81.1,0.603,8,0,0,0.0,63,0,0,0.116,0,0.0,0.0,4.14,29.38,One-time Visitors,3,Engaged Non-Buyers
CUST-101665,2025-02-18,United Kingdom,Mobile,Paid Social,18,82,744.0,0.438,39,2,1,54.69,16,0,0,0.157,1,0.0556,0.5,4.56,70.28,Engaged Non-Buyers,0,Product Researchers
CUST-101666,2025-01-30,United Kingdom,Mobile,Paid Social,21,110,421.1,0.257,53,2,1,80.31,28,0,0,0.561,0,0.0476,0.5,5.24,72.31,Deal Seekers,4,Engaged Non-Buyers
CUST-101667,2025-03-09,India,Mobile,Direct,25,135,369.0,0.383,63,15,7,654.48,2,1,2,0.641,1,0.28,0.4667,5.4,70.13,High Value Loyal,2,High Value Loyal Customers
CUST-101668,2025-06-22,United Kingdom,Mobile,Organic Search,3,11,88.2,0.777,5,0,0,0.0,105,0,0,0.448,0,0.0,0.0,3.67,22.97,One-time Visitors,3,Engaged Non-Buyers
CUST-101669,2025-04-15,United Kingdom,Mobile,Paid Search,13,73,567.9,0.269,35,4,1,71.78,46,2,2,0.316,1,0.0769,0.25,5.62,74.99,Engaged Non-Buyers,0,Product Researchers
CUST-101670,2025-02-27,India,Mobile,Paid Search,14,109,364.0,0.155,60,3,0,0.0,46,2,1,0.672,1,0.0,0.0,7.79,82.11,Product Researchers,0,Product Researchers
CUST-101671,2025-01-12,United Kingdom,Mobile,Paid Search,13,87,514.2,0.244,41,1,0,0.0,44,2,0,0.123,1,0.0,0.0,6.69,78.14,Engaged Non-Buyers,0,Product Researchers
CUST-101672,2025-05-27,Canada,Desktop,Referral,15,92,417.8,0.549,48,7,2,169.41,30,4,1,0.826,1,0.1333,0.2857,6.13,66.09,Deal Seekers,4,Engaged Non-Buyers
CUST-101673,2025-04-23,Germany,Mobile,Organic Search,26,129,515.3,0.295,49,3,1,44.13,56,1,0,0.202,1,0.0385,0.3333,4.96,73.98,Engaged Non-Buyers,0,Product Researchers
CUST-101674,2025-06-24,Netherlands,Tablet,Paid Search,26,127,434.7,0.413,56,10,4,450.62,5,0,1,0.129,1,0.1538,0.4,4.88,68.9,High Value Loyal,2,High Value Loyal Customers
CUST-101675,2025-06-01,France,Mobile,Paid Search,6,28,164.3,0.759,7,0,0,0.0,179,0,0,0.308,0,0.0,0.0,4.67,30.97,One-time Visitors,3,Engaged Non-Buyers
CUST-101676,2025-01-11,United Kingdom,Mobile,Paid Social,15,93,673.5,0.353,47,4,0,0.0,28,2,1,0.338,1,0.0,0.0,6.2,80.02,Engaged Non-Buyers,0,Product Researchers
CUST-101677,2025-04-14,United Kingdom,Desktop,Paid Social,15,84,383.5,0.171,34,8,1,41.72,17,1,0,0.704,0,0.0667,0.125,5.6,67.86,Deal Seekers,4,Engaged Non-Buyers
CUST-101678,2025-05-16,United Kingdom,Mobile,Direct,17,83,440.5,0.042,37,1,1,51.83,53,1,1,0.52,1,0.0588,1.0,4.88,72.61,Engaged Non-Buyers,4,Engaged Non-Buyers
CUST-101679,2025-06-25,France,Mobile,Email,4,23,71.9,0.435,7,0,0,0.0,115,0,0,0.208,0,0.0,0.0,5.75,37.85,One-time Visitors,3,Engaged Non-Buyers
CUST-101680,2025-02-08,Germany,Mobile,Direct,12,75,339.5,0.195,39,5,1,64.67,4,3,0,0.736,1,0.0833,0.2,6.25,68.63,Deal Seekers,4,Engaged Non-Buyers
CUST-101681,2025-02-23,Australia,Mobile,Organic Search,29,138,660.3,0.229,59,10,5,318.63,11,6,0,0.381,1,0.1724,0.5,4.76,82.29,High Value Loyal,2,High Value Loyal Customers
CUST-101682,2025-06-12,United States,Desktop,Organic Search,2,9,108.3,0.727,5,0,0,0.0,115,0,0,0.06,0,0.0,0.0,4.5,27.83,One-time Visitors,3,Engaged Non-Buyers
CUST-101683,2025-01-14,United States,Mobile,Direct,16,114,516.9,0.385,61,2,0,0.0,69,4,0,0.16,1,0.0,0.0,7.12,82.25,Product Researchers,0,Product Researchers
CUST-101684,2025-03-06,France,Desktop,Direct,15,100,388.9,0.463,54,2,0,0.0,37,5,0,0.292,0,0.0,0.0,6.67,70.31,Product Researchers,0,Product Researchers
CUST-101685,2025-01-27,France,Tablet,Organic Search,22,95,201.3,0.31,33,7,0,0.0,40,2,0,0.616,1,0.0,0.0,4.32,50.97,Deal Seekers,4,Engaged Non-Buyers
CUST-101686,2025-05-17,Australia,Mobile,Organic Search,29,151,574.9,0.204,67,14,8,722.99,13,1,0,0.296,1,0.2759,0.5714,5.21,84.91,High Value Loyal,2,High Value Loyal Customers
CUST-101687,2025-04-07,United Kingdom,Mobile,Email,28,142,352.1,0.107,64,12,9,697.5,12,0,0,0.2,1,0.3214,0.75,5.07,75.46,High Value Loyal,2,High Value Loyal Customers
CUST-101688,2025-04-12,Germany,Tablet,Direct,2,9,105.1,0.67,5,0,0,0.0,120,0,1,0.285,0,0.0,0.0,4.5,29.1,One-time Visitors,3,Engaged Non-Buyers
CUST-101689,2025-01-14,United Kingdom,Mobile,Organic Search,27,150,516.8,0.224,69,9,7,725.49,10,5,1,0.093,1,0.2593,0.7778,5.56,82.59,High Value Loyal,2,High Value Loyal Customers
CUST-101690,2025-02-18,Australia,Tablet,Paid Social,18,93,378.8,0.382,34,10,1,85.44,30,2,0,0.654,1,0.0556,0.1,5.17,61.0,Deal Seekers,4,Engaged Non-Buyers
CUST-101691,2025-04-22,United Kingdom,Desktop,Paid Search,3,18,125.9,0.576,8,0,1,52.81,157,0,0,0.28,0,0.3333,0.0,6.0,38.11,One-time Visitors,3,Engaged Non-Buyers
CUST-101692,2025-05-21,Netherlands,Mobile,Email,18,85,210.7,0.309,35,5,0,0.0,27,5,2,0.375,1,0.0,0.0,4.72,53.34,Deal Seekers,0,Product Researchers
CUST-101693,2025-03-03,United Kingdom,Mobile,Organic Search,20,111,623.2,0.387,56,2,1,43.85,63,2,1,0.748,0,0.05,0.5,5.55,79.9,Product Researchers,4,Engaged Non-Buyers
CUST-101694,2025-01-27,United Kingdom,Tablet,Paid Search,19,103,391.0,0.208,53,2,1,88.71,42,4,0,0.298,1,0.0526,0.5,5.42,72.6,Product Researchers,0,Product Researchers
CUST-101695,2025-04-04,United Kingdom,Tablet,Organic Search,4,26,61.1,0.703,9,0,0,0.0,122,0,0,0.278,0,0.0,0.0,6.5,33.57,One-time Visitors,3,Engaged Non-Buyers
CUST-101696,2025-05-12,Australia,Mobile,Paid Search,12,103,485.6,0.27,65,2,1,67.07,31,1,0,0.204,1,0.0833,0.5,8.58,87.53,Product Researchers,0,Product Researchers
CUST-101697,2025-03-26,United States,Tablet,Paid Social,20,107,388.5,0.214,39,6,1,87.7,20,2,2,0.579,0,0.05,0.1667,5.35,67.79,Deal Seekers,4,Engaged Non-Buyers
CUST-101698,2025-02-11,United Kingdom,Desktop,Email,19,108,404.0,0.206,53,3,0,0.0,57,2,0,0.252,1,0.0,0.0,5.68,74.13,Engaged Non-Buyers,0,Product Researchers
CUST-101699,2025-05-03,United States,Mobile,Email,17,97,390.2,0.128,50,4,5,422.78,30,3,2,0.763,1,0.2941,1.0,5.71,74.53,Deal Seekers,4,Engaged Non-Buyers
CUST-101700,2025-01-02,Canada,Mobile,Direct,3,11,113.4,0.78,6,0,0,0.0,53,1,0,0.057,0,0.0,0.0,3.67,24.48,One-time Visitors,3,Engaged Non-Buyers
CUST-101701,2025-02-22,India,Mobile,Organic Search,4,19,73.6,0.829,8,1,0,0.0,58,0,0,0.239,1,0.0,0.0,4.75,25.25,One-time Visitors,3,Engaged Non-Buyers
CUST-101702,2025-01-04,United Kingdom,Desktop,Paid Social,20,93,293.9,0.547,37,5,2,164.02,30,1,0,0.822,0,0.1,0.4,4.65,51.95,Deal Seekers,4,Engaged Non-Buyers
CUST-101703,2025-05-21,United States,Desktop,Paid Search,3,11,106.7,0.832,5,0,0,0.0,128,0,0,0.387,0,0.0,0.0,3.67,22.52,One-time Visitors,3,Engaged Non-Buyers
CUST-101704,2025-02-10,United Kingdom,Mobile,Paid Social,3,22,110.1,0.729,5,0,0,0.0,126,1,0,0.362,1,0.0,0.0,7.33,36.73,One-time Visitors,1,Low Engagement / At-Risk Visitors
CUST-101705,2025-03-09,Australia,Tablet,Organic Search,16,114,569.3,0.514,64,3,0,0.0,17,1,4,0.69,1,0.0,0.0,7.12,82.58,Product Researchers,0,Product Researchers
CUST-101706,2025-01-22,Netherlands,Mobile,Direct,20,90,405.2,0.19,42,6,2,113.99,21,3,0,0.857,1,0.1,0.3333,4.5,67.5,Deal Seekers,4,Engaged Non-Buyers
CUST-101707,2025-06-19,United Kingdom,Desktop,Organic Search,31,148,611.2,0.102,66,13,8,1374.95,7,3,0,0.161,1,0.2581,0.6154,4.77,87.38,High Value Loyal,2,High Value Loyal Customers
CUST-101708,2025-01-18,United States,Mobile,Paid Social,17,89,547.0,0.389,32,0,0,0.0,56,1,0,0.259,1,0.0,0.0,5.24,68.84,Engaged Non-Buyers,0,Product Researchers
CUST-101709,2025-04-15,United Kingdom,Desktop,Referral,19,98,445.7,0.23,39,1,1,28.41,32,6,1,0.424,1,0.0526,1.0,5.16,69.65,Engaged Non-Buyers,4,Engaged Non-Buyers
CUST-101710,2025-04-15,Australia,Mobile,Paid Search,21,105,400.9,0.345,41,1,0,0.0,40,0,0,0.794,1,0.0,0.0,5.0,64.66,Deal Seekers,0,Product Researchers
CUST-101711,2025-03-06,United Kingdom,Mobile,Email,21,103,531.1,0.401,37,8,2,67.41,10,2,0,0.937,1,0.0952,0.25,4.9,68.24,Deal Seekers,4,Engaged Non-Buyers
CUST-101712,2025-02-19,United Kingdom,Mobile,Paid Search,3,14,121.5,0.575,6,1,0,0.0,143,0,0,0.24,0,0.0,0.0,4.67,33.12,One-time Visitors,3,Engaged Non-Buyers
CUST-101713,2025-03-27,Australia,Desktop,Paid Social,3,18,123.6,0.669,7,0,0,0.0,90,0,0,0.247,0,0.0,0.0,6.0,35.37,One-time Visitors,3,Engaged Non-Buyers
CUST-101714,2025-04-17,United Kingdom,Mobile,Referral,19,96,677.3,0.26,40,0,1,61.7,17,1,0,0.261,0,0.0526,0.0,5.05,76.61,Engaged Non-Buyers,0,Product Researchers
CUST-101715,2025-04-04,Netherlands,Mobile,Direct,2,7,138.5,0.753,3,1,0,0.0,90,0,0,0.197,0,0.0,0.0,3.5,24.97,One-time Visitors,3,Engaged Non-Buyers
CUST-101716,2025-03-02,United Kingdom,Desktop,Paid Social,2,14,87.1,0.753,9,0,0,0.0,162,0,0,0.381,0,0.0,0.0,7.0,35.17,One-time Visitors,1,Low Engagement / At-Risk Visitors
CUST-101717,2025-01-13,United Kingdom,Mobile,Email,4,25,51.3,0.797,6,0,0,0.0,66,0,0,0.212,0,0.0,0.0,6.25,29.01,One-time Visitors,3,Engaged Non-Buyers
CUST-101718,2025-02-16,United Kingdom,Mobile,Email,30,154,319.2,0.287,62,12,5,360.82,4,6,1,0.356,1,0.1667,0.4167,5.13,68.9,High Value Loyal,2,High Value Loyal Customers
CUST-101719,2025-06-23,Canada,Mobile,Direct,15,108,455.0,0.309,56,1,0,0.0,60,4,0,0.769,1,0.0,0.0,7.2,79.75,Product Researchers,0,Product Researchers
CUST-101720,2025-01-19,United States,Mobile,Paid Search,3,19,95.7,0.676,8,0,0,0.0,96,0,0,0.087,0,0.0,0.0,6.33,35.14,One-time Visitors,3,Engaged Non-Buyers
CUST-101721,2025-01-28,France,Mobile,Paid Social,16,87,371.2,0.339,37,10,1,69.99,12,2,1,0.709,1,0.0625,0.1,5.44,63.46,Deal Seekers,4,Engaged Non-Buyers
CUST-101722,2025-03-27,United Kingdom,Mobile,Paid Social,18,111,255.4,0.234,50,6,2,147.6,20,1,1,0.733,1,0.1111,0.3333,6.17,66.58,Deal Seekers,4,Engaged Non-Buyers
CUST-101723,2025-04-22,India,Mobile,Direct,13,106,345.5,0.424,66,3,0,0.0,15,2,1,0.543,1,0.0,0.0,8.15,76.68,Product Researchers,0,Product Researchers
CUST-101724,2025-02-25,United States,Mobile,Paid Search,11,94,345.9,0.44,59,0,0,0.0,28,3,2,0.421,1,0.0,0.0,8.55,74.44,Product Researchers,0,Product Researchers
CUST-101725,2025-06-26,United States,Tablet,Organic Search,28,143,534.7,0.153,54,10,7,653.54,13,3,0,0.458,1,0.25,0.7,5.11,80.49,High Value Loyal,2,High Value Loyal Customers
CUST-101726,2025-03-23,United Kingdom,Mobile,Display,4,17,82.8,0.611,4,0,0,0.0,86,0,0,0.237,0,0.0,0.0,4.25,28.37,One-time Visitors,3,Engaged Non-Buyers
CUST-101727,2025-04-01,United Kingdom,Tablet,Paid Search,2,8,58.5,0.648,5,0,1,58.77,127,0,0,0.428,0,0.5,0.0,4.0,25.76,One-time Visitors,3,Engaged Non-Buyers
CUST-101728,2025-01-18,United States,Desktop,Paid Social,16,79,349.8,0.132,40,4,0,0.0,8,4,1,0.714,1,0.0,0.0,4.94,66.94,Deal Seekers,0,Product Researchers
CUST-101729,2025-06-06,Netherlands,Mobile,Paid Social,21,101,365.6,0.224,33,4,0,0.0,17,5,0,0.951,0,0.0,0.0,4.81,62.87,Deal Seekers,4,Engaged Non-Buyers
CUST-101730,2025-01-22,Netherlands,Mobile,Organic Search,12,69,393.9,0.564,38,6,2,153.4,42,2,0,0.788,1,0.1667,0.3333,5.75,60.26,Deal Seekers,4,Engaged Non-Buyers
CUST-101731,2025-02-20,India,Mobile,Email,17,103,408.7,0.357,59,4,1,43.28,53,3,1,0.442,0,0.0588,0.25,6.06,73.59,Product Researchers,0,Product Researchers
CUST-101732,2025-05-08,United Kingdom,Desktop,Direct,20,95,447.1,0.223,48,3,1,57.63,46,3,2,0.226,1,0.05,0.3333,4.75,71.4,Engaged Non-Buyers,0,Product Researchers
CUST-101733,2025-04-25,India,Desktop,Direct,16,94,310.1,0.44,44,1,1,88.02,63,1,0,0.648,1,0.0625,1.0,5.88,61.4,Product Researchers,4,Engaged Non-Buyers
CUST-101734,2025-06-07,United Kingdom,Mobile,Display,21,105,531.9,0.331,40,3,1,62.13,47,2,2,0.301,1,0.0476,0.3333,5.0,71.25,Engaged Non-Buyers,0,Product Researchers
CUST-101735,2025-03-15,United Kingdom,Desktop,Paid Search,14,90,380.0,0.21,48,7,3,143.75,23,0,0,0.87,0,0.2143,0.4286,6.43,73.61,Deal Seekers,4,Engaged Non-Buyers
CUST-101736,2025-02-03,United Kingdom,Mobile,Direct,15,81,517.4,0.326,43,5,3,70.48,41,3,0,0.75,1,0.2,0.6,5.4,72.83,Deal Seekers,4,Engaged Non-Buyers
CUST-101737,2025-04-03,India,Mobile,Email,16,130,522.0,0.317,70,4,0,0.0,58,0,2,0.431,1,0.0,0.0,8.12,88.19,Product Researchers,0,Product Researchers
CUST-101738,2025-01-12,Canada,Mobile,Referral,35,183,420.3,0.261,77,14,3,329.03,13,2,0,0.106,1,0.0857,0.2143,5.23,75.82,High Value Loyal,2,High Value Loyal Customers
CUST-101739,2025-06-27,Germany,Desktop,Organic Search,35,163,502.8,0.344,62,16,5,413.66,14,1,0,0.357,1,0.1429,0.3125,4.66,75.18,High Value Loyal,2,High Value Loyal Customers
CUST-101740,2025-04-12,Canada,Mobile,Organic Search,3,14,83.8,0.832,6,0,1,56.3,163,0,0,0.328,0,0.3333,0.0,4.67,24.81,One-time Visitors,3,Engaged Non-Buyers
CUST-101741,2025-06-13,United Kingdom,Mobile,Direct,18,92,267.1,0.283,46,8,1,75.4,21,1,0,0.825,1,0.0556,0.125,5.11,61.41,Deal Seekers,4,Engaged Non-Buyers
CUST-101742,2025-06-24,Australia,Mobile,Paid Search,2,14,103.8,0.613,6,0,0,0.0,158,0,1,0.5,1,0.0,0.0,7.0,38.6,One-time Visitors,1,Low Engagement / At-Risk Visitors
CUST-101743,2025-01-03,United Kingdom,Desktop,Direct,13,76,290.2,0.183,44,6,3,178.94,3,0,0,0.879,1,0.2308,0.5,5.85,66.74,Deal Seekers,4,Engaged Non-Buyers
CUST-101744,2025-06-10,Netherlands,Mobile,Paid Social,19,103,297.3,0.476,41,7,1,94.29,26,1,1,0.843,0,0.0526,0.1429,5.42,57.54,Deal Seekers,4,Engaged Non-Buyers
CUST-101745,2025-05-15,United States,Desktop,Paid Social,14,87,534.1,0.35,49,0,0,0.0,40,1,0,0.235,1,0.0,0.0,6.21,77.46,Engaged Non-Buyers,0,Product Researchers
CUST-101746,2025-02-04,United Kingdom,Tablet,Organic Search,15,103,421.3,0.335,58,3,0,0.0,25,4,1,0.382,1,0.0,0.0,6.87,76.99,Product Researchers,0,Product Researchers
CUST-101747,2025-04-23,France,Mobile,Referral,27,132,554.0,0.122,70,8,8,974.93,4,2,0,0.355,1,0.2963,1.0,4.89,84.94,High Value Loyal,2,High Value Loyal Customers
CUST-101748,2025-06-11,India,Mobile,Email,10,92,313.2,0.319,52,3,0,0.0,65,1,4,0.512,0,0.0,0.0,9.2,73.68,Product Researchers,0,Product Researchers
CUST-101749,2025-04-17,United Kingdom,Mobile,Organic Search,25,137,498.8,0.486,68,12,3,461.19,8,3,1,0.245,1,0.12,0.25,5.48,74.93,High Value Loyal,2,High Value Loyal Customers
CUST-101750,2025-04-14,Canada,Mobile,Display,31,170,328.1,0.143,74,11,4,408.87,6,3,0,0.299,1,0.129,0.3636,5.48,74.98,High Value Loyal,2,High Value Loyal Customers
CUST-101751,2025-04-29,United Kingdom,Desktop,Email,19,112,467.1,0.599,57,1,0,0.0,42,0,1,0.523,0,0.0,0.0,5.89,69.35,Product Researchers,0,Product Researchers
CUST-101752,2025-04-11,Germany,Desktop,Referral,30,173,525.0,0.042,69,13,8,559.39,1,3,1,0.333,1,0.2667,0.6154,5.77,88.23,High Value Loyal,2,High Value Loyal Customers
CUST-101753,2025-03-21,United Kingdom,Desktop,Organic Search,15,90,386.1,0.216,45,5,1,75.78,15,1,0,0.488,1,0.0667,0.2,6.0,71.5,Deal Seekers,0,Product Researchers
CUST-101754,2025-05-11,France,Desktop,Paid Social,35,180,565.7,0.317,68,11,4,319.8,5,1,3,0.166,1,0.1143,0.3636,5.14,81.44,High Value Loyal,2,High Value Loyal Customers
CUST-101755,2025-03-21,United Kingdom,Desktop,Organic Search,25,151,434.8,0.012,73,18,6,710.75,3,4,0,0.11,1,0.24,0.3333,6.04,85.31,High Value Loyal,2,High Value Loyal Customers
CUST-101756,2025-04-15,Australia,Mobile,Email,16,109,287.7,0.132,49,1,1,96.66,61,2,2,0.584,1,0.0625,1.0,6.81,72.46,Product Researchers,4,Engaged Non-Buyers
CUST-101757,2025-04-17,United States,Mobile,Paid Search,20,106,199.5,0.202,41,11,2,72.63,42,3,1,0.41,1,0.1,0.1818,5.3,59.1,Deal Seekers,4,Engaged Non-Buyers
CUST-101758,2025-05-04,India,Mobile,Direct,20,96,346.0,0.331,40,3,2,122.41,23,1,0,0.816,1,0.1,0.6667,4.8,61.33,Deal Seekers,4,Engaged Non-Buyers
CUST-101759,2025-03-27,United Kingdom,Mobile,Direct,15,96,307.8,0.399,56,2,1,94.88,39,2,0,0.365,1,0.0667,0.5,6.4,67.65,Product Researchers,0,Product Researchers
CUST-101760,2025-05-12,United States,Mobile,Organic Search,13,75,401.7,0.399,44,6,3,238.85,3,2,1,0.615,0,0.2308,0.5,5.77,66.68,Deal Seekers,4,Engaged Non-Buyers
CUST-101761,2025-05-13,France,Mobile,Organic Search,33,172,581.8,0.118,63,12,4,312.23,5,2,0,0.059,1,0.1212,0.3333,5.21,86.83,High Value Loyal,2,High Value Loyal Customers
CUST-101762,2025-05-02,United States,Mobile,Organic Search,23,145,610.5,0.012,69,22,8,806.11,2,2,2,0.216,1,0.3478,0.3636,6.3,94.4,High Value Loyal,2,High Value Loyal Customers
CUST-101763,2025-02-23,Canada,Mobile,Referral,16,81,587.9,0.139,33,2,0,0.0,32,2,1,0.271,1,0.0,0.0,5.06,76.89,Engaged Non-Buyers,0,Product Researchers
CUST-101764,2025-05-15,Canada,Mobile,Organic Search,16,92,362.1,0.222,49,8,0,0.0,12,4,2,0.749,1,0.0,0.0,5.75,70.6,Deal Seekers,0,Product Researchers
CUST-101765,2025-02-08,United Kingdom,Mobile,Paid Social,20,132,643.0,0.245,65,4,0,0.0,27,1,0,0.486,1,0.0,0.0,6.6,89.5,Product Researchers,0,Product Researchers
CUST-101766,2025-03-14,United States,Tablet,Email,3,15,71.4,0.787,8,0,0,0.0,67,0,0,0.057,1,0.0,0.0,5.0,26.98,One-time Visitors,3,Engaged Non-Buyers
CUST-101767,2025-03-06,United Kingdom,Mobile,Paid Social,3,15,137.9,0.655,7,1,0,0.0,162,0,0,0.176,0,0.0,0.0,5.0,33.3,One-time Visitors,3,Engaged Non-Buyers
CUST-101768,2025-06-02,Germany,Desktop,Referral,2,10,139.5,0.951,7,0,0,0.0,51,0,0,0.115,0,0.0,0.0,5.0,25.97,One-time Visitors,3,Engaged Non-Buyers
CUST-101769,2025-02-24,France,Mobile,Paid Search,25,125,500.8,0.116,41,2,0,0.0,58,2,2,0.205,1,0.0,0.0,5.0,75.37,Engaged Non-Buyers,0,Product Researchers
CUST-101770,2025-06-18,India,Tablet,Email,12,86,461.6,0.788,50,2,2,218.93,12,2,2,0.258,1,0.1667,1.0,7.17,66.15,Product Researchers,4,Engaged Non-Buyers
CUST-101771,2025-06-15,Australia,Mobile,Organic Search,13,90,328.5,0.221,51,7,1,78.3,39,1,0,0.859,1,0.0769,0.1429,6.92,73.22,Deal Seekers,4,Engaged Non-Buyers
CUST-101772,2025-02-16,United States,Mobile,Referral,1,11,113.4,0.611,7,0,0,0.0,151,0,0,0.201,0,0.0,0.0,11.0,42.54,One-time Visitors,1,Low Engagement / At-Risk Visitors
CUST-101773,2025-05-10,France,Mobile,Paid Social,12,92,378.9,0.236,51,1,0,0.0,42,0,3,0.244,0,0.0,0.0,7.67,77.69,Product Researchers,0,Product Researchers
CUST-101774,2025-01-30,France,Mobile,Organic Search,20,107,411.6,0.239,38,1,0,0.0,9,4,2,0.101,1,0.0,0.0,5.35,68.01,Engaged Non-Buyers,0,Product Researchers
CUST-101775,2025-05-05,France,Mobile,Paid Social,20,100,422.0,0.118,51,7,0,0.0,21,5,0,0.787,1,0.0,0.0,5.0,74.46,Deal Seekers,4,Engaged Non-Buyers
CUST-101776,2025-06-05,India,Desktop,Paid Social,3,12,117.6,0.583,5,0,0,0.0,119,0,1,0.671,0,0.0,0.0,4.0,30.34,One-time Visitors,3,Engaged Non-Buyers
CUST-101777,2025-06-07,Germany,Mobile,Display,37,191,492.7,0.192,63,14,3,452.45,2,3,0,0.296,1,0.0811,0.2143,5.16,80.35,High Value Loyal,2,High Value Loyal Customers
CUST-101778,2025-02-17,India,Desktop,Direct,13,106,575.7,0.521,69,2,0,0.0,67,0,1,0.543,1,0.0,0.0,8.15,85.77,Product Researchers,0,Product Researchers
CUST-101779,2025-04-03,India,Mobile,Paid Social,13,70,430.5,0.14,42,2,2,130.23,27,1,2,0.777,1,0.1538,1.0,5.38,72.78,Deal Seekers,4,Engaged Non-Buyers
CUST-101780,2025-02-11,United Kingdom,Mobile,Organic Search,32,158,332.0,0.082,70,7,9,828.59,14,2,0,0.395,1,0.2812,1.0,4.94,74.97,High Value Loyal,2,High Value Loyal Customers
CUST-101781,2025-04-14,United Kingdom,Mobile,Email,17,71,436.6,0.305,35,2,2,129.8,20,2,1,0.259,1,0.1176,1.0,4.18,63.03,Engaged Non-Buyers,4,Engaged Non-Buyers
CUST-101782,2025-04-26,Germany,Mobile,Paid Search,16,95,265.4,0.239,42,0,0,0.0,54,2,1,0.126,1,0.0,0.0,5.94,63.78,Engaged Non-Buyers,0,Product Researchers
CUST-101783,2025-06-04,India,Desktop,Email,14,88,180.5,0.455,44,8,2,155.15,31,1,0,0.747,0,0.1429,0.25,6.29,55.83,Deal Seekers,4,Engaged Non-Buyers
CUST-101784,2025-03-13,United States,Desktop,Paid Search,1,10,70.8,0.966,6,0,0,0.0,171,0,0,0.245,0,0.0,0.0,10.0,31.23,One-time Visitors,1,Low Engagement / At-Risk Visitors
CUST-101785,2025-05-27,United Kingdom,Mobile,Direct,13,80,546.1,0.166,42,3,0,0.0,13,0,0,0.095,0,0.0,0.0,6.15,80.31,Engaged Non-Buyers,0,Product Researchers
CUST-101786,2025-01-02,United Kingdom,Mobile,Paid Search,6,19,120.9,0.588,4,1,1,43.54,77,0,0,0.262,0,0.1667,1.0,3.17,27.48,One-time Visitors,3,Engaged Non-Buyers
CUST-101787,2025-03-10,France,Tablet,Direct,18,110,262.4,0.245,57,1,0,0.0,54,5,1,0.48,0,0.0,0.0,6.11,68.64,Product Researchers,0,Product Researchers
CUST-101788,2025-02-23,United Kingdom,Mobile,Organic Search,1,6,95.9,0.818,5,0,0,0.0,79,0,0,0.17,0,0.0,0.0,6.0,29.64,One-time Visitors,3,Engaged Non-Buyers
CUST-101789,2025-02-27,United Kingdom,Desktop,Organic Search,9,86,358.8,0.206,61,2,1,72.97,11,1,0,0.517,0,0.1111,0.5,9.56,81.56,Product Researchers,0,Product Researchers
CUST-101790,2025-03-28,United Kingdom,Mobile,Display,16,101,333.5,0.174,50,0,1,83.75,71,3,2,0.754,1,0.0625,0.0,6.31,72.45,Product Researchers,0,Product Researchers
CUST-101791,2025-01-08,United States,Desktop,Direct,5,27,80.6,0.625,10,0,0,0.0,72,0,0,0.172,0,0.0,0.0,5.4,33.36,One-time Visitors,3,Engaged Non-Buyers
CUST-101792,2025-05-07,United Kingdom,Mobile,Organic Search,17,100,465.7,0.158,55,3,3,222.96,20,1,2,0.839,1,0.1765,1.0,5.88,79.63,Deal Seekers,4,Engaged Non-Buyers
CUST-101793,2025-01-27,France,Mobile,Direct,1,8,108.2,0.719,6,0,0,0.0,113,1,0,0.271,0,0.0,0.0,8.0,39.29,One-time Visitors,1,Low Engagement / At-Risk Visitors
CUST-101794,2025-03-03,India,Desktop,Direct,15,83,413.9,0.357,47,3,1,74.16,59,1,1,0.246,0,0.0667,0.3333,5.53,68.53,Product Researchers,0,Product Researchers
CUST-101795,2025-02-08,United Kingdom,Tablet,Email,5,25,119.2,0.711,5,0,0,0.0,141,0,0,0.243,0,0.0,0.0,5.0,30.35,One-time Visitors,3,Engaged Non-Buyers
CUST-101796,2025-05-05,France,Tablet,Organic Search,9,59,394.9,0.404,43,4,4,251.07,6,1,2,0.717,0,0.4444,1.0,6.56,68.36,Deal Seekers,4,Engaged Non-Buyers
CUST-101797,2025-01-22,France,Mobile,Email,4,17,110.7,0.965,8,0,0,0.0,90,1,0,0.13,0,0.0,0.0,4.25,22.14,One-time Visitors,3,Engaged Non-Buyers
CUST-101798,2025-04-26,France,Desktop,Direct,26,131,421.0,0.209,48,14,6,966.01,1,1,0,0.364,1,0.2308,0.4286,5.04,71.33,High Value Loyal,2,High Value Loyal Customers
CUST-101799,2025-02-21,Germany,Desktop,Direct,17,105,419.2,0.463,53,1,1,46.38,26,3,0,0.265,1,0.0588,1.0,6.18,69.99,Product Researchers,4,Engaged Non-Buyers
CUST-101800,2025-03-03,United Kingdom,Desktop,Paid Social,13,92,494.5,0.254,59,2,1,90.87,38,2,0,0.529,1,0.0769,0.5,7.08,83.65,Product Researchers,0,Product Researchers
CUST-101801,2025-06-04,India,Desktop,Direct,31,148,551.2,0.313,52,18,7,705.05,13,0,2,0.452,1,0.2258,0.3889,4.77,75.64,High Value Loyal,2,High Value Loyal Customers
CUST-101802,2025-05-14,United Kingdom,Desktop,Direct,2,9,119.1,0.526,5,0,0,0.0,168,0,0,0.23,0,0.0,0.0,4.5,33.4,One-time Visitors,3,Engaged Non-Buyers
CUST-101803,2025-03-31,United Kingdom,Mobile,Direct,13,93,328.3,0.308,45,2,0,0.0,61,2,1,0.567,1,0.0,0.0,7.15,69.92,Product Researchers,0,Product Researchers
CUST-101804,2025-06-04,India,Tablet,Paid Social,31,157,434.6,0.164,65,10,6,576.76,2,3,1,0.404,1,0.1935,0.6,5.06,78.47,High Value Loyal,2,High Value Loyal Customers
CUST-101805,2025-01-13,United Kingdom,Mobile,Direct,17,85,318.4,0.391,44,7,0,0.0,53,1,3,0.233,1,0.0,0.0,5.0,60.31,Engaged Non-Buyers,0,Product Researchers
CUST-101806,2025-06-21,United Kingdom,Mobile,Email,3,8,116.7,0.902,5,1,0,0.0,62,0,0,0.197,0,0.0,0.0,2.67,18.15,One-time Visitors,3,Engaged Non-Buyers
CUST-101807,2025-01-18,Canada,Desktop,Paid Search,15,80,457.4,0.116,43,4,0,0.0,54,1,2,0.14,1,0.0,0.0,5.33,74.87,Engaged Non-Buyers,0,Product Researchers
CUST-101808,2025-02-11,Germany,Mobile,Paid Social,3,34,162.1,0.478,10,1,0,0.0,80,0,0,0.306,0,0.0,0.0,11.33,49.23,One-time Visitors,1,Low Engagement / At-Risk Visitors
CUST-101809,2025-03-16,United Kingdom,Mobile,Paid Social,17,114,467.5,0.376,63,1,0,0.0,23,1,1,0.187,1,0.0,0.0,6.71,79.32,Product Researchers,0,Product Researchers
CUST-101810,2025-01-25,Canada,Mobile,Paid Search,2,10,63.4,0.696,6,0,0,0.0,176,0,0,0.532,0,0.0,0.0,5.0,28.25,One-time Visitors,3,Engaged Non-Buyers
CUST-101811,2025-04-21,Canada,Mobile,Organic Search,18,96,349.6,0.373,41,4,2,89.9,20,0,1,0.94,1,0.1111,0.5,5.33,62.43,Deal Seekers,4,Engaged Non-Buyers
CUST-101812,2025-06-26,United Kingdom,Desktop,Paid Search,10,82,350.9,0.246,49,0,0,0.0,74,1,0,0.313,1,0.0,0.0,8.2,76.48,Product Researchers,0,Product Researchers
CUST-101813,2025-02-17,Netherlands,Tablet,Paid Search,23,112,411.5,0.391,47,3,0,0.0,25,1,1,0.757,0,0.0,0.0,4.87,65.48,Deal Seekers,0,Product Researchers
CUST-101814,2025-01-09,United Kingdom,Mobile,Organic Search,13,76,241.7,0.4,36,8,6,325.64,6,3,0,0.736,0,0.4615,0.75,5.85,56.44,Deal Seekers,4,Engaged Non-Buyers
CUST-101815,2025-03-16,United States,Desktop,Organic Search,18,96,250.0,0.114,38,6,1,76.37,22,3,0,0.653,0,0.0556,0.1667,5.33,63.01,Engaged Non-Buyers,4,Engaged Non-Buyers
CUST-101816,2025-03-12,Canada,Mobile,Email,15,108,606.5,0.27,56,5,0,0.0,33,1,0,0.381,1,0.0,0.0,7.2,87.99,Product Researchers,0,Product Researchers
CUST-101817,2025-06-18,Australia,Mobile,Direct,9,79,451.1,0.767,47,3,1,64.07,27,0,2,0.272,0,0.1111,0.3333,8.78,67.84,Product Researchers,0,Product Researchers
CUST-101818,2025-02-17,Canada,Mobile,Paid Social,13,90,412.9,0.036,58,8,0,0.0,23,1,1,0.282,0,0.0,0.0,6.92,84.23,Product Researchers,0,Product Researchers
CUST-101819,2025-02-12,United Kingdom,Mobile,Direct,24,120,281.4,0.415,42,5,3,204.59,26,1,0,0.908,1,0.125,0.6,5.0,57.25,Deal Seekers,4,Engaged Non-Buyers
CUST-101820,2025-01-17,United States,Desktop,Paid Search,26,109,149.1,0.302,36,9,4,387.93,6,2,0,0.656,1,0.1538,0.4444,4.19,49.08,Deal Seekers,4,Engaged Non-Buyers
CUST-101821,2025-05-11,Canada,Mobile,Email,16,86,554.9,0.184,32,1,0,0.0,17,3,0,0.375,1,0.0,0.0,5.38,74.8,Engaged Non-Buyers,0,Product Researchers
CUST-101822,2025-01-18,Canada,Mobile,Paid Search,1,8,89.9,0.734,4,0,0,0.0,62,0,0,0.062,0,0.0,0.0,8.0,37.37,One-time Visitors,1,Low Engagement / At-Risk Visitors
CUST-101823,2025-06-19,United Kingdom,Mobile,Paid Social,27,149,462.1,0.302,59,0,0,0.0,55,1,3,0.384,0,0.0,0.0,5.52,75.94,Product Researchers,0,Product Researchers
CUST-101824,2025-01-30,Australia,Mobile,Direct,4,22,100.7,0.77,10,0,0,0.0,64,0,0,0.338,0,0.0,0.0,5.5,31.04,One-time Visitors,3,Engaged Non-Buyers
CUST-101825,2025-04-09,India,Mobile,Email,18,108,452.4,0.228,48,2,0,0.0,30,3,2,0.51,0,0.0,0.0,6.0,75.44,Engaged Non-Buyers,0,Product Researchers
CUST-101826,2025-02-25,India,Mobile,Email,16,98,482.4,0.352,52,3,0,0.0,51,0,2,0.479,1,0.0,0.0,6.12,75.47,Product Researchers,0,Product Researchers
CUST-101827,2025-03-06,India,Mobile,Organic Search,23,104,346.5,0.181,37,11,3,206.8,3,1,1,0.55,1,0.1304,0.2727,4.52,63.32,Deal Seekers,4,Engaged Non-Buyers
CUST-101828,2025-01-09,United States,Tablet,Direct,17,98,385.2,0.263,55,3,1,103.89,24,1,1,0.245,1,0.0588,0.3333,5.76,72.61,Product Researchers,0,Product Researchers
CUST-101829,2025-04-21,United Kingdom,Mobile,Direct,7,70,450.7,0.113,51,1,1,64.64,12,3,0,0.518,0,0.1429,1.0,10.0,85.4,Product Researchers,4,Engaged Non-Buyers
CUST-101830,2025-03-27,India,Mobile,Referral,12,64,652.8,0.488,37,3,0,0.0,58,2,0,0.287,1,0.0,0.0,5.33,70.84,Engaged Non-Buyers,0,Product Researchers
CUST-101831,2025-06-20,France,Tablet,Paid Search,16,102,285.3,0.393,45,4,1,45.66,21,2,0,0.135,1,0.0625,0.25,6.38,63.21,Engaged Non-Buyers,0,Product Researchers
CUST-101832,2025-04-05,United Kingdom,Mobile,Paid Search,19,86,289.4,0.397,34,5,0,0.0,29,0,0,0.157,1,0.0,0.0,4.53,54.16,Engaged Non-Buyers,0,Product Researchers
CUST-101833,2025-05-18,France,Mobile,Display,2,14,118.8,0.675,7,0,0,0.0,57,2,0,0.692,0,0.0,0.0,7.0,38.1,One-time Visitors,1,Low Engagement / At-Risk Visitors
CUST-101834,2025-05-28,United Kingdom,Tablet,Paid Social,15,103,460.2,0.122,56,3,0,0.0,37,3,0,0.529,1,0.0,0.0,6.87,83.64,Product Researchers,0,Product Researchers
CUST-101835,2025-01-20,Australia,Tablet,Organic Search,21,116,310.8,0.116,47,5,5,220.78,43,0,2,0.802,1,0.2381,1.0,5.52,69.36,Deal Seekers,4,Engaged Non-Buyers
CUST-101836,2025-05-26,United States,Desktop,Paid Search,24,119,435.1,0.476,41,4,0,0.0,59,3,0,0.114,1,0.0,0.0,4.96,62.97,Engaged Non-Buyers,0,Product Researchers
CUST-101837,2025-02-24,United Kingdom,Desktop,Email,19,109,447.7,0.294,48,1,0,0.0,39,1,1,0.256,0,0.0,0.0,5.74,72.73,Engaged Non-Buyers,0,Product Researchers
CUST-101838,2025-06-13,United States,Mobile,Paid Search,10,79,364.4,0.19,48,1,0,0.0,67,1,0,0.276,1,0.0,0.0,7.9,77.93,Product Researchers,0,Product Researchers
CUST-101839,2025-01-16,India,Tablet,Organic Search,3,9,57.6,0.888,2,0,0,0.0,174,1,0,0.534,0,0.0,0.0,3.0,15.68,One-time Visitors,3,Engaged Non-Buyers
CUST-101840,2025-03-16,Canada,Tablet,Organic Search,20,100,522.1,0.161,39,5,0,0.0,38,2,2,0.694,1,0.0,0.0,5.0,74.72,Engaged Non-Buyers,0,Product Researchers
CUST-101841,2025-03-21,United States,Tablet,Organic Search,13,81,344.7,0.407,35,6,1,44.92,21,3,0,0.799,1,0.0769,0.1667,6.23,62.3,Deal Seekers,4,Engaged Non-Buyers
CUST-101842,2025-05-20,United States,Tablet,Paid Search,16,92,298.9,0.41,47,2,0,0.0,67,0,0,0.536,1,0.0,0.0,5.75,62.12,Product Researchers,0,Product Researchers
CUST-101843,2025-04-22,United Kingdom,Mobile,Email,20,115,371.7,0.31,41,2,0,0.0,9,2,0,0.433,1,0.0,0.0,5.75,66.43,Engaged Non-Buyers,0,Product Researchers
CUST-101844,2025-01-02,India,Mobile,Email,19,84,354.3,0.333,41,7,4,156.43,14,1,1,0.536,1,0.2105,0.5714,4.42,60.82,Deal Seekers,4,Engaged Non-Buyers
CUST-101845,2025-02-10,United Kingdom,Tablet,Direct,26,149,405.9,0.124,65,11,8,837.92,9,3,2,0.21,1,0.3077,0.7273,5.73,80.09,High Value Loyal,2,High Value Loyal Customers
CUST-101846,2025-05-31,India,Desktop,Paid Search,17,91,373.6,0.09,36,3,0,0.0,35,3,0,0.127,1,0.0,0.0,5.35,69.25,Engaged Non-Buyers,0,Product Researchers
CUST-101847,2025-03-07,United Kingdom,Mobile,Paid Search,15,95,328.4,0.217,41,1,0,0.0,62,2,0,0.263,0,0.0,0.0,6.33,68.39,Engaged Non-Buyers,0,Product Researchers
CUST-101848,2025-05-20,United Kingdom,Mobile,Direct,26,135,442.0,0.315,69,6,8,898.52,6,1,1,0.677,1,0.3077,1.0,5.19,75.45,High Value Loyal,2,High Value Loyal Customers
CUST-101849,2025-03-30,United Kingdom,Mobile,Paid Search,2,13,39.6,0.611,6,1,0,0.0,55,1,0,0.184,1,0.0,0.0,6.5,33.87,One-time Visitors,3,Engaged Non-Buyers
CUST-101850,2025-04-12,France,Mobile,Paid Search,3,15,67.8,0.726,3,0,0,0.0,60,0,0,0.056,1,0.0,0.0,5.0,26.78,One-time Visitors,3,Engaged Non-Buyers
CUST-101851,2025-04-09,India,Mobile,Paid Search,7,26,104.5,0.685,7,0,0,0.0,56,0,0,0.23,0,0.0,0.0,3.71,26.85,One-time Visitors,3,Engaged Non-Buyers
CUST-101852,2025-01-03,United Kingdom,Desktop,Email,2,10,103.7,0.585,6,0,0,0.0,91,0,0,0.072,0,0.0,0.0,5.0,33.03,One-time Visitors,3,Engaged Non-Buyers
CUST-101853,2025-04-06,United States,Mobile,Organic Search,17,115,336.0,0.255,57,0,1,69.52,29,2,0,0.677,1,0.0588,0.0,6.76,74.1,Product Researchers,0,Product Researchers
CUST-101854,2025-02-28,Canada,Mobile,Referral,2,10,46.7,0.755,6,0,0,0.0,118,0,0,0.085,0,0.0,0.0,5.0,25.94,One-time Visitors,3,Engaged Non-Buyers
CUST-101855,2025-04-02,Netherlands,Mobile,Organic Search,5,19,93.8,0.522,6,1,0,0.0,146,0,0,0.356,0,0.0,0.0,3.8,30.35,One-time Visitors,3,Engaged Non-Buyers
CUST-101856,2025-05-10,Canada,Desktop,Paid Search,36,160,475.2,0.163,53,11,4,502.53,10,1,1,0.15,1,0.1111,0.3636,4.44,74.87,High Value Loyal,2,High Value Loyal Customers
CUST-101857,2025-05-21,Australia,Desktop,Paid Social,11,60,280.3,0.217,40,6,2,102.47,37,2,2,0.733,1,0.1818,0.3333,5.45,62.96,Deal Seekers,4,Engaged Non-Buyers
CUST-101858,2025-03-03,United Kingdom,Desktop,Paid Search,14,84,453.7,0.309,45,6,2,154.13,20,1,1,0.976,1,0.1429,0.3333,6.0,72.55,Deal Seekers,4,Engaged Non-Buyers
CUST-101859,2025-03-13,United Kingdom,Desktop,Organic Search,12,78,614.0,0.209,40,0,0,0.0,60,1,0,0.043,1,0.0,0.0,6.5,82.39,Engaged Non-Buyers,0,Product Researchers
CUST-101860,2025-04-19,United Kingdom,Mobile,Paid Social,18,102,474.8,0.353,52,0,0,0.0,64,2,0,0.578,1,0.0,0.0,5.67,73.63,Product Researchers,0,Product Researchers
CUST-101861,2025-03-20,Germany,Desktop,Paid Search,4,13,103.6,0.955,4,0,0,0.0,105,0,0,0.473,0,0.0,0.0,3.25,17.69,One-time Visitors,3,Engaged Non-Buyers
CUST-101862,2025-05-15,United Kingdom,Mobile,Email,21,104,463.1,0.34,42,1,0,0.0,26,2,1,0.19,1,0.0,0.0,4.95,68.07,Engaged Non-Buyers,0,Product Researchers
CUST-101863,2025-02-18,United States,Mobile,Paid Search,30,154,513.4,0.286,68,8,3,255.79,7,3,0,0.283,1,0.1,0.375,5.13,79.56,High Value Loyal,2,High Value Loyal Customers
CUST-101864,2025-05-26,United Kingdom,Mobile,Organic Search,13,79,400.7,0.322,40,4,2,89.23,33,2,1,0.78,1,0.1538,0.5,6.08,68.29,Deal Seekers,4,Engaged Non-Buyers
CUST-101865,2025-06-19,Germany,Mobile,Email,20,103,276.1,0.145,47,6,4,183.48,25,1,0,0.828,1,0.2,0.6667,5.15,65.73,Deal Seekers,4,Engaged Non-Buyers
CUST-101866,2025-04-28,United States,Mobile,Paid Social,14,75,391.0,0.432,39,2,1,59.96,28,0,0,0.079,0,0.0714,0.5,5.36,62.49,Engaged Non-Buyers,0,Product Researchers
CUST-101867,2025-06-13,United Kingdom,Mobile,Organic Search,2,12,160.4,0.97,3,0,0,0.0,45,0,0,0.245,0,0.0,0.0,6.0,28.45,One-time Visitors,3,Engaged Non-Buyers
CUST-101868,2025-06-13,United States,Mobile,Direct,16,98,406.7,0.213,56,9,6,586.29,9,2,0,0.039,1,0.375,0.6667,6.12,76.38,High Value Loyal,2,High Value Loyal Customers
CUST-101869,2025-01-24,United Kingdom,Desktop,Paid Search,31,169,556.8,0.11,67,18,4,523.28,9,2,1,0.289,1,0.129,0.2222,5.45,87.12,High Value Loyal,2,High Value Loyal Customers
CUST-101870,2025-01-16,United Kingdom,Desktop,Direct,22,116,431.2,0.448,39,2,1,43.57,39,5,1,0.883,1,0.0455,0.5,5.27,63.83,Deal Seekers,4,Engaged Non-Buyers
CUST-101871,2025-01-20,Canada,Mobile,Email,19,100,445.6,0.055,41,4,0,0.0,36,1,0,0.206,1,0.0,0.0,5.26,74.96,Engaged Non-Buyers,0,Product Researchers
CUST-101872,2025-05-31,United States,Desktop,Organic Search,14,86,481.6,0.479,52,3,1,62.31,74,2,2,0.593,0,0.0714,0.3333,6.14,72.29,Product Researchers,0,Product Researchers
CUST-101873,2025-05-13,France,Mobile,Direct,16,94,568.9,0.28,48,3,0,0.0,5,2,1,0.277,1,0.0,0.0,5.88,79.56,Engaged Non-Buyers,0,Product Researchers
CUST-101874,2025-04-04,Germany,Mobile,Direct,13,88,496.2,0.19,42,6,0,0.0,30,0,1,0.342,1,0.0,0.0,6.77,79.14,Engaged Non-Buyers,0,Product Researchers
CUST-101875,2025-04-11,France,Mobile,Direct,15,78,604.5,0.192,36,3,0,0.0,17,1,1,0.368,0,0.0,0.0,5.2,77.52,Engaged Non-Buyers,0,Product Researchers
CUST-101876,2025-01-13,United Kingdom,Mobile,Paid Social,18,107,491.3,0.303,54,2,1,102.73,34,1,1,0.472,1,0.0556,0.5,5.94,77.18,Product Researchers,0,Product Researchers
CUST-101877,2025-02-18,United Kingdom,Mobile,Paid Social,12,71,313.7,0.352,41,6,2,130.42,24,2,4,0.901,1,0.1667,0.3333,5.92,62.98,Deal Seekers,4,Engaged Non-Buyers
CUST-101878,2025-03-27,France,Desktop,Organic Search,16,97,504.4,0.525,48,2,0,0.0,67,2,0,0.745,1,0.0,0.0,6.06,70.82,Product Researchers,0,Product Researchers
CUST-101879,2025-03-16,United Kingdom,Mobile,Paid Search,19,103,663.6,0.155,51,2,0,0.0,29,3,1,0.245,1,0.0,0.0,5.42,83.75,Engaged Non-Buyers,0,Product Researchers
CUST-101880,2025-02-02,India,Mobile,Organic Search,12,78,487.0,0.263,47,1,1,59.01,50,2,1,0.302,1,0.0833,1.0,6.5,77.54,Engaged Non-Buyers,4,Engaged Non-Buyers
CUST-101881,2025-05-09,United Kingdom,Desktop,Paid Search,12,79,417.4,0.219,48,5,1,50.71,55,2,0,0.598,1,0.0833,0.2,6.58,75.74,Product Researchers,0,Product Researchers
CUST-101882,2025-03-30,Australia,Mobile,Email,15,95,566.1,0.285,48,1,1,113.97,45,0,0,0.214,1,0.0667,1.0,6.33,80.73,Product Researchers,0,Product Researchers
CUST-101883,2025-01-14,United Kingdom,Mobile,Paid Search,3,14,132.3,0.842,6,0,0,0.0,98,0,0,0.304,0,0.0,0.0,4.67,27.01,One-time Visitors,3,Engaged Non-Buyers
CUST-101884,2025-06-27,India,Mobile,Referral,15,86,515.9,0.549,50,1,1,94.54,20,2,1,0.379,0,0.0667,1.0,5.73,70.37,Product Researchers,4,Engaged Non-Buyers
CUST-101885,2025-01-07,United Kingdom,Mobile,Organic Search,20,103,417.7,0.337,37,6,2,142.46,44,1,2,0.648,1,0.1,0.3333,5.15,64.93,Deal Seekers,4,Engaged Non-Buyers
CUST-101886,2025-04-24,Germany,Desktop,Paid Search,12,75,363.8,0.145,51,7,2,110.11,33,2,0,0.511,1,0.1667,0.2857,6.25,74.78,Deal Seekers,4,Engaged Non-Buyers
CUST-101887,2025-01-19,United States,Mobile,Paid Search,14,83,340.0,0.751,44,1,0,0.0,71,3,0,0.334,1,0.0,0.0,5.93,55.3,Product Researchers,0,Product Researchers
CUST-101888,2025-03-22,United Kingdom,Desktop,Email,18,96,360.8,0.103,45,2,2,115.59,7,2,0,0.861,1,0.1111,1.0,5.33,70.97,Deal Seekers,4,Engaged Non-Buyers
CUST-101889,2025-03-13,India,Mobile,Organic Search,4,29,132.3,0.802,11,1,0,0.0,153,0,0,0.489,0,0.0,0.0,7.25,37.6,One-time Visitors,1,Low Engagement / At-Risk Visitors
CUST-101890,2025-03-04,United States,Desktop,Paid Social,4,12,56.8,0.925,6,0,0,0.0,60,0,0,0.154,0,0.0,0.0,3.0,15.95,One-time Visitors,3,Engaged Non-Buyers
CUST-101891,2025-03-10,United States,Desktop,Paid Search,14,87,512.6,0.423,43,2,1,62.04,34,3,0,0.165,1,0.0714,0.5,6.21,72.69,Engaged Non-Buyers,0,Product Researchers
CUST-101892,2025-02-07,United Kingdom,Mobile,Display,1,10,112.5,0.778,7,0,0,0.0,142,0,0,0.464,0,0.0,0.0,10.0,38.32,One-time Visitors,1,Low Engagement / At-Risk Visitors
CUST-101893,2025-01-24,United Kingdom,Mobile,Direct,12,96,338.3,0.444,62,1,1,80.1,58,2,1,0.63,1,0.0833,1.0,8.0,74.89,Product Researchers,4,Engaged Non-Buyers
CUST-101894,2025-03-20,India,Mobile,Organic Search,22,92,345.4,0.449,38,1,3,216.63,39,1,2,0.881,0,0.1364,1.0,4.18,55.82,Deal Seekers,4,Engaged Non-Buyers
CUST-101895,2025-05-28,France,Mobile,Organic Search,15,85,333.9,0.424,38,5,1,55.13,9,6,1,0.874,1,0.0667,0.2,5.67,60.5,Deal Seekers,4,Engaged Non-Buyers
CUST-101896,2025-06-23,United Kingdom,Mobile,Referral,19,104,434.3,0.186,46,6,0,0.0,13,3,0,0.452,1,0.0,0.0,5.47,73.32,Engaged Non-Buyers,0,Product Researchers
CUST-101897,2025-01-02,France,Desktop,Paid Search,3,19,156.4,0.803,9,0,0,0.0,67,0,0,0.111,0,0.0,0.0,6.33,35.31,One-time Visitors,3,Engaged Non-Buyers
CUST-101898,2025-06-04,Canada,Mobile,Direct,25,145,469.1,0.04,58,15,7,926.43,8,1,0,0.393,1,0.28,0.4667,5.8,83.43,High Value Loyal,2,High Value Loyal Customers
CUST-101899,2025-02-12,United Kingdom,Tablet,Organic Search,13,100,471.6,0.256,50,3,1,66.99,9,1,1,0.414,1,0.0769,0.3333,7.69,81.6,Product Researchers,0,Product Researchers
CUST-101900,2025-05-23,India,Desktop,Organic Search,2,15,60.6,0.818,6,0,0,0.0,158,0,0,0.091,0,0.0,0.0,7.5,32.87,One-time Visitors,1,Low Engagement / At-Risk Visitors
CUST-101901,2025-02-24,United Kingdom,Mobile,Paid Search,1,10,86.0,0.614,7,0,0,0.0,176,0,0,0.175,0,0.0,0.0,10.0,41.11,One-time Visitors,1,Low Engagement / At-Risk Visitors
CUST-101902,2025-06-24,Canada,Mobile,Organic Search,15,84,484.1,0.475,36,6,1,74.73,23,5,1,0.415,0,0.0667,0.1667,5.6,65.91,Engaged Non-Buyers,0,Product Researchers
CUST-101903,2025-04-15,Australia,Mobile,Organic Search,20,108,333.5,0.067,46,5,0,0.0,18,0,0,0.617,1,0.0,0.0,5.4,71.03,Engaged Non-Buyers,0,Product Researchers
CUST-101904,2025-06-21,Netherlands,Mobile,Paid Search,10,87,311.7,0.114,59,7,0,0.0,43,5,0,0.562,1,0.0,0.0,8.7,80.89,Product Researchers,0,Product Researchers
CUST-101905,2025-05-29,Canada,Mobile,Paid Social,5,14,95.8,0.75,2,1,0,0.0,85,0,0,0.353,0,0.0,0.0,2.8,20.41,One-time Visitors,3,Engaged Non-Buyers
CUST-101906,2025-03-21,Germany,Desktop,Paid Search,25,140,589.7,0.398,54,12,3,379.02,14,0,1,0.064,1,0.12,0.25,5.6,78.66,High Value Loyal,2,High Value Loyal Customers
CUST-101907,2025-05-15,Netherlands,Tablet,Referral,5,23,73.1,0.608,4,1,0,0.0,165,0,0,0.179,0,0.0,0.0,4.6,29.06,One-time Visitors,3,Engaged Non-Buyers
CUST-101908,2025-01-10,Australia,Desktop,Paid Social,12,84,519.1,0.247,51,0,1,93.78,25,1,1,0.185,0,0.0833,0.0,7.0,82.35,Product Researchers,0,Product Researchers
CUST-101909,2025-04-10,United States,Mobile,Email,22,95,252.7,0.28,29,8,1,40.59,27,2,0,0.745,1,0.0455,0.125,4.32,53.06,Deal Seekers,4,Engaged Non-Buyers
CUST-101910,2025-02-26,United States,Mobile,Paid Search,32,161,306.6,0.197,49,7,0,0.0,35,0,0,0.543,0,0.0,0.0,5.03,66.2,Deal Seekers,0,Product Researchers
CUST-101911,2025-05-22,Netherlands,Mobile,Direct,2,8,73.1,0.714,3,0,0,0.0,119,0,0,0.307,0,0.0,0.0,4.0,24.24,One-time Visitors,3,Engaged Non-Buyers
CUST-101912,2025-06-09,United Kingdom,Mobile,Organic Search,15,88,261.6,0.562,46,4,3,175.47,40,0,0,0.987,1,0.2,0.75,5.87,56.52,Deal Seekers,4,Engaged Non-Buyers
CUST-101913,2025-03-25,France,Mobile,Paid Search,21,89,460.3,0.219,28,6,1,79.49,26,1,0,0.877,1,0.0476,0.1667,4.24,64.41,Deal Seekers,4,Engaged Non-Buyers
CUST-101914,2025-03-15,United States,Mobile,Paid Social,12,85,579.0,0.378,60,1,0,0.0,13,1,1,0.631,0,0.0,0.0,7.08,85.1,Product Researchers,0,Product Researchers
CUST-101915,2025-01-05,India,Desktop,Referral,4,19,127.9,0.68,7,0,1,78.42,88,0,0,0.405,1,0.25,0.0,4.75,31.41,One-time Visitors,3,Engaged Non-Buyers
CUST-101916,2025-06-09,United Kingdom,Mobile,Referral,23,107,488.1,0.149,33,8,2,108.5,23,1,1,0.783,1,0.087,0.25,4.65,70.38,Deal Seekers,4,Engaged Non-Buyers
CUST-101917,2025-04-23,United Kingdom,Mobile,Organic Search,23,124,361.8,0.427,55,13,4,419.19,9,2,0,0.1,1,0.1739,0.3077,5.39,66.19,High Value Loyal,2,High Value Loyal Customers
CUST-101918,2025-06-15,France,Mobile,Organic Search,19,91,363.0,0.23,33,8,2,182.23,32,1,1,0.916,1,0.1053,0.25,4.79,62.53,Deal Seekers,4,Engaged Non-Buyers
CUST-101919,2025-04-25,United States,Desktop,Paid Search,2,13,121.7,0.769,6,0,0,0.0,76,0,0,0.246,1,0.0,0.0,6.5,34.02,One-time Visitors,3,Engaged Non-Buyers
CUST-101920,2025-03-21,Germany,Mobile,Display,35,173,651.9,0.373,78,11,4,284.02,7,3,0,0.312,1,0.1143,0.3636,4.94,81.13,High Value Loyal,2,High Value Loyal Customers
CUST-101921,2025-06-15,United States,Desktop,Organic Search,18,119,512.4,0.245,64,4,0,0.0,74,5,0,0.367,0,0.0,0.0,6.61,84.85,Product Researchers,0,Product Researchers
CUST-101922,2025-06-14,Germany,Mobile,Direct,16,101,462.6,0.202,56,1,0,0.0,41,4,1,0.323,1,0.0,0.0,6.31,80.03,Product Researchers,0,Product Researchers
CUST-101923,2025-05-20,United Kingdom,Mobile,Paid Search,23,117,361.3,0.306,49,4,1,86.73,41,0,1,0.348,0,0.0435,0.25,5.09,66.39,Product Researchers,0,Product Researchers
CUST-101924,2025-04-17,Netherlands,Mobile,Organic Search,14,79,264.8,0.092,41,17,0,0.0,6,5,0,0.774,1,0.0,0.0,5.64,66.19,Deal Seekers,4,Engaged Non-Buyers
CUST-101925,2025-01-19,Germany,Mobile,Display,19,101,446.0,0.633,41,2,0,0.0,66,3,0,0.164,1,0.0,0.0,5.32,60.7,Product Researchers,0,Product Researchers
CUST-101926,2025-02-27,United Kingdom,Mobile,Organic Search,27,131,410.6,0.195,59,10,6,497.72,7,1,1,0.261,1,0.2222,0.6,4.85,73.98,High Value Loyal,2,High Value Loyal Customers
CUST-101927,2025-02-08,United States,Desktop,Direct,23,124,218.7,0.349,39,7,4,228.35,5,1,0,0.653,1,0.1739,0.5714,5.39,56.06,Deal Seekers,4,Engaged Non-Buyers
CUST-101928,2025-02-03,India,Mobile,Paid Social,14,75,467.6,0.472,45,1,1,83.3,17,0,2,0.322,0,0.0714,1.0,5.36,67.17,Product Researchers,4,Engaged Non-Buyers
CUST-101929,2025-02-14,United Kingdom,Desktop,Direct,28,152,426.8,0.305,71,12,13,1335.43,3,1,0,0.533,1,0.4643,1.0,5.43,75.68,High Value Loyal,2,High Value Loyal Customers
CUST-101930,2025-06-11,Australia,Desktop,Organic Search,19,92,262.1,0.601,47,3,0,0.0,39,2,0,0.128,1,0.0,0.0,4.84,52.68,Product Researchers,0,Product Researchers
CUST-101931,2025-02-08,United States,Mobile,Referral,9,65,290.8,0.056,44,8,3,198.08,4,3,0,0.518,0,0.3333,0.375,7.22,74.26,Deal Seekers,4,Engaged Non-Buyers
CUST-101932,2025-06-16,Canada,Desktop,Paid Social,36,161,459.4,0.203,66,13,3,278.77,2,5,0,0.418,1,0.0833,0.2308,4.47,76.87,High Value Loyal,2,High Value Loyal Customers
CUST-101933,2025-06-25,United States,Mobile,Display,36,179,482.2,0.26,64,10,7,845.01,12,1,1,0.307,1,0.1944,0.7,4.97,77.83,High Value Loyal,2,High Value Loyal Customers
CUST-101934,2025-06-29,United Kingdom,Mobile,Paid Social,18,96,289.3,0.219,45,7,1,48.2,15,3,1,0.913,1,0.0556,0.1429,5.33,64.49,Deal Seekers,4,Engaged Non-Buyers
CUST-101935,2025-02-15,United Kingdom,Desktop,Paid Social,3,9,66.7,0.394,5,1,0,0.0,153,0,0,0.123,0,0.0,0.0,3.0,29.39,One-time Visitors,3,Engaged Non-Buyers
CUST-101936,2025-06-06,United States,Mobile,Paid Search,1,5,99.4,0.778,4,0,0,0.0,170,0,0,0.172,0,0.0,0.0,5.0,27.38,One-time Visitors,3,Engaged Non-Buyers
CUST-101937,2025-04-24,United Kingdom,Desktop,Paid Search,11,82,533.8,0.188,47,4,0,0.0,46,3,0,0.291,1,0.0,0.0,7.45,84.75,Product Researchers,0,Product Researchers
CUST-101938,2025-03-25,United Kingdom,Desktop,Paid Search,32,185,303.7,0.054,71,17,8,614.2,13,5,0,0.272,1,0.25,0.4706,5.78,76.9,High Value Loyal,2,High Value Loyal Customers
CUST-101939,2025-01-12,United Kingdom,Mobile,Paid Search,4,20,105.5,0.922,5,0,1,55.55,133,1,0,0.171,0,0.25,0.0,5.0,24.39,One-time Visitors,3,Engaged Non-Buyers
CUST-101940,2025-06-08,United States,Desktop,Direct,16,77,531.2,0.297,35,1,0,0.0,64,3,0,0.218,1,0.0,0.0,4.81,69.95,Engaged Non-Buyers,0,Product Researchers
CUST-101941,2025-05-26,Australia,Tablet,Paid Social,26,112,492.0,0.179,53,14,5,542.24,5,1,0,0.588,1,0.1923,0.3571,4.31,74.89,High Value Loyal,2,High Value Loyal Customers
CUST-101942,2025-02-23,United Kingdom,Mobile,Direct,18,101,441.6,0.436,40,6,3,209.49,29,3,2,0.862,1,0.1667,0.5,5.61,66.02,Deal Seekers,4,Engaged Non-Buyers
CUST-101943,2025-01-10,Canada,Mobile,Paid Social,25,136,629.9,0.14,65,14,7,792.09,14,0,0,0.252,1,0.28,0.5,5.44,88.5,High Value Loyal,2,High Value Loyal Customers
CUST-101944,2025-04-11,United States,Tablet,Paid Social,19,108,478.8,0.354,55,3,0,0.0,11,1,0,0.409,0,0.0,0.0,5.68,74.77,Product Researchers,0,Product Researchers
CUST-101945,2025-05-03,United Kingdom,Mobile,Paid Social,35,157,408.0,0.249,65,13,5,489.66,12,0,0,0.238,1,0.1429,0.3846,4.49,73.2,High Value Loyal,2,High Value Loyal Customers
CUST-101946,2025-04-20,France,Mobile,Direct,11,77,429.6,0.37,47,3,1,38.99,23,0,0,0.348,1,0.0909,0.3333,7.0,73.57,Engaged Non-Buyers,0,Product Researchers
CUST-101947,2025-02-09,India,Tablet,Paid Search,15,94,411.6,0.142,53,0,0,0.0,58,1,0,0.503,1,0.0,0.0,6.27,77.93,Product Researchers,0,Product Researchers
CUST-101948,2025-05-31,United States,Mobile,Direct,3,12,98.9,0.935,1,0,0,0.0,137,0,0,0.329,0,0.0,0.0,4.0,19.38,One-time Visitors,3,Engaged Non-Buyers
CUST-101949,2025-06-02,United States,Mobile,Paid Social,25,111,245.8,0.088,49,2,3,193.82,28,4,1,0.752,1,0.12,1.0,4.44,64.03,Deal Seekers,4,Engaged Non-Buyers
CUST-101950,2025-05-28,United States,Mobile,Referral,11,71,462.1,0.178,40,7,1,62.9,16,3,0,0.734,1,0.0909,0.1429,6.45,76.13,Deal Seekers,4,Engaged Non-Buyers
CUST-101951,2025-02-03,United Kingdom,Desktop,Paid Search,35,178,418.7,0.172,61,11,3,291.46,8,2,0,0.503,1,0.0857,0.2727,5.09,76.3,High Value Loyal,2,High Value Loyal Customers
CUST-101952,2025-03-24,United States,Desktop,Referral,14,84,555.0,0.326,39,3,0,0.0,12,3,1,0.621,0,0.0,0.0,6.0,75.34,Engaged Non-Buyers,0,Product Researchers
CUST-101953,2025-06-14,United Kingdom,Mobile,Referral,15,99,336.5,0.272,53,7,2,103.38,18,1,4,0.879,1,0.1333,0.2857,6.6,71.97,Deal Seekers,4,Engaged Non-Buyers
CUST-101954,2025-05-02,United Kingdom,Mobile,Paid Search,11,65,396.4,0.489,45,4,1,49.02,42,3,2,0.883,1,0.0909,0.25,5.91,64.9,Deal Seekers,4,Engaged Non-Buyers
CUST-101955,2025-05-01,Germany,Mobile,Organic Search,20,105,226.2,0.083,44,2,2,120.93,17,1,1,0.24,1,0.1,1.0,5.25,64.17,Deal Seekers,4,Engaged Non-Buyers
CUST-101956,2025-03-30,Netherlands,Desktop,Organic Search,19,111,413.1,0.133,44,8,2,115.72,30,3,1,0.792,1,0.1053,0.25,5.84,74.11,Deal Seekers,4,Engaged Non-Buyers
CUST-101957,2025-03-23,India,Mobile,Direct,16,88,398.4,0.44,33,9,8,486.01,15,3,2,0.948,1,0.5,0.8889,5.5,61.26,Deal Seekers,2,High Value Loyal Customers
CUST-101958,2025-05-12,United States,Mobile,Organic Search,18,94,386.6,0.159,39,4,1,34.0,6,5,0,0.73,1,0.0556,0.25,5.22,68.69,Deal Seekers,4,Engaged Non-Buyers
CUST-101959,2025-05-22,Netherlands,Mobile,Paid Search,16,88,622.1,0.531,43,7,0,0.0,10,3,3,0.19,1,0.0,0.0,5.5,72.15,Engaged Non-Buyers,0,Product Researchers
CUST-101960,2025-03-10,United States,Desktop,Direct,14,77,587.0,0.622,37,2,1,57.56,23,4,1,0.181,1,0.0714,0.5,5.5,67.38,Engaged Non-Buyers,0,Product Researchers
CUST-101961,2025-01-16,United Kingdom,Mobile,Paid Social,15,80,335.7,0.178,35,11,3,263.55,19,2,0,0.692,1,0.2,0.2727,5.33,64.77,Deal Seekers,4,Engaged Non-Buyers
CUST-101962,2025-01-13,India,Mobile,Direct,13,99,496.1,0.425,47,4,0,0.0,45,3,0,0.442,0,0.0,0.0,7.62,77.45,Engaged Non-Buyers,0,Product Researchers
CUST-101963,2025-02-15,United Kingdom,Desktop,Paid Search,29,166,569.7,0.296,63,17,3,337.68,13,4,0,0.32,1,0.1034,0.1765,5.72,83.36,High Value Loyal,2,High Value Loyal Customers
CUST-101964,2025-03-17,Germany,Mobile,Organic Search,16,95,470.8,0.275,45,1,0,0.0,15,0,2,0.344,1,0.0,0.0,5.94,74.07,Product Researchers,0,Product Researchers
CUST-101965,2025-06-24,United States,Desktop,Organic Search,18,92,634.5,0.273,40,6,0,0.0,44,2,1,0.095,1,0.0,0.0,5.11,76.44,Engaged Non-Buyers,0,Product Researchers
CUST-101966,2025-05-01,India,Desktop,Paid Search,23,118,368.1,0.19,48,2,2,124.66,17,2,0,0.75,0,0.087,1.0,5.13,69.45,Deal Seekers,4,Engaged Non-Buyers
CUST-101967,2025-04-27,Germany,Mobile,Paid Social,22,98,366.1,0.183,42,6,2,81.46,7,3,0,0.706,1,0.0909,0.3333,4.45,65.57,Deal Seekers,4,Engaged Non-Buyers
CUST-101968,2025-05-11,United States,Mobile,Organic Search,2,8,76.4,0.75,4,1,0,0.0,105,0,0,0.291,0,0.0,0.0,4.0,23.79,One-time Visitors,3,Engaged Non-Buyers
CUST-101969,2025-05-17,United Kingdom,Mobile,Paid Social,5,15,25.1,0.501,3,0,0,0.0,125,0,0,0.029,0,0.0,0.0,3.0,24.03,One-time Visitors,3,Engaged Non-Buyers
CUST-101970,2025-02-13,Canada,Mobile,Direct,24,96,539.4,0.116,35,2,0,0.0,48,1,1,0.231,1,0.0,0.0,4.0,72.35,Engaged Non-Buyers,0,Product Researchers
CUST-101971,2025-02-20,France,Mobile,Organic Search,21,149,405.9,0.136,73,15,6,861.69,10,0,1,0.424,1,0.2857,0.4,7.1,84.07,High Value Loyal,2,High Value Loyal Customers
CUST-101972,2025-06-02,France,Mobile,Organic Search,37,171,519.2,0.098,64,8,5,614.35,12,0,0,0.449,1,0.1351,0.625,4.62,82.64,High Value Loyal,2,High Value Loyal Customers
CUST-101973,2025-05-17,Canada,Desktop,Paid Search,28,139,502.7,0.277,60,16,6,644.22,4,2,0,0.155,1,0.2143,0.375,4.96,77.17,High Value Loyal,2,High Value Loyal Customers
CUST-101974,2025-05-29,United States,Desktop,Organic Search,14,74,390.2,0.237,39,7,1,53.75,20,4,0,0.951,1,0.0714,0.1429,5.29,67.1,Deal Seekers,4,Engaged Non-Buyers
CUST-101975,2025-02-24,Australia,Mobile,Email,26,137,498.7,0.157,62,5,9,757.08,12,1,1,0.378,1,0.3462,1.0,5.27,81.55,High Value Loyal,2,High Value Loyal Customers
CUST-101976,2025-04-11,United States,Mobile,Paid Social,1,11,20.7,0.797,7,0,0,0.0,121,0,0,0.271,0,0.0,0.0,11.0,33.26,One-time Visitors,1,Low Engagement / At-Risk Visitors
CUST-101977,2025-04-16,France,Tablet,Organic Search,24,127,506.4,0.088,67,8,8,1149.6,5,0,0,0.271,1,0.3333,1.0,5.29,84.67,High Value Loyal,2,High Value Loyal Customers
CUST-101978,2025-05-10,United Kingdom,Mobile,Paid Social,16,116,484.5,0.188,68,4,0,0.0,44,4,1,0.285,1,0.0,0.0,7.25,87.19,Product Researchers,0,Product Researchers
CUST-101979,2025-03-29,United States,Desktop,Organic Search,9,80,488.4,0.371,52,3,1,65.18,18,4,1,0.514,0,0.1111,0.3333,8.89,81.15,Product Researchers,0,Product Researchers
CUST-101980,2025-05-04,India,Mobile,Referral,38,198,465.5,0.234,72,6,5,511.45,3,2,2,0.43,1,0.1316,0.8333,5.21,78.71,High Value Loyal,2,High Value Loyal Customers
CUST-101981,2025-02-27,United Kingdom,Desktop,Email,1,12,37.9,0.727,9,1,0,0.0,143,0,0,0.194,0,0.0,0.0,12.0,36.49,One-time Visitors,1,Low Engagement / At-Risk Visitors
CUST-101982,2025-03-24,India,Mobile,Organic Search,17,85,572.5,0.468,37,5,1,50.47,58,1,1,0.067,1,0.0588,0.2,5.0,68.94,Engaged Non-Buyers,0,Product Researchers
CUST-101983,2025-03-25,United Kingdom,Mobile,Paid Search,16,93,378.2,0.153,44,2,0,0.0,47,3,0,0.222,1,0.0,0.0,5.81,71.78,Product Researchers,0,Product Researchers
CUST-101984,2025-04-18,India,Mobile,Organic Search,18,116,450.2,0.212,67,2,1,62.36,11,0,1,0.54,1,0.0556,0.5,6.44,82.35,Product Researchers,0,Product Researchers
CUST-101985,2025-02-14,Germany,Mobile,Paid Search,21,115,619.8,0.197,50,3,2,112.3,31,4,1,0.542,1,0.0952,0.6667,5.48,82.58,Product Researchers,4,Engaged Non-Buyers
CUST-101986,2025-05-31,United Kingdom,Desktop,Organic Search,20,105,424.6,0.502,44,6,0,0.0,52,1,0,0.284,1,0.0,0.0,5.25,63.62,Engaged Non-Buyers,0,Product Researchers
CUST-101987,2025-03-27,India,Mobile,Paid Search,28,131,739.2,0.13,45,2,1,68.54,20,2,0,0.199,1,0.0357,0.5,4.68,80.21,Engaged Non-Buyers,0,Product Researchers
CUST-101988,2025-01-23,Canada,Desktop,Organic Search,15,85,535.8,0.057,41,4,0,0.0,42,0,0,0.274,0,0.0,0.0,5.67,80.7,Engaged Non-Buyers,0,Product Researchers
CUST-101989,2025-04-26,Canada,Mobile,Direct,21,126,635.4,0.276,58,0,0,0.0,64,2,0,0.573,1,0.0,0.0,6.0,84.71,Product Researchers,0,Product Researchers
CUST-101990,2025-03-04,United Kingdom,Desktop,Paid Search,22,131,211.2,0.396,52,5,2,174.88,25,2,1,0.889,1,0.0909,0.4,5.95,60.27,Deal Seekers,4,Engaged Non-Buyers
CUST-101991,2025-03-19,Australia,Mobile,Organic Search,20,119,273.5,0.273,66,12,9,1079.1,12,4,2,0.198,1,0.45,0.75,5.95,70.45,High Value Loyal,2,High Value Loyal Customers
CUST-101992,2025-04-04,United Kingdom,Desktop,Email,24,132,577.8,0.034,49,12,4,474.21,3,3,0,0.24,1,0.1667,0.3333,5.5,85.31,High Value Loyal,2,High Value Loyal Customers
CUST-101993,2025-05-08,India,Mobile,Paid Search,15,79,302.4,0.488,43,3,1,60.6,57,3,0,0.082,1,0.0667,0.3333,5.27,57.61,Engaged Non-Buyers,0,Product Researchers
CUST-101994,2025-04-23,United Kingdom,Mobile,Organic Search,1,7,79.5,0.842,4,0,1,42.41,89,0,0,0.116,0,1.0,0.0,7.0,31.03,One-time Visitors,1,Low Engagement / At-Risk Visitors
CUST-101995,2025-01-16,Canada,Mobile,Referral,20,119,395.5,0.171,58,0,0,0.0,43,4,1,0.348,0,0.0,0.0,5.95,76.94,Product Researchers,0,Product Researchers
CUST-101996,2025-01-06,United Kingdom,Mobile,Paid Search,28,181,457.0,0.316,88,6,5,496.44,8,6,0,0.125,1,0.1786,0.8333,6.46,80.15,High Value Loyal,2,High Value Loyal Customers
CUST-101997,2025-05-04,United States,Mobile,Referral,15,98,452.7,0.174,45,2,0,0.0,39,1,0,0.365,0,0.0,0.0,6.53,77.54,Engaged Non-Buyers,0,Product Researchers
CUST-101998,2025-06-22,United Kingdom,Mobile,Paid Social,24,123,629.9,0.205,57,11,3,472.74,14,2,0,0.324,1,0.125,0.2727,5.12,83.43,High Value Loyal,2,High Value Loyal Customers
CUST-101999,2025-06-16,India,Mobile,Display,4,12,135.6,0.911,6,1,0,0.0,95,1,0,0.359,0,0.0,0.0,3.0,20.24,One-time Visitors,3,Engaged Non-Buyers
CUST-102000,2025-02-22,Canada,Mobile,Paid Social,1,8,120.1,0.664,5,0,0,0.0,105,0,0,0.213,0,0.0,0.0,8.0,40.94,One-time Visitors,1,Low Engagement / At-Risk Visitors
CUST-102001,2025-04-02,United Kingdom,Desktop,Referral,2,11,101.2,0.816,7,1,0,0.0,88,0,0,0.335,0,0.0,0.0,5.5,29.01,One-time Visitors,3,Engaged Non-Buyers
CUST-102002,2025-03-14,United Kingdom,Mobile,Paid Search,1,8,153.2,0.471,5,0,0,0.0,179,0,0,0.288,0,0.0,0.0,8.0,47.41,One-time Visitors,1,Low Engagement / At-Risk Visitors
CUST-102003,2025-01-29,Canada,Tablet,Email,2,8,28.4,0.796,3,1,0,0.0,154,0,0,0.148,0,0.0,0.0,4.0,19.94,One-time Visitors,3,Engaged Non-Buyers
CUST-102004,2025-05-20,United States,Mobile,Email,13,102,365.7,0.206,58,2,0,0.0,55,1,2,0.222,1,0.0,0.0,7.85,80.51,Product Researchers,0,Product Researchers
CUST-102005,2025-02-27,United Kingdom,Mobile,Email,17,103,320.3,0.272,43,2,1,43.07,68,1,1,0.747,0,0.0588,0.5,6.06,66.39,Product Researchers,4,Engaged Non-Buyers
CUST-102006,2025-02-19,United Kingdom,Mobile,Email,3,15,100.8,0.678,7,0,0,0.0,65,0,0,0.196,0,0.0,0.0,5.0,30.87,One-time Visitors,3,Engaged Non-Buyers
CUST-102007,2025-01-16,United Kingdom,Mobile,Direct,30,182,518.5,0.185,69,12,5,517.45,2,3,0,0.4,1,0.1667,0.4167,6.07,85.25,High Value Loyal,2,High Value Loyal Customers
CUST-102008,2025-02-25,United Kingdom,Mobile,Email,15,87,283.9,0.455,42,5,5,396.83,27,1,2,0.713,1,0.3333,1.0,5.8,58.88,Deal Seekers,4,Engaged Non-Buyers
CUST-102009,2025-06-21,United Kingdom,Desktop,Paid Social,2,7,96.7,0.897,4,1,0,0.0,134,0,0,0.459,0,0.0,0.0,3.5,19.58,One-time Visitors,3,Engaged Non-Buyers
CUST-102010,2025-03-29,Australia,Desktop,Email,15,71,457.5,0.405,29,4,0,0.0,55,2,0,0.575,1,0.0,0.0,4.73,61.46,Engaged Non-Buyers,0,Product Researchers
CUST-102011,2025-01-02,United Kingdom,Mobile,Organic Search,6,23,57.4,0.692,2,0,1,45.29,121,0,0,0.205,0,0.1667,0.0,3.83,23.16,One-time Visitors,3,Engaged Non-Buyers
CUST-102012,2025-06-18,India,Mobile,Organic Search,25,126,452.1,0.24,63,10,5,553.29,12,0,1,0.707,1,0.2,0.5,5.04,76.75,High Value Loyal,2,High Value Loyal Customers
CUST-102013,2025-03-04,United States,Mobile,Paid Search,20,108,652.9,0.34,44,7,1,77.98,52,2,3,0.247,1,0.05,0.1429,5.4,76.91,Engaged Non-Buyers,0,Product Researchers
CUST-102014,2025-06-11,United Kingdom,Desktop,Referral,22,101,564.2,0.376,43,5,0,0.0,6,1,0,0.09,1,0.0,0.0,4.59,71.39,Engaged Non-Buyers,0,Product Researchers
CUST-102015,2025-04-20,United States,Mobile,Paid Social,16,104,537.6,0.291,60,1,1,60.48,41,4,2,0.144,1,0.0625,1.0,6.5,83.39,Product Researchers,0,Product Researchers
CUST-102016,2025-01-08,United Kingdom,Mobile,Paid Search,19,106,330.0,0.372,49,1,0,0.0,74,3,0,0.525,1,0.0,0.0,5.58,64.72,Product Researchers,0,Product Researchers
CUST-102017,2025-03-30,United States,Desktop,Paid Search,21,104,196.5,0.356,34,10,0,0.0,44,3,0,0.642,1,0.0,0.0,4.95,51.86,Deal Seekers,4,Engaged Non-Buyers
CUST-102018,2025-05-25,Netherlands,Mobile,Organic Search,5,12,96.1,0.657,3,0,0,0.0,63,0,0,0.174,0,0.0,0.0,2.4,21.81,One-time Visitors,3,Engaged Non-Buyers
CUST-102019,2025-02-02,India,Mobile,Direct,24,114,295.3,0.241,44,7,2,137.17,16,3,0,0.623,0,0.0833,0.2857,4.75,62.13,Deal Seekers,4,Engaged Non-Buyers
CUST-102020,2025-05-23,United Kingdom,Mobile,Organic Search,26,129,551.5,0.17,62,14,9,681.72,12,1,3,0.1,1,0.3462,0.6429,4.96,82.91,High Value Loyal,2,High Value Loyal Customers
CUST-102021,2025-02-19,Netherlands,Desktop,Direct,21,102,400.4,0.372,37,2,0,0.0,6,1,0,0.13,1,0.0,0.0,4.86,62.29,Engaged Non-Buyers,0,Product Researchers
CUST-102022,2025-04-28,Canada,Desktop,Organic Search,13,91,430.3,0.123,44,1,0,0.0,43,4,1,0.721,1,0.0,0.0,7.0,78.86,Product Researchers,0,Product Researchers
CUST-102023,2025-04-19,India,Desktop,Organic Search,16,98,550.7,0.212,50,2,0,0.0,58,0,2,0.781,0,0.0,0.0,6.12,81.77,Product Researchers,0,Product Researchers
CUST-102024,2025-03-25,Canada,Mobile,Paid Social,16,87,317.0,0.262,46,8,1,94.93,8,0,1,0.715,0,0.0625,0.125,5.44,65.46,Deal Seekers,4,Engaged Non-Buyers
CUST-102025,2025-01-13,Germany,Mobile,Email,31,157,612.1,0.054,56,15,5,634.51,3,0,1,0.602,1,0.1613,0.3333,5.06,86.7,High Value Loyal,2,High Value Loyal Customers
CUST-102026,2025-01-03,Germany,Mobile,Email,34,167,416.4,0.202,66,10,6,903.29,3,2,1,0.094,1,0.1765,0.6,4.91,76.13,High Value Loyal,2,High Value Loyal Customers
CUST-102027,2025-05-31,France,Desktop,Paid Search,34,164,433.3,0.136,65,13,8,1088.27,4,2,1,0.117,1,0.2353,0.6154,4.82,78.35,High Value Loyal,2,High Value Loyal Customers
CUST-102028,2025-06-07,Germany,Tablet,Direct,5,20,37.3,0.767,6,0,0,0.0,95,1,0,0.384,0,0.0,0.0,4.0,22.04,One-time Visitors,3,Engaged Non-Buyers
CUST-102029,2025-01-08,Germany,Desktop,Paid Search,5,21,43.2,0.825,5,0,0,0.0,53,2,0,0.116,0,0.0,0.0,4.2,21.21,One-time Visitors,3,Engaged Non-Buyers
CUST-102030,2025-03-07,India,Desktop,Organic Search,29,126,476.6,0.126,42,3,0,0.0,20,3,1,0.234,0,0.0,0.0,4.34,72.19,Engaged Non-Buyers,0,Product Researchers
CUST-102031,2025-05-08,Netherlands,Mobile,Paid Social,15,83,417.8,0.455,39,2,0,0.0,16,2,0,0.086,1,0.0,0.0,5.53,63.82,Engaged Non-Buyers,0,Product Researchers
CUST-102032,2025-06-07,Netherlands,Desktop,Organic Search,31,164,333.7,0.315,64,16,7,689.83,12,3,0,0.084,1,0.2258,0.4375,5.29,70.04,High Value Loyal,2,High Value Loyal Customers
CUST-102033,2025-03-25,Australia,Mobile,Paid Search,27,149,626.1,0.035,62,13,7,911.08,9,2,0,0.137,1,0.2593,0.5385,5.52,90.44,High Value Loyal,2,High Value Loyal Customers
CUST-102034,2025-06-24,United Kingdom,Mobile,Paid Social,5,20,135.1,0.849,8,2,0,0.0,68,0,0,0.504,1,0.0,0.0,4.0,25.5,One-time Visitors,3,Engaged Non-Buyers
CUST-102035,2025-04-28,United States,Desktop,Organic Search,20,113,461.2,0.392,51,9,3,96.72,8,1,1,0.723,1,0.15,0.3333,5.65,71.61,Deal Seekers,4,Engaged Non-Buyers
CUST-102036,2025-02-26,India,Desktop,Referral,19,111,420.9,0.126,50,5,0,0.0,22,3,1,0.241,1,0.0,0.0,5.84,76.54,Engaged Non-Buyers,0,Product Researchers
CUST-102037,2025-03-26,United Kingdom,Mobile,Referral,14,100,457.2,0.4,56,0,0,0.0,45,1,0,0.29,0,0.0,0.0,7.14,77.4,Product Researchers,0,Product Researchers
CUST-102038,2025-03-14,United Kingdom,Mobile,Paid Social,19,116,374.5,0.13,54,2,0,0.0,68,1,0,0.688,1,0.0,0.0,6.11,76.17,Product Researchers,0,Product Researchers
CUST-102039,2025-01-26,United Kingdom,Mobile,Paid Search,13,90,534.6,0.159,49,1,1,51.1,27,1,0,0.386,1,0.0769,1.0,6.92,84.46,Product Researchers,4,Engaged Non-Buyers
CUST-102040,2025-04-11,United States,Mobile,Paid Search,15,72,331.8,0.238,37,6,3,207.9,20,1,0,0.749,1,0.2,0.5,4.8,62.03,Deal Seekers,4,Engaged Non-Buyers
CUST-102041,2025-05-24,United States,Desktop,Email,15,89,398.9,0.062,47,4,0,0.0,16,4,0,0.153,1,0.0,0.0,5.93,76.41,Product Researchers,0,Product Researchers
CUST-102042,2025-05-28,United Kingdom,Mobile,Direct,18,106,478.0,0.237,55,8,3,111.82,41,4,1,0.734,1,0.1667,0.375,5.89,78.29,Deal Seekers,4,Engaged Non-Buyers
CUST-102043,2025-03-11,India,Mobile,Organic Search,20,115,497.1,0.333,44,2,1,27.76,38,3,1,0.209,1,0.05,0.5,5.75,73.05,Engaged Non-Buyers,0,Product Researchers
CUST-102044,2025-01-08,United Kingdom,Tablet,Organic Search,2,18,79.7,0.783,10,0,0,0.0,105,0,0,0.105,0,0.0,0.0,9.0,37.49,One-time Visitors,1,Low Engagement / At-Risk Visitors
CUST-102045,2025-06-03,Germany,Tablet,Direct,16,78,527.0,0.237,45,1,1,131.3,37,2,2,0.217,1,0.0625,1.0,4.88,74.49,Engaged Non-Buyers,4,Engaged Non-Buyers
CUST-102046,2025-05-08,Germany,Tablet,Paid Search,22,101,578.1,0.36,39,3,0,0.0,42,3,1,0.551,1,0.0,0.0,4.59,71.24,Engaged Non-Buyers,0,Product Researchers
CUST-102047,2025-02-12,France,Desktop,Paid Social,5,15,89.6,0.783,7,0,0,0.0,174,0,0,0.372,0,0.0,0.0,3.0,21.42,One-time Visitors,3,Engaged Non-Buyers
CUST-102048,2025-05-12,Australia,Mobile,Referral,15,74,465.7,0.111,37,4,0,0.0,57,0,2,0.489,0,0.0,0.0,4.93,72.31,Engaged Non-Buyers,0,Product Researchers
CUST-102049,2025-02-01,India,Mobile,Paid Social,1,11,180.4,0.736,6,0,0,0.0,113,0,0,0.101,0,0.0,0.0,11.0,42.46,One-time Visitors,1,Low Engagement / At-Risk Visitors
CUST-102050,2025-04-26,United Kingdom,Desktop,Referral,11,81,510.4,0.255,52,0,0,0.0,36,2,0,0.41,1,0.0,0.0,7.36,83.16,Product Researchers,0,Product Researchers
CUST-102051,2025-04-13,United Kingdom,Tablet,Paid Search,34,166,639.5,0.058,61,12,8,916.96,7,1,0,0.071,1,0.2353,0.6667,4.88,87.58,High Value Loyal,2,High Value Loyal Customers
CUST-102052,2025-02-10,United States,Desktop,Paid Search,13,88,400.2,0.346,46,2,0,0.0,66,1,2,0.394,1,0.0,0.0,6.77,71.66,Product Researchers,0,Product Researchers
CUST-102053,2025-06-16,United Kingdom,Mobile,Paid Search,17,112,507.6,0.347,62,2,0,0.0,19,2,0,0.575,0,0.0,0.0,6.59,81.38,Product Researchers,0,Product Researchers
CUST-102054,2025-03-21,India,Mobile,Referral,5,20,37.3,0.57,5,0,0,0.0,175,0,0,0.058,0,0.0,0.0,4.0,26.66,One-time Visitors,3,Engaged Non-Buyers
CUST-102055,2025-03-30,United Kingdom,Mobile,Organic Search,20,103,466.8,0.334,40,2,0,0.0,37,2,3,0.185,1,0.0,0.0,5.15,68.38,Engaged Non-Buyers,0,Product Researchers
CUST-102056,2025-06-08,France,Mobile,Paid Search,1,8,91.4,0.459,5,0,0,0.0,66,0,0,0.148,0,0.0,0.0,8.0,44.63,One-time Visitors,1,Low Engagement / At-Risk Visitors
CUST-102057,2025-01-16,United States,Mobile,Paid Search,31,152,403.9,0.127,69,16,8,1047.38,5,0,1,0.459,1,0.2581,0.5,4.9,77.34,High Value Loyal,2,High Value Loyal Customers
CUST-102058,2025-03-19,United Kingdom,Mobile,Organic Search,35,184,653.0,0.401,66,7,10,1748.73,13,1,0,0.042,1,0.2857,1.0,5.26,81.4,High Value Loyal,2,High Value Loyal Customers
CUST-102059,2025-01-03,United Kingdom,Desktop,Direct,15,101,349.2,0.469,46,3,0,0.0,60,0,0,0.018,1,0.0,0.0,6.73,65.93,Engaged Non-Buyers,0,Product Researchers
CUST-102060,2025-05-11,India,Desktop,Organic Search,13,79,508.3,0.184,47,3,0,0.0,24,1,0,0.384,1,0.0,0.0,6.08,79.28,Engaged Non-Buyers,0,Product Researchers
CUST-102061,2025-04-11,Australia,Mobile,Email,16,91,440.1,0.406,52,2,0,0.0,51,0,0,0.268,1,0.0,0.0,5.69,70.63,Product Researchers,0,Product Researchers
CUST-102062,2025-04-12,Netherlands,Mobile,Paid Search,20,136,525.7,0.33,53,14,7,883.31,3,0,2,0.139,1,0.35,0.5,6.8,80.6,High Value Loyal,2,High Value Loyal Customers
CUST-102063,2025-02-11,United States,Desktop,Organic Search,26,134,341.7,0.2,54,8,11,1186.18,14,3,2,0.583,1,0.4231,1.0,5.15,69.82,High Value Loyal,2,High Value Loyal Customers
CUST-102064,2025-06-09,India,Mobile,Paid Search,32,147,670.1,0.097,61,16,6,816.54,11,1,1,0.38,1,0.1875,0.375,4.59,85.7,High Value Loyal,2,High Value Loyal Customers
CUST-102065,2025-02-02,United Kingdom,Mobile,Display,15,93,747.5,0.209,41,3,0,0.0,28,2,1,0.03,1,0.0,0.0,6.2,81.77,Engaged Non-Buyers,0,Product Researchers
CUST-102066,2025-06-05,Canada,Mobile,Direct,8,86,461.6,0.314,56,2,1,82.04,54,2,1,0.513,0,0.125,0.5,10.75,82.45,Product Researchers,0,Product Researchers
CUST-102067,2025-06-19,United Kingdom,Mobile,Direct,14,91,466.3,0.291,50,3,1,47.55,41,3,0,0.531,0,0.0714,0.3333,6.5,76.73,Product Researchers,0,Product Researchers
CUST-102068,2025-06-25,United Kingdom,Mobile,Referral,1,13,89.8,0.84,10,1,0,0.0,148,0,0,0.304,0,0.0,0.0,13.0,36.56,One-time Visitors,1,Low Engagement / At-Risk Visitors
CUST-102069,2025-02-03,United States,Mobile,Paid Search,18,106,372.4,0.121,46,9,3,183.08,5,0,1,0.941,1,0.1667,0.3333,5.89,73.15,Deal Seekers,4,Engaged Non-Buyers
CUST-102070,2025-04-09,United Kingdom,Mobile,Organic Search,14,82,435.0,0.331,40,4,1,75.04,29,2,1,0.218,1,0.0714,0.25,5.86,69.07,Product Researchers,0,Product Researchers
CUST-102071,2025-06-02,United Kingdom,Tablet,Direct,12,89,421.9,0.23,54,3,0,0.0,74,0,0,0.311,1,0.0,0.0,7.42,80.13,Product Researchers,0,Product Researchers
CUST-102072,2025-03-20,Canada,Mobile,Paid Search,15,93,402.3,0.246,54,1,0,0.0,54,2,1,0.456,1,0.0,0.0,6.2,74.95,Product Researchers,0,Product Researchers
CUST-102073,2025-02-22,India,Mobile,Direct,29,146,528.4,0.147,70,12,5,323.46,10,2,0,0.47,1,0.1724,0.4167,5.03,83.48,High Value Loyal,2,High Value Loyal Customers
CUST-102074,2025-02-19,Australia,Mobile,Direct,19,92,362.6,0.112,49,5,2,129.65,46,1,3,0.412,0,0.1053,0.4,4.84,70.55,Product Researchers,4,Engaged Non-Buyers
CUST-102075,2025-03-04,Australia,Desktop,Organic Search,29,153,430.1,0.19,63,12,8,810.72,4,3,0,0.459,1,0.2759,0.6667,5.28,77.62,High Value Loyal,2,High Value Loyal Customers
CUST-102076,2025-01-06,Canada,Desktop,Paid Search,16,69,336.1,0.316,32,7,4,235.18,26,0,0,0.807,1,0.25,0.5714,4.31,57.22,Deal Seekers,4,Engaged Non-Buyers
CUST-102077,2025-02-25,Germany,Mobile,Paid Social,16,95,426.6,0.439,52,1,0,0.0,9,3,0,0.17,1,0.0,0.0,5.94,69.9,Product Researchers,0,Product Researchers
CUST-102078,2025-02-21,India,Mobile,Email,11,86,294.0,0.196,47,3,4,323.45,16,2,2,0.94,1,0.3636,1.0,7.82,73.69,Deal Seekers,4,Engaged Non-Buyers
CUST-102079,2025-05-29,India,Desktop,Organic Search,11,74,403.0,0.205,40,2,0,0.0,18,1,0,0.239,0,0.0,0.0,6.73,73.36,Engaged Non-Buyers,0,Product Researchers
CUST-102080,2025-05-26,United States,Mobile,Paid Search,1,6,104.1,0.715,3,1,0,0.0,50,1,0,0.426,0,0.0,0.0,6.0,32.0,One-time Visitors,3,Engaged Non-Buyers
CUST-102081,2025-06-01,Australia,Mobile,Paid Social,20,104,446.7,0.13,40,5,0,0.0,55,4,2,0.228,1,0.0,0.0,5.2,72.63,Engaged Non-Buyers,0,Product Researchers
CUST-102082,2025-05-25,United States,Mobile,Paid Search,20,82,459.6,0.156,29,2,0,0.0,38,2,0,0.036,0,0.0,0.0,4.1,65.82,Engaged Non-Buyers,0,Product Researchers
CUST-102083,2025-01-23,United Kingdom,Mobile,Paid Search,21,120,438.7,0.099,41,8,4,226.49,12,3,1,0.792,1,0.1905,0.5,5.71,74.93,Deal Seekers,4,Engaged Non-Buyers
CUST-102084,2025-04-16,Australia,Desktop,Paid Search,25,142,424.4,0.381,63,16,7,843.23,9,2,2,0.32,1,0.28,0.4375,5.68,73.82,High Value Loyal,2,High Value Loyal Customers
CUST-102085,2025-02-23,United States,Mobile,Email,18,93,494.1,0.185,36,5,0,0.0,63,0,1,0.209,0,0.0,0.0,5.17,72.3,Engaged Non-Buyers,0,Product Researchers
CUST-102086,2025-02-27,United Kingdom,Tablet,Direct,13,94,561.4,0.317,58,4,0,0.0,25,2,2,0.323,0,0.0,0.0,7.23,85.59,Product Researchers,0,Product Researchers
CUST-102087,2025-06-04,Netherlands,Mobile,Email,4,14,173.0,0.826,5,0,0,0.0,162,0,0,0.07,0,0.0,0.0,3.5,25.49,One-time Visitors,3,Engaged Non-Buyers
CUST-102088,2025-03-03,United Kingdom,Desktop,Organic Search,17,118,453.4,0.447,45,2,0,0.0,50,2,1,0.507,1,0.0,0.0,6.94,72.04,Engaged Non-Buyers,0,Product Researchers
CUST-102089,2025-04-22,United Kingdom,Desktop,Direct,26,119,353.1,0.052,38,9,2,129.91,20,0,0,0.91,0,0.0769,0.2222,4.58,67.36,Deal Seekers,4,Engaged Non-Buyers
CUST-102090,2025-02-02,United Kingdom,Mobile,Organic Search,2,9,88.5,0.632,5,0,0,0.0,74,0,0,0.296,0,0.0,0.0,4.5,29.21,One-time Visitors,3,Engaged Non-Buyers
CUST-102091,2025-05-09,Netherlands,Mobile,Organic Search,18,85,412.1,0.545,35,4,1,51.28,44,3,0,0.849,0,0.0556,0.25,4.72,57.52,Deal Seekers,4,Engaged Non-Buyers
CUST-102092,2025-05-14,India,Mobile,Paid Search,23,102,383.7,0.428,39,4,4,148.81,36,2,0,0.803,1,0.1739,1.0,4.43,59.36,Deal Seekers,4,Engaged Non-Buyers
CUST-102093,2025-03-07,France,Mobile,Referral,32,147,500.9,0.151,57,9,7,654.22,12,2,1,0.337,1,0.2188,0.7778,4.59,78.16,High Value Loyal,2,High Value Loyal Customers
CUST-102094,2025-05-17,United Kingdom,Desktop,Direct,16,91,326.6,0.492,45,9,2,77.08,44,0,0,0.839,1,0.125,0.2222,5.69,60.64,Deal Seekers,4,Engaged Non-Buyers
CUST-102095,2025-05-24,United Kingdom,Mobile,Organic Search,20,104,301.7,0.174,42,6,3,172.57,10,1,2,0.872,0,0.15,0.5,5.2,64.91,Deal Seekers,4,Engaged Non-Buyers
CUST-102096,2025-03-14,United Kingdom,Mobile,Paid Search,5,24,75.3,0.911,4,0,0,0.0,110,0,0,0.276,0,0.0,0.0,4.8,22.22,One-time Visitors,3,Engaged Non-Buyers
CUST-102097,2025-03-03,India,Mobile,Display,8,83,423.0,0.092,54,4,1,100.59,27,2,0,0.571,1,0.125,0.25,10.38,85.47,Product Researchers,0,Product Researchers
CUST-102098,2025-02-23,United Kingdom,Mobile,Referral,4,17,93.0,0.698,6,0,0,0.0,96,1,0,0.359,0,0.0,0.0,4.25,27.32,One-time Visitors,3,Engaged Non-Buyers
CUST-102099,2025-04-12,India,Desktop,Paid Social,31,145,398.2,0.213,47,3,0,0.0,9,2,0,0.697,1,0.0,0.0,4.68,68.67,Deal Seekers,0,Product Researchers
CUST-102100,2025-03-09,United States,Mobile,Email,15,80,360.0,0.262,40,1,1,75.86,9,2,0,0.85,1,0.0667,1.0,5.33,65.44,Deal Seekers,4,Engaged Non-Buyers
CUST-102101,2025-02-04,United States,Mobile,Paid Search,18,101,492.0,0.569,52,4,0,0.0,62,2,0,0.335,1,0.0,0.0,5.61,68.92,Product Researchers,0,Product Researchers
CUST-102102,2025-04-16,United Kingdom,Mobile,Organic Search,18,78,411.4,0.447,34,4,2,159.92,8,1,2,0.799,0,0.1111,0.5,4.33,58.38,Deal Seekers,4,Engaged Non-Buyers
CUST-102103,2025-01-28,United Kingdom,Mobile,Paid Search,6,31,76.2,0.773,7,0,0,0.0,82,0,0,0.031,0,0.0,0.0,5.17,27.79,One-time Visitors,3,Engaged Non-Buyers
CUST-102104,2025-01-23,Australia,Mobile,Direct,14,96,378.8,0.248,64,3,1,74.52,55,1,0,0.751,1,0.0714,0.3333,6.86,78.86,Product Researchers,4,Engaged Non-Buyers
CUST-102105,2025-03-17,India,Mobile,Paid Search,15,82,360.9,0.309,36,6,1,38.82,28,1,0,0.808,0,0.0667,0.1667,5.47,63.49,Deal Seekers,4,Engaged Non-Buyers
CUST-102106,2025-06-13,United States,Desktop,Email,4,18,20.0,0.679,4,1,0,0.0,78,1,0,0.248,0,0.0,0.0,4.5,24.31,One-time Visitors,3,Engaged Non-Buyers
CUST-102107,2025-03-08,United Kingdom,Desktop,Organic Search,25,124,372.2,0.106,48,6,1,60.46,25,1,1,0.828,1,0.04,0.1667,4.96,71.22,Deal Seekers,4,Engaged Non-Buyers
CUST-102108,2025-03-29,United Kingdom,Mobile,Organic Search,1,7,49.7,0.764,4,0,0,0.0,167,0,0,0.209,0,0.0,0.0,7.0,31.49,One-time Visitors,1,Low Engagement / At-Risk Visitors
CUST-102109,2025-02-05,United Kingdom,Desktop,Paid Search,12,88,434.1,0.434,53,2,0,0.0,46,3,0,0.439,1,0.0,0.0,7.33,75.07,Product Researchers,0,Product Researchers
CUST-102110,2025-01-28,Canada,Mobile,Paid Search,32,160,521.9,0.17,57,10,9,940.12,4,4,1,0.387,1,0.2812,0.9,5.0,80.0,High Value Loyal,2,High Value Loyal Customers
CUST-102111,2025-03-05,United Kingdom,Mobile,Direct,4,13,93.4,0.611,1,0,0,0.0,178,0,0,0.329,0,0.0,0.0,3.25,24.87,One-time Visitors,3,Engaged Non-Buyers
CUST-102112,2025-03-19,Germany,Mobile,Direct,1,10,150.6,0.601,6,0,0,0.0,46,0,0,0.151,0,0.0,0.0,10.0,44.35,One-time Visitors,1,Low Engagement / At-Risk Visitors
CUST-102113,2025-01-05,Canada,Mobile,Paid Search,41,188,439.7,0.147,61,11,6,454.85,4,2,3,0.279,1,0.1463,0.5455,4.59,76.41,High Value Loyal,2,High Value Loyal Customers
CUST-102114,2025-05-05,United Kingdom,Desktop,Direct,13,98,442.1,0.187,45,2,1,97.1,14,1,1,0.167,1,0.0769,0.5,7.54,79.84,Product Researchers,0,Product Researchers
CUST-102115,2025-04-15,United States,Tablet,Organic Search,20,128,362.1,0.341,60,2,1,74.17,57,2,3,0.316,1,0.05,0.5,6.4,73.03,Product Researchers,0,Product Researchers
CUST-102116,2025-03-26,India,Mobile,Referral,1,9,127.6,0.665,8,1,0,0.0,130,0,0,0.324,1,0.0,0.0,9.0,42.22,One-time Visitors,1,Low Engagement / At-Risk Visitors
CUST-102117,2025-01-26,United Kingdom,Desktop,Paid Search,21,91,280.3,0.416,30,9,2,128.8,34,5,0,0.968,1,0.0952,0.2222,4.33,51.39,Deal Seekers,4,Engaged Non-Buyers
CUST-102118,2025-03-04,Australia,Desktop,Referral,22,136,401.5,0.133,60,0,1,31.34,56,3,1,0.432,0,0.0455,0.0,6.18,79.52,Product Researchers,0,Product Researchers
CUST-102119,2025-06-29,United States,Desktop,Organic Search,26,118,376.0,0.264,42,0,1,55.21,6,3,1,0.355,0,0.0385,0.0,4.54,64.29,Engaged Non-Buyers,0,Product Researchers
CUST-102120,2025-01-03,Canada,Mobile,Paid Search,33,155,604.0,0.371,52,11,7,777.45,6,2,0,0.384,1,0.2121,0.6364,4.7,76.41,High Value Loyal,2,High Value Loyal Customers
CUST-102121,2025-04-04,Germany,Mobile,Direct,6,17,42.3,0.467,2,0,0,0.0,135,0,0,0.036,0,0.0,0.0,2.83,24.9,One-time Visitors,3,Engaged Non-Buyers
CUST-102122,2025-01-10,United Kingdom,Mobile,Paid Social,13,77,481.8,0.113,42,5,1,36.67,6,0,1,0.78,1,0.0769,0.2,5.92,77.69,Deal Seekers,4,Engaged Non-Buyers
CUST-102123,2025-04-11,Canada,Tablet,Paid Search,22,106,441.2,0.082,50,5,0,0.0,44,0,1,0.53,1,0.0,0.0,4.82,75.46,Product Researchers,0,Product Researchers
CUST-102124,2025-04-19,India,Tablet,Paid Search,15,91,379.4,0.439,48,4,0,0.0,9,3,0,0.887,0,0.0,0.0,6.07,66.71,Deal Seekers,0,Product Researchers
CUST-102125,2025-03-18,India,Mobile,Paid Search,12,95,603.4,0.329,61,5,0,0.0,8,5,2,0.316,0,0.0,0.0,7.92,90.29,Product Researchers,0,Product Researchers
CUST-102126,2025-02-01,United States,Desktop,Paid Search,15,117,344.3,0.524,67,0,0,0.0,66,2,1,0.67,0,0.0,0.0,7.8,73.5,Product Researchers,0,Product Researchers
CUST-102127,2025-01-10,United States,Desktop,Direct,20,94,457.5,0.188,36,2,0,0.0,15,1,0,0.368,1,0.0,0.0,4.7,68.94,Engaged Non-Buyers,0,Product Researchers
CUST-102128,2025-01-28,Germany,Desktop,Email,12,70,493.5,0.068,35,3,0,0.0,34,1,1,0.156,1,0.0,0.0,5.83,76.97,Engaged Non-Buyers,0,Product Researchers
CUST-102129,2025-01-05,France,Mobile,Direct,21,97,605.2,0.101,37,1,0,0.0,10,3,0,0.27,1,0.0,0.0,4.62,78.29,Engaged Non-Buyers,0,Product Researchers
CUST-102130,2025-03-27,United Kingdom,Mobile,Email,15,71,440.4,0.213,36,3,0,0.0,64,1,1,0.401,1,0.0,0.0,4.73,67.55,Engaged Non-Buyers,0,Product Researchers
CUST-102131,2025-02-01,India,Mobile,Display,15,110,530.6,0.298,60,3,0,0.0,29,2,0,0.68,0,0.0,0.0,7.33,85.47,Product Researchers,0,Product Researchers
CUST-102132,2025-05-07,France,Mobile,Organic Search,5,30,109.4,0.869,6,0,0,0.0,118,0,0,0.355,0,0.0,0.0,6.0,29.35,One-time Visitors,3,Engaged Non-Buyers
CUST-102133,2025-02-07,United Kingdom,Mobile,Organic Search,13,70,449.2,0.381,30,2,0,0.0,10,2,0,0.305,1,0.0,0.0,5.38,63.99,Engaged Non-Buyers,0,Product Researchers
CUST-102134,2025-05-17,United Kingdom,Mobile,Email,25,132,581.3,0.246,68,8,11,1293.16,13,2,1,0.497,1,0.44,1.0,5.28,84.41,High Value Loyal,2,High Value Loyal Customers
CUST-102135,2025-01-19,Canada,Desktop,Paid Search,1,9,153.2,0.714,6,1,0,0.0,56,2,0,0.323,0,0.0,0.0,9.0,41.65,One-time Visitors,1,Low Engagement / At-Risk Visitors
CUST-102136,2025-05-08,United States,Mobile,Paid Search,16,104,385.7,0.173,59,1,2,186.45,74,1,1,0.562,1,0.125,1.0,6.5,78.41,Product Researchers,4,Engaged Non-Buyers
CUST-102137,2025-01-17,United Kingdom,Mobile,Direct,14,100,278.0,0.431,56,6,4,145.86,27,3,1,0.919,0,0.2857,0.6667,7.14,67.67,Deal Seekers,4,Engaged Non-Buyers
CUST-102138,2025-01-09,Canada,Mobile,Organic Search,2,7,100.5,0.633,5,0,0,0.0,135,0,0,0.186,0,0.0,0.0,3.5,26.67,One-time Visitors,3,Engaged Non-Buyers
CUST-102139,2025-03-25,India,Mobile,Direct,3,12,107.5,0.596,4,0,0,0.0,58,0,0,0.282,0,0.0,0.0,4.0,29.21,One-time Visitors,3,Engaged Non-Buyers
CUST-102140,2025-05-02,United Kingdom,Mobile,Email,3,9,109.7,0.74,3,0,0,0.0,167,0,0,0.423,0,0.0,0.0,3.0,22.28,One-time Visitors,3,Engaged Non-Buyers
CUST-102141,2025-03-09,France,Mobile,Paid Search,30,150,433.5,0.065,56,13,10,1139.8,2,1,1,0.275,1,0.3333,0.7692,5.0,77.9,High Value Loyal,2,High Value Loyal Customers
CUST-102142,2025-05-27,India,Mobile,Paid Search,18,100,496.7,0.377,46,3,1,47.32,40,1,0,0.323,0,0.0556,0.3333,5.56,71.92,Engaged Non-Buyers,0,Product Researchers
CUST-102143,2025-01-12,United States,Desktop,Direct,14,89,210.0,0.29,47,2,1,65.67,41,2,0,0.811,1,0.0714,0.5,6.36,62.57,Deal Seekers,4,Engaged Non-Buyers
CUST-102144,2025-03-16,Netherlands,Mobile,Organic Search,5,16,74.2,0.581,6,0,0,0.0,75,0,0,0.328,0,0.0,0.0,3.2,26.04,One-time Visitors,3,Engaged Non-Buyers
CUST-102145,2025-01-14,United States,Desktop,Email,34,152,379.1,0.238,49,11,13,1789.58,14,2,1,0.175,1,0.3824,1.0,4.47,67.06,High Value Loyal,2,High Value Loyal Customers
CUST-102146,2025-01-04,United Kingdom,Mobile,Organic Search,5,24,153.8,0.854,7,0,0,0.0,155,0,0,0.2,0,0.0,0.0,4.8,28.5,One-time Visitors,3,Engaged Non-Buyers
CUST-102147,2025-02-15,United Kingdom,Mobile,Organic Search,21,132,545.4,0.132,68,10,9,882.85,2,3,0,0.165,1,0.4286,0.9,6.29,88.62,High Value Loyal,2,High Value Loyal Customers
CUST-102148,2025-06-16,United Kingdom,Mobile,Paid Search,16,114,422.5,0.369,62,4,0,0.0,65,4,0,0.315,0,0.0,0.0,7.12,78.23,Product Researchers,0,Product Researchers
CUST-102149,2025-05-18,India,Mobile,Organic Search,1,9,133.6,0.448,4,0,1,44.45,117,0,0,0.177,0,1.0,0.0,9.0,46.72,One-time Visitors,1,Low Engagement / At-Risk Visitors
CUST-102150,2025-05-09,Canada,Mobile,Organic Search,10,77,600.4,0.187,53,3,0,0.0,44,1,1,0.29,1,0.0,0.0,7.7,90.7,Product Researchers,0,Product Researchers
CUST-102151,2025-05-11,United Kingdom,Mobile,Organic Search,5,17,88.7,0.899,7,0,0,0.0,176,2,0,0.109,0,0.0,0.0,3.4,19.75,One-time Visitors,3,Engaged Non-Buyers
CUST-102152,2025-05-19,India,Mobile,Referral,12,85,444.8,0.477,56,2,1,75.59,60,2,0,0.477,1,0.0833,0.5,7.08,74.69,Product Researchers,0,Product Researchers
CUST-102153,2025-04-06,United States,Tablet,Referral,33,161,471.2,0.041,56,7,5,590.52,8,3,1,0.197,1,0.1515,0.7143,4.88,80.01,High Value Loyal,2,High Value Loyal Customers
CUST-102154,2025-01-23,United Kingdom,Desktop,Paid Search,23,129,454.7,0.226,61,8,5,691.3,6,0,2,0.251,1,0.2174,0.625,5.61,78.39,High Value Loyal,2,High Value Loyal Customers
CUST-102155,2025-06-22,United Kingdom,Mobile,Organic Search,25,127,470.1,0.097,64,18,9,1052.08,7,1,0,0.433,1,0.36,0.5,5.08,81.64,High Value Loyal,2,High Value Loyal Customers
CUST-102156,2025-05-20,Germany,Mobile,Direct,15,90,297.7,0.42,43,3,2,104.63,32,1,3,0.618,0,0.1333,0.6667,6.0,61.36,Deal Seekers,4,Engaged Non-Buyers
CUST-102157,2025-05-09,United Kingdom,Mobile,Paid Search,19,95,208.0,0.062,46,3,0,0.0,43,0,0,0.163,1,0.0,0.0,5.0,63.63,Engaged Non-Buyers,0,Product Researchers
CUST-102158,2025-03-20,United States,Mobile,Paid Search,21,96,363.5,0.311,45,4,5,395.8,16,1,0,0.94,1,0.2381,1.0,4.57,63.53,Deal Seekers,4,Engaged Non-Buyers
CUST-102159,2025-04-18,United States,Mobile,Paid Social,3,15,114.4,0.759,3,0,0,0.0,71,0,1,0.084,0,0.0,0.0,5.0,28.28,One-time Visitors,3,Engaged Non-Buyers
CUST-102160,2025-05-29,Canada,Desktop,Organic Search,5,20,113.9,0.841,8,0,0,0.0,55,0,0,0.463,0,0.0,0.0,4.0,24.64,One-time Visitors,3,Engaged Non-Buyers
CUST-102161,2025-02-27,Germany,Tablet,Organic Search,6,26,58.3,0.736,10,1,0,0.0,144,0,0,0.176,0,0.0,0.0,4.33,26.14,One-time Visitors,3,Engaged Non-Buyers
CUST-102162,2025-03-02,India,Mobile,Paid Social,4,22,61.4,0.65,8,1,0,0.0,155,0,0,0.168,0,0.0,0.0,5.5,31.47,One-time Visitors,3,Engaged Non-Buyers
CUST-102163,2025-01-22,United Kingdom,Desktop,Organic Search,13,77,433.1,0.137,42,5,2,155.63,42,1,0,0.895,1,0.1538,0.4,5.92,74.66,Deal Seekers,4,Engaged Non-Buyers
CUST-102164,2025-04-30,France,Mobile,Display,13,76,435.1,0.437,38,2,0,0.0,60,0,0,0.252,1,0.0,0.0,5.85,65.79,Engaged Non-Buyers,0,Product Researchers
CUST-102165,2025-02-24,United States,Desktop,Organic Search,12,82,448.3,0.318,52,0,1,104.62,60,2,0,0.442,1,0.0833,0.0,6.83,76.81,Product Researchers,0,Product Researchers
CUST-102166,2025-04-12,India,Desktop,Direct,17,95,255.4,0.09,41,1,0,0.0,24,1,0,0.303,1,0.0,0.0,5.59,65.59,Engaged Non-Buyers,0,Product Researchers
CUST-102167,2025-03-06,France,Mobile,Paid Search,21,114,446.7,0.186,64,10,7,936.61,8,1,2,0.297,1,0.3333,0.7,5.43,79.34,High Value Loyal,2,High Value Loyal Customers
CUST-102168,2025-03-15,United Kingdom,Mobile,Paid Search,22,137,329.5,0.148,66,10,6,603.99,11,4,1,0.37,1,0.2727,0.6,6.23,77.24,High Value Loyal,2,High Value Loyal Customers
CUST-102169,2025-03-15,Australia,Desktop,Paid Search,37,183,541.9,0.09,64,12,3,377.66,11,4,0,0.431,1,0.0811,0.25,4.95,85.0,High Value Loyal,2,High Value Loyal Customers
CUST-102170,2025-02-03,United Kingdom,Desktop,Direct,2,7,51.4,0.745,5,0,0,0.0,115,0,0,0.102,0,0.0,0.0,3.5,21.42,One-time Visitors,3,Engaged Non-Buyers
CUST-102171,2025-02-24,United States,Mobile,Organic Search,20,120,367.4,0.13,69,15,9,854.24,7,3,2,0.182,1,0.45,0.6,6.0,78.86,High Value Loyal,2,High Value Loyal Customers
CUST-102172,2025-06-29,Netherlands,Mobile,Email,11,99,384.7,0.304,62,1,0,0.0,44,1,0,0.511,1,0.0,0.0,9.0,80.71,Product Researchers,0,Product Researchers
CUST-102173,2025-04-02,United Kingdom,Tablet,Organic Search,14,94,377.0,0.427,56,2,1,67.4,69,3,1,0.363,0,0.0714,0.5,6.71,71.38,Product Researchers,0,Product Researchers
CUST-102174,2025-01-22,United States,Mobile,Referral,11,70,419.7,0.345,41,5,0,0.0,25,2,2,0.306,1,0.0,0.0,6.36,69.87,Product Researchers,0,Product Researchers
CUST-102175,2025-04-30,United Kingdom,Mobile,Referral,18,86,333.6,0.443,44,7,1,67.08,3,1,3,0.471,1,0.0556,0.1429,4.78,59.09,Deal Seekers,4,Engaged Non-Buyers
CUST-102176,2025-04-23,India,Mobile,Paid Social,16,94,408.0,0.278,39,1,0,0.0,25,1,0,0.286,0,0.0,0.0,5.88,68.81,Engaged Non-Buyers,0,Product Researchers
CUST-102177,2025-05-30,India,Tablet,Referral,20,103,314.6,0.159,43,4,0,0.0,38,0,1,0.69,0,0.0,0.0,5.15,66.08,Product Researchers,0,Product Researchers
CUST-102178,2025-04-05,United Kingdom,Mobile,Organic Search,22,108,275.0,0.119,40,10,3,219.5,19,1,0,0.719,1,0.1364,0.3,4.91,63.42,Deal Seekers,4,Engaged Non-Buyers
CUST-102179,2025-01-25,India,Mobile,Organic Search,19,104,425.6,0.418,49,4,1,50.57,54,1,0,0.482,1,0.0526,0.25,5.47,68.0,Product Researchers,0,Product Researchers
CUST-102180,2025-06-13,Canada,Tablet,Paid Social,27,127,527.5,0.216,60,8,5,641.76,3,4,0,0.123,1,0.1852,0.625,4.7,79.13,High Value Loyal,2,High Value Loyal Customers
CUST-102181,2025-04-17,Germany,Mobile,Paid Social,5,18,101.3,0.797,8,0,0,0.0,128,0,0,0.145,0,0.0,0.0,3.6,23.85,One-time Visitors,3,Engaged Non-Buyers
CUST-102182,2025-05-09,Australia,Mobile,Paid Social,17,101,442.7,0.425,37,6,0,0.0,9,1,1,0.884,1,0.0,0.0,5.94,66.45,Deal Seekers,4,Engaged Non-Buyers
CUST-102183,2025-03-17,Canada,Desktop,Paid Social,21,99,522.1,0.455,39,4,0,0.0,58,0,1,0.158,1,0.0,0.0,4.71,66.47,Engaged Non-Buyers,0,Product Researchers
CUST-102184,2025-01-29,United Kingdom,Mobile,Paid Search,26,143,601.9,0.326,60,14,9,1057.45,10,1,1,0.184,1,0.3462,0.6429,5.5,82.49,High Value Loyal,2,High Value Loyal Customers
CUST-102185,2025-01-20,India,Mobile,Paid Search,17,89,381.4,0.114,41,6,3,177.74,34,0,2,0.922,1,0.1765,0.5,5.24,70.21,Deal Seekers,4,Engaged Non-Buyers
CUST-102186,2025-01-18,United Kingdom,Desktop,Direct,14,87,491.4,0.358,32,4,3,165.14,36,2,1,0.706,1,0.2143,0.75,6.21,69.89,Deal Seekers,4,Engaged Non-Buyers
CUST-102187,2025-04-20,United States,Tablet,Organic Search,7,73,426.2,0.41,53,0,1,91.33,10,1,1,0.268,1,0.1429,0.0,10.43,77.36,Product Researchers,0,Product Researchers
CUST-102188,2025-04-02,Netherlands,Desktop,Organic Search,15,98,344.5,0.418,50,4,1,53.14,67,2,0,0.28,1,0.0667,0.25,6.53,67.58,Product Researchers,0,Product Researchers
CUST-102189,2025-06-18,United Kingdom,Mobile,Organic Search,14,95,398.8,0.402,50,1,1,60.04,65,1,0,0.73,0,0.0714,1.0,6.79,71.49,Product Researchers,4,Engaged Non-Buyers
CUST-102190,2025-03-21,India,Tablet,Direct,11,95,488.8,0.509,52,1,0,0.0,41,1,1,0.357,1,0.0,0.0,8.64,77.71,Product Researchers,0,Product Researchers
CUST-102191,2025-06-10,United States,Tablet,Organic Search,2,14,114.5,0.672,12,0,0,0.0,82,0,0,0.315,0,0.0,0.0,7.0,39.49,One-time Visitors,1,Low Engagement / At-Risk Visitors
CUST-102192,2025-05-26,Canada,Desktop,Organic Search,17,74,437.2,0.086,36,3,1,52.04,22,3,0,0.919,1,0.0588,0.3333,4.35,69.38,Deal Seekers,4,Engaged Non-Buyers
CUST-102193,2025-01-28,India,Mobile,Paid Social,13,74,412.3,0.203,37,5,1,42.18,44,2,1,0.7,1,0.0769,0.2,5.69,69.72,Deal Seekers,4,Engaged Non-Buyers
CUST-102194,2025-02-26,United Kingdom,Mobile,Organic Search,17,100,252.6,0.176,43,6,2,103.98,30,3,0,0.732,1,0.1176,0.3333,5.88,64.84,Deal Seekers,4,Engaged Non-Buyers
CUST-102195,2025-01-07,United States,Desktop,Paid Search,32,148,530.6,0.047,65,13,5,431.03,10,2,1,0.564,1,0.1562,0.3846,4.62,84.82,High Value Loyal,2,High Value Loyal Customers
CUST-102196,2025-06-27,United Kingdom,Desktop,Organic Search,2,11,77.2,0.587,7,0,0,0.0,54,0,0,0.154,0,0.0,0.0,5.5,33.54,One-time Visitors,3,Engaged Non-Buyers
CUST-102197,2025-06-28,India,Desktop,Referral,21,109,505.2,0.383,52,5,0,0.0,37,2,0,0.444,1,0.0,0.0,5.19,72.91,Engaged Non-Buyers,0,Product Researchers
CUST-102198,2025-06-09,United Kingdom,Mobile,Paid Search,18,93,324.1,0.21,37,5,0,0.0,53,1,0,0.096,1,0.0,0.0,5.17,63.5,Engaged Non-Buyers,0,Product Researchers
CUST-102199,2025-03-07,United Kingdom,Desktop,Email,19,105,408.0,0.175,40,2,0,0.0,36,5,3,0.524,1,0.0,0.0,5.53,70.6,Engaged Non-Buyers,0,Product Researchers
CUST-102200,2025-05-23,India,Mobile,Paid Social,26,153,627.1,0.042,70,11,3,322.18,10,1,0,0.337,1,0.1154,0.2727,5.88,92.35,High Value Loyal,2,High Value Loyal Customers
CUST-102201,2025-06-21,United States,Tablet,Display,4,18,97.2,0.668,6,0,0,0.0,134,1,0,0.067,0,0.0,0.0,4.5,29.08,One-time Visitors,3,Engaged Non-Buyers
CUST-102202,2025-02-25,India,Desktop,Organic Search,29,175,443.5,0.048,74,18,7,816.82,13,2,1,0.21,1,0.2414,0.3889,6.03,84.84,High Value Loyal,2,High Value Loyal Customers
CUST-102203,2025-05-06,Canada,Tablet,Direct,4,11,84.0,0.928,3,1,0,0.0,50,1,0,0.263,1,0.0,0.0,2.75,15.51,One-time Visitors,3,Engaged Non-Buyers
CUST-102204,2025-06-19,Germany,Mobile,Direct,13,84,620.8,0.329,37,3,0,0.0,23,1,1,0.206,1,0.0,0.0,6.46,78.35,Engaged Non-Buyers,0,Product Researchers
CUST-102205,2025-02-23,Germany,Mobile,Organic Search,16,115,470.0,0.155,55,0,1,99.29,14,0,0,0.328,0,0.0625,0.0,7.19,84.01,Product Researchers,0,Product Researchers
CUST-102206,2025-04-13,India,Desktop,Organic Search,21,118,417.1,0.231,43,3,0,0.0,51,4,1,0.43,1,0.0,0.0,5.62,70.88,Engaged Non-Buyers,0,Product Researchers
CUST-102207,2025-05-15,Canada,Mobile,Organic Search,11,78,581.2,0.175,49,3,0,0.0,61,1,1,0.257,1,0.0,0.0,7.09,86.93,Product Researchers,0,Product Researchers
CUST-102208,2025-05-23,Germany,Desktop,Referral,14,104,502.7,0.28,63,3,1,71.94,10,1,0,0.343,1,0.0714,0.3333,7.43,85.74,Product Researchers,0,Product Researchers
CUST-102209,2025-03-16,Australia,Mobile,Email,16,92,463.7,0.453,40,9,2,103.42,11,1,2,0.913,1,0.125,0.2222,5.75,67.13,Deal Seekers,4,Engaged Non-Buyers
CUST-102210,2025-06-10,Canada,Mobile,Paid Search,1,8,76.7,0.602,5,2,0,0.0,124,0,0,0.268,1,0.0,0.0,8.0,40.33,One-time Visitors,1,Low Engagement / At-Risk Visitors
CUST-102211,2025-03-03,United States,Mobile,Paid Search,11,100,304.6,0.236,60,2,0,0.0,70,4,0,0.498,1,0.0,0.0,9.09,77.79,Product Researchers,0,Product Researchers
CUST-102212,2025-02-01,Netherlands,Tablet,Paid Search,20,112,460.9,0.326,51,1,0,0.0,36,3,0,0.269,1,0.0,0.0,5.6,73.09,Product Researchers,0,Product Researchers
CUST-102213,2025-06-08,United States,Mobile,Paid Social,12,90,284.9,0.154,53,1,0,0.0,23,1,1,0.566,0,0.0,0.0,7.5,75.14,Product Researchers,0,Product Researchers
CUST-102214,2025-06-28,France,Mobile,Organic Search,2,9,141.1,0.64,6,0,0,0.0,98,0,0,0.244,0,0.0,0.0,4.5,31.96,One-time Visitors,3,Engaged Non-Buyers
CUST-102215,2025-02-03,Canada,Mobile,Email,40,206,519.5,0.355,63,10,6,525.53,11,0,0,0.283,1,0.15,0.6,5.15,77.59,High Value Loyal,2,High Value Loyal Customers
CUST-102216,2025-03-14,United Kingdom,Mobile,Organic Search,3,21,99.9,0.804,10,1,0,0.0,58,0,0,0.011,0,0.0,0.0,7.0,34.84,One-time Visitors,1,Low Engagement / At-Risk Visitors
CUST-102217,2025-06-12,United States,Mobile,Organic Search,28,135,431.2,0.153,60,15,3,319.99,14,2,1,0.222,1,0.1071,0.2,4.82,76.26,High Value Loyal,2,High Value Loyal Customers
CUST-102218,2025-06-14,Germany,Mobile,Direct,26,112,351.9,0.124,46,3,0,0.0,24,1,1,0.523,1,0.0,0.0,4.31,67.12,Deal Seekers,0,Product Researchers
CUST-102219,2025-03-09,United Kingdom,Mobile,Organic Search,23,121,383.5,0.03,48,11,9,905.65,5,2,4,0.095,1,0.3913,0.8182,5.26,74.62,High Value Loyal,2,High Value Loyal Customers
CUST-102220,2025-04-07,India,Desktop,Direct,15,86,437.5,0.28,49,1,0,0.0,27,3,1,0.553,0,0.0,0.0,5.73,72.86,Product Researchers,0,Product Researchers
CUST-102221,2025-01-23,United States,Desktop,Paid Search,20,111,751.7,0.218,43,3,0,0.0,47,2,0,0.159,1,0.0,0.0,5.55,80.14,Engaged Non-Buyers,0,Product Researchers
CUST-102222,2025-06-27,United Kingdom,Desktop,Organic Search,18,91,281.9,0.4,34,9,0,0.0,16,0,1,0.724,1,0.0,0.0,5.06,55.37,Deal Seekers,4,Engaged Non-Buyers
CUST-102223,2025-05-11,United Kingdom,Desktop,Paid Social,27,158,360.2,0.196,71,18,9,1181.85,5,4,1,0.224,1,0.3333,0.5,5.85,76.4,High Value Loyal,2,High Value Loyal Customers
CUST-102224,2025-04-22,India,Mobile,Paid Search,13,92,451.6,0.325,56,1,2,210.15,39,1,0,0.635,0,0.1538,1.0,7.08,78.79,Product Researchers,4,Engaged Non-Buyers
CUST-102225,2025-03-12,France,Mobile,Direct,24,124,270.7,0.01,62,18,3,401.02,3,4,1,0.109,1,0.125,0.1667,5.17,73.5,High Value Loyal,2,High Value Loyal Customers
CUST-102226,2025-02-01,United States,Mobile,Direct,18,115,412.1,0.225,57,8,7,433.93,40,2,0,0.733,1,0.3889,0.875,6.39,77.48,Deal Seekers,2,High Value Loyal Customers
CUST-102227,2025-01-06,France,Desktop,Organic Search,13,100,475.8,0.298,61,0,0,0.0,28,1,0,0.258,1,0.0,0.0,7.69,84.16,Product Researchers,0,Product Researchers
CUST-102228,2025-03-10,India,Desktop,Paid Social,26,150,561.3,0.191,76,15,6,804.01,13,3,0,0.34,1,0.2308,0.4,5.77,86.32,High Value Loyal,2,High Value Loyal Customers
CUST-102229,2025-05-10,Netherlands,Tablet,Organic Search,20,107,510.6,0.247,48,5,0,0.0,44,3,1,0.158,1,0.0,0.0,5.35,75.84,Engaged Non-Buyers,0,Product Researchers
CUST-102230,2025-05-17,United Kingdom,Mobile,Paid Social,10,79,385.3,0.295,46,2,1,85.07,38,2,1,0.446,1,0.1,0.5,7.9,75.74,Product Researchers,0,Product Researchers
CUST-102231,2025-02-06,France,Desktop,Direct,7,18,118.5,0.882,7,0,1,52.09,118,0,0,0.131,1,0.1429,0.0,2.57,19.06,One-time Visitors,3,Engaged Non-Buyers
CUST-102232,2025-03-01,United Kingdom,Mobile,Organic Search,32,157,532.2,0.133,70,4,5,269.61,5,0,1,0.26,1,0.1562,1.0,4.91,83.63,High Value Loyal,2,High Value Loyal Customers
CUST-102233,2025-06-04,France,Mobile,Paid Social,19,86,377.4,0.123,35,6,1,53.06,63,1,2,0.319,1,0.0526,0.1667,4.53,65.71,Engaged Non-Buyers,0,Product Researchers
CUST-102234,2025-05-15,United Kingdom,Mobile,Paid Search,18,86,443.3,0.498,36,4,0,0.0,7,2,2,0.889,1,0.0,0.0,4.78,60.71,Deal Seekers,4,Engaged Non-Buyers
CUST-102235,2025-06-12,Canada,Desktop,Organic Search,12,92,466.5,0.268,58,1,2,125.39,48,5,2,0.309,1,0.1667,1.0,7.67,83.43,Product Researchers,4,Engaged Non-Buyers
CUST-102236,2025-04-06,Canada,Desktop,Direct,25,135,484.9,0.048,61,17,6,596.86,13,0,1,0.514,1,0.24,0.3529,5.4,83.68,High Value Loyal,2,High Value Loyal Customers
CUST-102237,2025-02-02,Germany,Mobile,Paid Social,34,169,532.2,0.097,72,10,7,685.19,4,4,1,0.174,1,0.2059,0.7,4.97,84.73,High Value Loyal,2,High Value Loyal Customers
CUST-102238,2025-03-13,United Kingdom,Mobile,Direct,32,154,567.4,0.101,68,16,7,826.39,4,2,0,0.162,1,0.2188,0.4375,4.81,85.88,High Value Loyal,2,High Value Loyal Customers
CUST-102239,2025-01-28,Canada,Mobile,Organic Search,12,68,420.6,0.278,38,3,0,0.0,63,4,1,0.702,1,0.0,0.0,5.67,68.48,Product Researchers,0,Product Researchers
CUST-102240,2025-06-22,France,Mobile,Paid Social,28,147,418.6,0.185,60,10,8,776.2,10,5,1,0.278,1,0.2857,0.8,5.25,76.18,High Value Loyal,2,High Value Loyal Customers
CUST-102241,2025-02-01,United Kingdom,Tablet,Email,7,71,506.1,0.061,57,3,0,0.0,49,1,0,0.193,1,0.0,0.0,10.14,91.33,Product Researchers,0,Product Researchers
CUST-102242,2025-03-12,Germany,Desktop,Referral,13,96,297.9,0.176,49,2,1,61.97,67,2,1,0.774,1,0.0769,0.5,7.38,73.64,Product Researchers,4,Engaged Non-Buyers
CUST-102243,2025-05-31,India,Desktop,Referral,16,88,263.2,0.226,40,6,0,0.0,24,1,1,0.702,1,0.0,0.0,5.5,62.0,Deal Seekers,4,Engaged Non-Buyers
CUST-102244,2025-01-14,United States,Desktop,Paid Search,3,22,107.4,0.64,5,0,0,0.0,141,0,0,0.299,1,0.0,0.0,7.33,38.83,One-time Visitors,1,Low Engagement / At-Risk Visitors
CUST-102245,2025-05-25,Germany,Mobile,Paid Search,25,130,385.9,0.162,62,8,5,452.96,11,3,1,0.058,1,0.2,0.625,5.2,75.58,High Value Loyal,2,High Value Loyal Customers
CUST-102246,2025-04-25,India,Tablet,Organic Search,8,87,414.0,0.45,60,1,1,73.62,25,1,1,0.385,1,0.125,1.0,10.88,77.91,Product Researchers,4,Engaged Non-Buyers
CUST-102247,2025-04-19,United States,Desktop,Email,3,10,119.4,0.558,5,0,0,0.0,139,1,0,0.013,0,0.0,0.0,3.33,28.98,One-time Visitors,3,Engaged Non-Buyers
CUST-102248,2025-05-13,India,Mobile,Direct,6,35,117.9,0.528,9,0,0,0.0,135,0,0,0.171,0,0.0,0.0,5.83,38.68,One-time Visitors,3,Engaged Non-Buyers
CUST-102249,2025-06-12,India,Desktop,Direct,33,183,501.7,0.185,88,12,9,1136.59,2,2,0,0.251,1,0.2727,0.75,5.55,82.8,High Value Loyal,2,High Value Loyal Customers
CUST-102250,2025-03-15,India,Mobile,Display,36,174,509.3,0.037,56,16,6,768.9,2,3,1,0.088,1,0.1667,0.375,4.83,81.88,High Value Loyal,2,High Value Loyal Customers
CUST-102251,2025-02-06,United Kingdom,Desktop,Display,26,137,464.0,0.415,57,16,10,1311.84,1,5,0,0.528,1,0.3846,0.625,5.27,71.83,High Value Loyal,2,High Value Loyal Customers
CUST-102252,2025-05-25,Canada,Mobile,Paid Search,18,133,504.5,0.381,87,12,3,307.54,1,2,2,0.63,1,0.1667,0.25,7.39,83.79,High Value Loyal,2,High Value Loyal Customers
CUST-102253,2025-04-14,United Kingdom,Mobile,Paid Search,12,83,457.0,0.249,49,2,0,0.0,23,1,0,0.528,0,0.0,0.0,6.92,78.33,Product Researchers,0,Product Researchers
CUST-102254,2025-06-28,India,Mobile,Organic Search,13,73,383.2,0.431,35,1,1,79.55,54,1,0,0.257,1,0.0769,1.0,5.62,61.69,Engaged Non-Buyers,4,Engaged Non-Buyers
CUST-102255,2025-06-27,Australia,Desktop,Referral,13,94,347.7,0.157,50,3,0,0.0,17,2,0,0.362,0,0.0,0.0,7.23,76.44,Product Researchers,0,Product Researchers
CUST-102256,2025-06-03,Australia,Desktop,Paid Search,5,20,73.7,0.524,7,0,0,0.0,56,0,0,0.373,1,0.0,0.0,4.0,30.23,One-time Visitors,3,Engaged Non-Buyers
CUST-102257,2025-03-23,France,Mobile,Referral,16,94,390.7,0.453,47,7,2,108.49,19,0,1,0.898,0,0.125,0.2857,5.88,66.03,Deal Seekers,4,Engaged Non-Buyers
CUST-102258,2025-06-16,Germany,Mobile,Direct,17,91,436.5,0.576,47,3,0,0.0,60,1,0,0.419,1,0.0,0.0,5.35,63.62,Engaged Non-Buyers,0,Product Researchers
CUST-102259,2025-01-24,United States,Mobile,Organic Search,13,91,293.9,0.282,48,2,0,0.0,66,1,1,0.261,1,0.0,0.0,7.0,69.28,Product Researchers,0,Product Researchers
CUST-102260,2025-03-18,United Kingdom,Mobile,Direct,19,104,364.4,0.187,40,9,5,271.35,35,1,1,0.722,0,0.2632,0.5556,5.47,67.95,Deal Seekers,4,Engaged Non-Buyers
CUST-102261,2025-06-06,France,Mobile,Organic Search,16,90,395.3,0.329,44,9,2,113.8,34,1,1,0.827,1,0.125,0.2222,5.62,67.65,Deal Seekers,4,Engaged Non-Buyers
CUST-102262,2025-03-09,France,Mobile,Direct,32,133,455.1,0.079,60,14,8,615.03,7,3,0,0.192,1,0.25,0.5714,4.16,77.24,High Value Loyal,2,High Value Loyal Customers
CUST-102263,2025-05-07,United States,Desktop,Email,29,146,419.9,0.065,67,8,6,588.93,9,3,0,0.3,1,0.2069,0.75,5.03,80.11,High Value Loyal,2,High Value Loyal Customers
CUST-102264,2025-05-14,France,Mobile,Organic Search,21,111,433.0,0.157,41,3,1,58.89,46,1,0,0.295,1,0.0476,0.3333,5.29,71.87,Engaged Non-Buyers,0,Product Researchers
CUST-102265,2025-05-01,United States,Mobile,Organic Search,1,5,94.8,0.876,4,1,0,0.0,170,0,0,0.35,0,0.0,0.0,5.0,24.71,One-time Visitors,3,Engaged Non-Buyers
CUST-102266,2025-06-19,United Kingdom,Desktop,Paid Search,30,138,533.0,0.127,59,13,6,536.4,1,3,1,0.346,1,0.2,0.4615,4.6,81.01,High Value Loyal,2,High Value Loyal Customers
CUST-102267,2025-02-18,Netherlands,Mobile,Direct,3,24,146.9,0.662,10,0,0,0.0,83,0,0,0.2,0,0.0,0.0,8.0,43.88,One-time Visitors,1,Low Engagement / At-Risk Visitors
CUST-102268,2025-06-02,United Kingdom,Tablet,Direct,23,119,242.1,0.093,47,2,1,65.61,38,8,0,0.493,1,0.0435,0.5,5.17,65.4,Product Researchers,4,Engaged Non-Buyers
CUST-102269,2025-05-22,Netherlands,Mobile,Paid Social,36,187,511.5,0.547,60,11,6,631.08,13,1,1,0.25,1,0.1667,0.5455,5.19,71.6,High Value Loyal,2,High Value Loyal Customers
CUST-102270,2025-06-03,Germany,Desktop,Email,19,93,457.0,0.239,46,4,1,72.24,25,1,0,0.367,0,0.0526,0.25,4.89,71.31,Engaged Non-Buyers,0,Product Researchers
CUST-102271,2025-05-26,United States,Desktop,Direct,17,106,330.0,0.274,48,5,1,55.42,24,2,0,0.752,1,0.0588,0.2,6.24,68.9,Deal Seekers,4,Engaged Non-Buyers
CUST-102272,2025-04-28,United States,Desktop,Direct,23,102,382.9,0.309,47,2,1,57.74,15,4,0,0.78,1,0.0435,0.5,4.43,64.75,Product Researchers,4,Engaged Non-Buyers
CUST-102273,2025-03-12,India,Tablet,Paid Social,18,106,470.1,0.608,55,4,0,0.0,8,0,0,0.641,0,0.0,0.0,5.89,68.64,Product Researchers,0,Product Researchers
CUST-102274,2025-03-18,United Kingdom,Mobile,Organic Search,16,110,450.6,0.284,54,2,1,89.79,39,1,1,0.367,1,0.0625,0.5,6.88,78.53,Product Researchers,0,Product Researchers
CUST-102275,2025-04-05,France,Desktop,Organic Search,22,104,516.4,0.144,45,5,0,0.0,40,2,0,0.142,1,0.0,0.0,4.73,75.83,Engaged Non-Buyers,0,Product Researchers
CUST-102276,2025-03-14,United Kingdom,Tablet,Organic Search,4,14,130.5,0.874,3,1,0,0.0,118,0,0,0.135,0,0.0,0.0,3.5,21.54,One-time Visitors,3,Engaged Non-Buyers
CUST-102277,2025-05-27,United Kingdom,Desktop,Organic Search,18,103,457.8,0.276,38,6,2,169.19,16,0,1,0.804,0,0.1111,0.3333,5.72,70.57,Deal Seekers,4,Engaged Non-Buyers
CUST-102278,2025-02-04,United Kingdom,Mobile,Organic Search,3,10,72.2,0.801,4,1,0,0.0,159,0,0,0.24,0,0.0,0.0,3.33,20.23,One-time Visitors,3,Engaged Non-Buyers
CUST-102279,2025-05-10,United States,Desktop,Organic Search,11,85,404.1,0.096,58,2,1,72.93,69,2,1,0.352,0,0.0909,0.5,7.73,84.8,Product Researchers,0,Product Researchers
CUST-102280,2025-05-29,United States,Desktop,Paid Search,17,99,327.4,0.138,36,9,3,182.9,38,2,2,0.841,0,0.1765,0.3333,5.82,67.19,Deal Seekers,4,Engaged Non-Buyers
CUST-102281,2025-06-19,United States,Desktop,Organic Search,19,112,464.2,0.061,67,3,0,0.0,52,6,0,0.275,1,0.0,0.0,5.89,85.11,Product Researchers,0,Product Researchers
CUST-102282,2025-06-21,France,Mobile,Paid Search,13,86,371.7,0.329,49,12,1,65.47,8,2,0,0.727,1,0.0769,0.0833,6.62,71.12,Deal Seekers,4,Engaged Non-Buyers
CUST-102283,2025-02-19,United Kingdom,Desktop,Direct,3,16,101.6,0.752,5,1,0,0.0,116,0,1,0.174,0,0.0,0.0,5.33,29.49,One-time Visitors,3,Engaged Non-Buyers
CUST-102284,2025-05-28,United Kingdom,Desktop,Paid Search,18,77,270.5,0.194,44,4,0,0.0,19,3,0,0.892,1,0.0,0.0,4.28,60.59,Deal Seekers,4,Engaged Non-Buyers
CUST-102285,2025-06-20,United Kingdom,Mobile,Organic Search,32,156,451.2,0.065,55,10,6,912.05,3,1,1,0.562,1,0.1875,0.6,4.88,78.1,High Value Loyal,2,High Value Loyal Customers
CUST-102286,2025-02-02,United States,Mobile,Direct,19,103,554.2,0.357,46,5,0,0.0,45,1,5,0.085,1,0.0,0.0,5.42,74.87,Engaged Non-Buyers,0,Product Researchers
CUST-102287,2025-04-11,United Kingdom,Mobile,Direct,12,88,373.8,0.229,39,1,3,210.17,6,3,2,0.82,1,0.25,1.0,7.33,72.87,Deal Seekers,4,Engaged Non-Buyers
CUST-102288,2025-05-25,United States,Desktop,Organic Search,2,14,123.2,0.639,5,1,0,0.0,176,1,0,0.321,0,0.0,0.0,7.0,38.6,One-time Visitors,1,Low Engagement / At-Risk Visitors
CUST-102289,2025-01-19,United Kingdom,Mobile,Direct,16,86,610.7,0.327,42,3,1,58.33,51,3,1,0.548,0,0.0625,0.3333,5.38,76.54,Engaged Non-Buyers,0,Product Researchers
CUST-102290,2025-04-09,United Kingdom,Mobile,Paid Social,2,13,107.5,0.827,5,0,0,0.0,48,0,0,0.342,0,0.0,0.0,6.5,31.55,One-time Visitors,3,Engaged Non-Buyers
CUST-102291,2025-06-14,United Kingdom,Mobile,Organic Search,19,103,455.9,0.219,41,3,1,81.84,12,3,1,0.275,1,0.0526,0.3333,5.42,71.88,Engaged Non-Buyers,0,Product Researchers
CUST-102292,2025-02-06,India,Mobile,Direct,26,97,463.9,0.135,40,6,2,129.27,18,0,0,0.854,1,0.0769,0.3333,3.73,68.79,Deal Seekers,4,Engaged Non-Buyers
CUST-102293,2025-01-05,United Kingdom,Desktop,Paid Social,13,96,365.3,0.288,49,6,1,93.24,9,3,1,0.671,1,0.0769,0.1667,7.38,74.22,Product Researchers,4,Engaged Non-Buyers
CUST-102294,2025-05-30,United Kingdom,Mobile,Paid Search,2,6,91.4,0.837,2,0,0,0.0,142,0,0,0.365,0,0.0,0.0,3.0,18.63,One-time Visitors,3,Engaged Non-Buyers
CUST-102295,2025-01-29,United Kingdom,Tablet,Paid Social,26,153,419.7,0.088,60,12,7,956.05,10,2,1,0.249,1,0.2692,0.5833,5.88,80.65,High Value Loyal,2,High Value Loyal Customers
CUST-102296,2025-03-11,United States,Mobile,Organic Search,19,85,587.1,0.367,30,4,0,0.0,11,2,2,0.201,1,0.0,0.0,4.47,68.39,Engaged Non-Buyers,0,Product Researchers
CUST-102297,2025-02-25,Canada,Desktop,Paid Search,3,10,188.1,0.784,4,1,0,0.0,178,0,0,0.226,0,0.0,0.0,3.33,26.45,One-time Visitors,3,Engaged Non-Buyers
CUST-102298,2025-04-19,United Kingdom,Mobile,Organic Search,4,20,167.9,0.504,6,0,0,0.0,121,0,0,0.165,0,0.0,0.0,5.0,38.27,One-time Visitors,3,Engaged Non-Buyers
CUST-102299,2025-05-02,United Kingdom,Mobile,Paid Search,2,16,121.9,0.854,8,0,0,0.0,111,0,0,0.045,0,0.0,0.0,8.0,37.2,One-time Visitors,1,Low Engagement / At-Risk Visitors
CUST-102300,2025-05-02,United Kingdom,Desktop,Organic Search,18,109,295.8,0.276,49,2,0,0.0,10,3,0,0.688,1,0.0,0.0,6.06,66.89,Product Researchers,0,Product Researchers
CUST-102301,2025-06-27,United States,Mobile,Direct,16,100,419.4,0.361,43,7,1,104.24,3,3,0,0.713,1,0.0625,0.1429,6.25,69.71,Deal Seekers,4,Engaged Non-Buyers
CUST-102302,2025-03-10,United Kingdom,Mobile,Direct,30,157,499.7,0.294,72,18,7,749.21,12,1,4,0.341,1,0.2333,0.3889,5.23,78.99,High Value Loyal,2,High Value Loyal Customers
CUST-102303,2025-01-16,United Kingdom,Mobile,Direct,19,92,315.1,0.28,49,5,3,169.87,6,4,0,0.925,0,0.1579,0.6,4.84,63.98,Deal Seekers,4,Engaged Non-Buyers
CUST-102304,2025-01-26,Canada,Mobile,Display,31,158,711.1,0.28,67,10,7,881.7,10,0,1,0.196,1,0.2258,0.7,5.1,83.94,High Value Loyal,2,High Value Loyal Customers
CUST-102305,2025-01-26,United Kingdom,Mobile,Direct,3,15,125.9,0.904,5,1,0,0.0,147,1,0,0.27,0,0.0,0.0,5.0,25.87,One-time Visitors,3,Engaged Non-Buyers
CUST-102306,2025-06-05,Netherlands,Mobile,Paid Social,25,115,162.9,0.36,46,8,4,229.27,11,1,1,0.765,1,0.16,0.5,4.6,52.68,Deal Seekers,4,Engaged Non-Buyers
CUST-102307,2025-03-13,United States,Mobile,Organic Search,17,103,628.3,0.128,43,2,1,59.77,19,3,0,0.163,0,0.0588,0.5,6.06,83.98,Engaged Non-Buyers,0,Product Researchers
CUST-102308,2025-06-05,United States,Mobile,Direct,32,178,521.7,0.322,60,8,6,805.61,5,2,1,0.395,1,0.1875,0.75,5.56,78.89,High Value Loyal,2,High Value Loyal Customers
CUST-102309,2025-04-15,Canada,Desktop,Organic Search,15,96,445.2,0.26,40,5,4,256.06,21,4,2,0.428,1,0.2667,0.8,6.4,73.06,Deal Seekers,4,Engaged Non-Buyers
CUST-102310,2025-03-23,United States,Mobile,Direct,16,98,419.5,0.37,31,6,0,0.0,16,3,1,0.4,1,0.0,0.0,6.12,65.4,Engaged Non-Buyers,0,Product Researchers
CUST-102311,2025-03-22,Canada,Mobile,Paid Social,4,20,90.4,0.778,6,0,0,0.0,49,0,0,0.27,0,0.0,0.0,5.0,27.55,One-time Visitors,3,Engaged Non-Buyers
CUST-102312,2025-04-24,United Kingdom,Mobile,Paid Search,25,115,611.4,0.358,53,1,0,0.0,32,4,1,0.331,0,0.0,0.0,4.6,76.74,Product Researchers,0,Product Researchers
CUST-102313,2025-06-26,United Kingdom,Mobile,Referral,4,18,74.7,0.924,4,0,0,0.0,45,1,0,0.553,0,0.0,0.0,4.5,20.94,One-time Visitors,3,Engaged Non-Buyers
CUST-102314,2025-01-15,France,Mobile,Direct,15,90,401.7,0.376,50,0,0,0.0,63,1,1,0.43,1,0.0,0.0,6.0,69.83,Product Researchers,0,Product Researchers
CUST-102315,2025-01-19,India,Mobile,Direct,31,154,601.5,0.176,65,12,7,717.96,3,4,1,0.241,1,0.2258,0.5833,4.97,86.13,High Value Loyal,2,High Value Loyal Customers
CUST-102316,2025-04-10,United States,Desktop,Direct,20,103,518.8,0.441,38,1,0,0.0,55,2,1,0.135,1,0.0,0.0,5.15,67.7,Engaged Non-Buyers,0,Product Researchers
CUST-102317,2025-01-17,United Kingdom,Mobile,Direct,18,109,433.7,0.152,58,2,0,0.0,44,2,0,0.504,0,0.0,0.0,6.06,79.65,Engaged Non-Buyers,0,Product Researchers
CUST-102318,2025-01-19,Germany,Mobile,Display,6,19,59.6,0.735,4,1,0,0.0,132,0,1,0.107,0,0.0,0.0,3.17,20.73,One-time Visitors,3,Engaged Non-Buyers
CUST-102319,2025-04-16,India,Tablet,Display,13,70,295.3,0.439,37,5,2,199.0,6,0,0,0.921,1,0.1538,0.4,5.38,57.0,Deal Seekers,4,Engaged Non-Buyers
CUST-102320,2025-04-07,India,Desktop,Organic Search,10,99,478.2,0.413,69,2,1,91.32,44,0,4,0.115,1,0.1,0.5,9.9,83.6,Product Researchers,0,Product Researchers
CUST-102321,2025-01-22,United Kingdom,Mobile,Email,31,145,447.9,0.095,53,15,6,820.07,10,0,0,0.22,1,0.1935,0.4,4.68,75.94,High Value Loyal,2,High Value Loyal Customers
CUST-102322,2025-04-05,United States,Mobile,Paid Search,34,165,468.1,0.09,67,12,10,778.03,4,1,0,0.3,1,0.2941,0.8333,4.85,81.32,High Value Loyal,2,High Value Loyal Customers
CUST-102323,2025-03-19,Australia,Desktop,Paid Search,21,105,439.0,0.246,41,5,0,0.0,50,1,0,0.263,1,0.0,0.0,5.0,69.05,Engaged Non-Buyers,0,Product Researchers
CUST-102324,2025-01-04,United Kingdom,Mobile,Direct,18,111,483.4,0.48,57,1,0,0.0,28,0,1,0.355,1,0.0,0.0,6.17,73.97,Product Researchers,0,Product Researchers
CUST-102325,2025-01-26,Netherlands,Mobile,Organic Search,15,99,400.4,0.37,46,5,4,193.91,42,1,0,0.928,1,0.2667,0.8,6.6,70.55,Deal Seekers,4,Engaged Non-Buyers
CUST-102326,2025-04-03,United States,Tablet,Display,5,20,107.0,0.694,5,1,0,0.0,83,0,0,0.085,0,0.0,0.0,4.0,27.05,One-time Visitors,3,Engaged Non-Buyers
CUST-102327,2025-06-27,India,Mobile,Paid Search,13,87,308.4,0.061,45,0,0,0.0,31,3,1,0.357,1,0.0,0.0,6.69,73.65,Product Researchers,0,Product Researchers
CUST-102328,2025-01-21,United Kingdom,Mobile,Organic Search,2,14,66.1,0.523,5,1,0,0.0,162,0,0,0.451,1,0.0,0.0,7.0,38.65,One-time Visitors,1,Low Engagement / At-Risk Visitors
CUST-102329,2025-03-14,Netherlands,Desktop,Organic Search,27,150,434.8,0.201,67,6,5,699.8,6,3,1,0.237,1,0.1852,0.8333,5.56,79.07,High Value Loyal,2,High Value Loyal Customers
CUST-102330,2025-01-10,India,Desktop,Paid Search,16,111,533.6,0.434,62,3,0,0.0,26,0,1,0.175,1,0.0,0.0,6.94,81.59,Product Researchers,0,Product Researchers
CUST-102331,2025-05-25,United Kingdom,Mobile,Paid Social,20,102,406.3,0.244,47,1,0,0.0,18,4,1,0.214,1,0.0,0.0,5.1,69.62,Product Researchers,0,Product Researchers
CUST-102332,2025-02-21,United States,Mobile,Email,24,119,241.1,0.331,54,11,2,99.02,5,4,0,0.738,1,0.0833,0.1818,4.96,60.9,Deal Seekers,4,Engaged Non-Buyers
CUST-102333,2025-04-30,Canada,Mobile,Display,15,93,410.5,0.565,44,4,2,75.16,41,2,0,0.572,0,0.1333,0.5,6.2,64.31,Deal Seekers,4,Engaged Non-Buyers
CUST-102334,2025-02-11,India,Desktop,Organic Search,14,102,274.0,0.308,59,4,0,0.0,42,2,1,0.306,0,0.0,0.0,7.29,71.93,Engaged Non-Buyers,0,Product Researchers
CUST-102335,2025-01-12,United Kingdom,Mobile,Organic Search,3,14,38.5,0.815,8,0,0,0.0,156,0,0,0.335,0,0.0,0.0,4.67,23.6,One-time Visitors,3,Engaged Non-Buyers
CUST-102336,2025-06-17,United Kingdom,Mobile,Direct,15,88,539.1,0.348,49,2,0,0.0,55,0,1,0.372,0,0.0,0.0,5.87,76.68,Product Researchers,0,Product Researchers
CUST-102337,2025-03-04,United States,Desktop,Paid Search,18,101,366.8,0.288,37,7,1,44.33,16,1,1,0.802,1,0.0556,0.1429,5.61,65.06,Deal Seekers,4,Engaged Non-Buyers
CUST-102338,2025-02-05,United States,Mobile,Organic Search,3,15,156.6,0.508,6,0,1,51.78,95,1,0,0.169,0,0.3333,0.0,5.0,37.59,One-time Visitors,3,Engaged Non-Buyers
CUST-102339,2025-01-04,United Kingdom,Mobile,Display,16,118,401.9,0.084,63,1,0,0.0,22,1,2,0.524,1,0.0,0.0,7.38,85.42,Product Researchers,0,Product Researchers
CUST-102340,2025-01-01,Australia,Mobile,Referral,34,173,575.4,0.135,57,12,6,507.39,13,0,0,0.363,1,0.1765,0.5,5.09,83.82,High Value Loyal,2,High Value Loyal Customers
CUST-102341,2025-01-27,United Kingdom,Desktop,Email,2,12,23.2,0.636,5,0,0,0.0,65,0,0,0.177,1,0.0,0.0,6.0,30.55,One-time Visitors,3,Engaged Non-Buyers
CUST-102342,2025-03-16,United States,Mobile,Paid Search,4,27,119.0,0.799,8,1,0,0.0,53,0,0,0.239,0,0.0,0.0,6.75,34.53,One-time Visitors,3,Engaged Non-Buyers
CUST-102343,2025-02-05,United Kingdom,Mobile,Paid Social,17,78,526.4,0.145,37,1,0,0.0,40,4,1,0.368,1,0.0,0.0,4.59,73.4,Engaged Non-Buyers,0,Product Researchers
CUST-102344,2025-04-06,United Kingdom,Desktop,Direct,14,89,338.6,0.367,48,1,0,0.0,41,1,2,0.453,0,0.0,0.0,6.36,67.38,Engaged Non-Buyers,0,Product Researchers
CUST-102345,2025-04-23,United States,Mobile,Organic Search,34,155,459.8,0.096,56,8,9,964.4,14,3,0,0.274,1,0.2647,1.0,4.56,77.06,High Value Loyal,2,High Value Loyal Customers
CUST-102346,2025-05-12,United Kingdom,Mobile,Referral,18,91,443.3,0.37,33,5,2,153.7,41,2,0,0.753,1,0.1111,0.4,5.06,63.86,Deal Seekers,4,Engaged Non-Buyers
CUST-102347,2025-04-10,United States,Mobile,Organic Search,30,159,484.0,0.168,63,13,6,446.8,3,1,1,0.585,1,0.2,0.4615,5.3,80.94,High Value Loyal,2,High Value Loyal Customers
CUST-102348,2025-01-12,India,Mobile,Email,36,173,404.1,0.209,64,5,8,775.1,12,2,0,0.244,1,0.2222,1.0,4.81,74.7,High Value Loyal,2,High Value Loyal Customers
CUST-102349,2025-01-25,India,Desktop,Paid Search,13,88,511.8,0.157,52,0,0,0.0,48,1,0,0.321,1,0.0,0.0,6.77,83.82,Product Researchers,0,Product Researchers
CUST-102350,2025-06-15,Germany,Mobile,Paid Search,17,115,513.7,0.23,59,8,5,512.39,8,0,1,0.937,1,0.2941,0.625,6.76,84.22,Deal Seekers,4,Engaged Non-Buyers
CUST-102351,2025-04-27,United Kingdom,Mobile,Organic Search,29,135,549.9,0.248,61,16,7,825.13,11,3,1,0.714,1,0.2414,0.4375,4.66,79.6,High Value Loyal,2,High Value Loyal Customers
CUST-102352,2025-04-17,United Kingdom,Desktop,Referral,2,14,76.0,0.753,6,0,1,44.88,74,1,0,0.236,0,0.5,0.0,7.0,33.69,One-time Visitors,1,Low Engagement / At-Risk Visitors
CUST-102353,2025-06-12,India,Mobile,Email,17,88,406.1,0.152,41,0,0,0.0,43,6,1,0.222,0,0.0,0.0,5.18,70.29,Engaged Non-Buyers,0,Product Researchers
CUST-102354,2025-06-11,France,Mobile,Paid Search,18,101,316.4,0.157,46,3,0,0.0,47,1,4,0.051,0,0.0,0.0,5.61,68.59,Engaged Non-Buyers,0,Product Researchers
CUST-102355,2025-04-03,United Kingdom,Desktop,Display,34,170,559.3,0.506,66,8,6,634.46,1,0,3,0.555,1,0.1765,0.75,5.0,75.95,High Value Loyal,2,High Value Loyal Customers
CUST-102356,2025-03-18,Netherlands,Tablet,Email,22,110,254.1,0.331,37,10,1,95.98,44,3,0,0.66,0,0.0455,0.1,5.0,56.43,Deal Seekers,4,Engaged Non-Buyers
CUST-102357,2025-05-04,Germany,Mobile,Referral,39,171,376.2,0.119,63,8,4,583.35,4,3,0,0.164,1,0.1026,0.5,4.38,73.93,High Value Loyal,2,High Value Loyal Customers
CUST-102358,2025-05-06,United States,Mobile,Organic Search,15,90,322.5,0.39,48,2,1,96.25,21,3,1,0.272,0,0.0667,0.5,6.0,64.89,Product Researchers,0,Product Researchers
CUST-102359,2025-01-22,United Kingdom,Mobile,Paid Search,13,88,424.0,0.249,41,6,0,0.0,11,1,1,0.124,1,0.0,0.0,6.77,73.74,Engaged Non-Buyers,0,Product Researchers
CUST-102360,2025-05-08,France,Mobile,Organic Search,16,94,356.4,0.05,39,5,0,0.0,22,2,0,0.834,1,0.0,0.0,5.88,71.93,Deal Seekers,4,Engaged Non-Buyers
CUST-102361,2025-03-21,United Kingdom,Mobile,Organic Search,2,16,96.6,0.607,9,0,0,0.0,93,0,0,0.382,0,0.0,0.0,8.0,42.43,One-time Visitors,1,Low Engagement / At-Risk Visitors
CUST-102362,2025-06-10,France,Mobile,Organic Search,11,96,510.3,0.139,57,4,0,0.0,34,0,0,0.323,1,0.0,0.0,8.73,89.59,Product Researchers,0,Product Researchers
CUST-102363,2025-04-22,Canada,Mobile,Organic Search,13,101,385.5,0.526,66,5,0,0.0,26,2,2,0.52,1,0.0,0.0,7.77,75.4,Product Researchers,0,Product Researchers
CUST-102364,2025-06-13,Canada,Mobile,Direct,23,115,444.9,0.277,42,3,2,158.3,49,1,1,0.239,1,0.087,0.6667,5.0,68.86,Engaged Non-Buyers,4,Engaged Non-Buyers
CUST-102365,2025-01-05,United Kingdom,Desktop,Referral,22,107,355.6,0.292,46,6,3,182.79,16,0,1,0.517,1,0.1364,0.5,4.86,64.83,Deal Seekers,4,Engaged Non-Buyers
CUST-102366,2025-06-29,United Kingdom,Mobile,Direct,20,107,286.9,0.707,47,7,1,38.87,7,2,3,0.68,1,0.05,0.1429,5.35,52.85,Deal Seekers,4,Engaged Non-Buyers
CUST-102367,2025-03-25,United States,Mobile,Paid Search,1,6,64.4,0.827,4,0,0,0.0,173,0,0,0.139,0,0.0,0.0,6.0,27.52,One-time Visitors,3,Engaged Non-Buyers
CUST-102368,2025-05-20,Canada,Mobile,Paid Search,30,170,363.6,0.23,68,15,8,1123.47,3,0,4,0.224,1,0.2667,0.5333,5.67,75.13,High Value Loyal,2,High Value Loyal Customers
CUST-102369,2025-06-07,India,Mobile,Referral,38,180,626.2,0.101,66,11,5,470.89,13,3,1,0.639,1,0.1316,0.4545,4.74,87.28,High Value Loyal,2,High Value Loyal Customers
CUST-102370,2025-03-03,Canada,Mobile,Paid Social,14,93,363.3,0.299,53,1,0,0.0,45,4,2,0.172,1,0.0,0.0,6.64,72.75,Product Researchers,0,Product Researchers
CUST-102371,2025-02-19,Australia,Tablet,Organic Search,11,79,492.2,0.511,48,0,1,93.47,27,3,1,0.41,1,0.0909,0.0,7.18,74.06,Product Researchers,0,Product Researchers
CUST-102372,2025-02-24,India,Mobile,Organic Search,17,105,357.5,0.434,49,4,2,154.58,43,3,3,0.5,1,0.1176,0.5,6.18,66.41,Deal Seekers,4,Engaged Non-Buyers
CUST-102373,2025-03-16,United States,Desktop,Organic Search,16,72,498.2,0.189,31,6,2,173.85,31,1,1,0.558,1,0.125,0.3333,4.5,68.78,Deal Seekers,4,Engaged Non-Buyers
CUST-102374,2025-04-26,India,Tablet,Paid Social,20,92,619.6,0.154,43,5,1,55.07,60,0,0,0.139,1,0.05,0.2,4.6,78.75,Engaged Non-Buyers,0,Product Researchers
CUST-102375,2025-04-20,Germany,Mobile,Organic Search,21,119,342.4,0.527,60,1,1,59.67,38,0,1,0.218,1,0.0476,1.0,5.67,65.12,Product Researchers,4,Engaged Non-Buyers
CUST-102376,2025-02-07,United Kingdom,Tablet,Paid Search,23,99,322.1,0.524,37,2,2,109.43,9,2,0,0.721,1,0.087,1.0,4.3,52.85,Deal Seekers,4,Engaged Non-Buyers
CUST-102377,2025-02-28,United States,Mobile,Direct,2,13,60.9,0.59,10,0,0,0.0,107,0,0,0.091,0,0.0,0.0,6.5,36.68,One-time Visitors,3,Engaged Non-Buyers
CUST-102378,2025-04-04,United Kingdom,Mobile,Organic Search,23,96,451.4,0.214,40,2,0,0.0,37,2,1,0.227,1,0.0,0.0,4.17,67.58,Engaged Non-Buyers,0,Product Researchers
CUST-102379,2025-04-19,India,Mobile,Paid Search,2,8,101.3,0.941,5,0,0,0.0,52,0,0,0.046,0,0.0,0.0,4.0,20.58,One-time Visitors,3,Engaged Non-Buyers
CUST-102380,2025-03-23,Australia,Tablet,Direct,19,87,475.6,0.484,42,3,0,0.0,62,1,2,0.348,1,0.0,0.0,4.58,63.9,Engaged Non-Buyers,0,Product Researchers
CUST-102381,2025-02-04,United Kingdom,Desktop,Organic Search,24,141,378.3,0.06,66,15,3,460.92,13,2,1,0.382,1,0.125,0.2,5.88,80.78,High Value Loyal,2,High Value Loyal Customers
CUST-102382,2025-05-01,Germany,Mobile,Email,16,106,367.5,0.375,65,4,0,0.0,73,3,0,0.199,1,0.0,0.0,6.62,74.71,Product Researchers,0,Product Researchers
CUST-102383,2025-06-25,United States,Desktop,Organic Search,3,14,160.1,0.441,2,0,0,0.0,102,0,0,0.612,0,0.0,0.0,4.67,37.18,One-time Visitors,3,Engaged Non-Buyers
CUST-102384,2025-06-16,United Kingdom,Mobile,Direct,15,81,483.0,0.149,44,1,0,0.0,63,2,1,0.306,1,0.0,0.0,5.4,75.85,Engaged Non-Buyers,0,Product Researchers
CUST-102385,2025-03-10,United Kingdom,Mobile,Direct,20,91,243.5,0.356,42,4,2,80.26,37,2,0,0.706,1,0.1,0.5,4.55,55.42,Deal Seekers,4,Engaged Non-Buyers
CUST-102386,2025-04-18,Australia,Mobile,Paid Social,3,17,128.9,0.749,7,0,0,0.0,90,0,0,0.236,0,0.0,0.0,5.67,32.58,One-time Visitors,3,Engaged Non-Buyers
CUST-102387,2025-06-08,United Kingdom,Desktop,Organic Search,19,93,348.6,0.209,38,6,2,119.34,17,1,3,0.854,1,0.1053,0.3333,4.89,64.19,Deal Seekers,4,Engaged Non-Buyers
CUST-102388,2025-05-18,India,Mobile,Organic Search,19,107,341.6,0.384,46,2,0,0.0,66,1,3,0.851,1,0.0,0.0,5.63,64.22,Product Researchers,0,Product Researchers
CUST-102389,2025-04-28,United Kingdom,Mobile,Paid Search,3,17,104.6,0.515,7,0,0,0.0,86,0,0,0.244,0,0.0,0.0,5.67,37.22,One-time Visitors,3,Engaged Non-Buyers
CUST-102390,2025-04-26,United Kingdom,Mobile,Direct,4,27,128.7,0.521,12,0,0,0.0,134,0,0,0.398,0,0.0,0.0,6.75,43.19,One-time Visitors,1,Low Engagement / At-Risk Visitors
CUST-102391,2025-02-22,Australia,Mobile,Organic Search,40,188,500.4,0.126,53,9,9,1372.66,5,2,2,0.095,1,0.225,1.0,4.7,77.87,High Value Loyal,2,High Value Loyal Customers
CUST-102392,2025-03-03,United Kingdom,Desktop,Paid Search,18,103,330.1,0.377,47,5,0,0.0,15,2,1,0.781,1,0.0,0.0,5.72,64.42,Deal Seekers,4,Engaged Non-Buyers
CUST-102393,2025-02-08,United States,Mobile,Display,17,101,387.6,0.132,48,5,0,0.0,30,1,0,0.52,1,0.0,0.0,5.94,74.41,Engaged Non-Buyers,0,Product Researchers
CUST-102394,2025-06-16,India,Mobile,Paid Search,17,108,312.9,0.351,54,1,1,69.75,11,2,1,0.334,1,0.0588,1.0,6.35,68.34,Product Researchers,4,Engaged Non-Buyers
CUST-102395,2025-06-16,India,Mobile,Organic Search,10,63,344.9,0.105,47,3,2,159.09,11,4,3,0.463,0,0.2,0.6667,6.3,73.77,Product Researchers,4,Engaged Non-Buyers
CUST-102396,2025-06-16,India,Mobile,Paid Search,19,102,344.9,0.576,36,5,2,111.53,17,1,1,0.765,1,0.1053,0.4,5.37,55.7,Deal Seekers,4,Engaged Non-Buyers
CUST-102397,2025-04-09,Canada,Mobile,Organic Search,14,114,330.2,0.255,65,0,1,90.8,25,4,0,0.384,0,0.0714,0.0,8.14,80.13,Product Researchers,0,Product Researchers
CUST-102398,2025-03-21,Canada,Mobile,Paid Search,17,112,182.9,0.443,47,11,6,335.16,34,1,0,0.797,0,0.3529,0.5455,6.59,58.11,Deal Seekers,4,Engaged Non-Buyers
CUST-102399,2025-05-27,United States,Mobile,Paid Social,32,162,454.3,0.177,57,12,5,598.88,9,2,1,0.361,1,0.1562,0.4167,5.06,76.66,High Value Loyal,2,High Value Loyal Customers
CUST-102400,2025-01-07,India,Mobile,Paid Social,26,114,302.1,0.365,37,5,6,326.8,30,2,1,0.728,1,0.2308,1.0,4.38,56.08,Deal Seekers,4,Engaged Non-Buyers
CUST-102401,2025-05-18,Australia,Mobile,Paid Search,6,74,381.8,0.174,57,2,0,0.0,52,1,0,0.682,1,0.0,0.0,12.33,82.29,Product Researchers,0,Product Researchers
CUST-102402,2025-02-12,France,Mobile,Email,17,107,568.1,0.413,53,2,0,0.0,23,3,1,0.254,1,0.0,0.0,6.29,79.06,Product Researchers,0,Product Researchers
CUST-102403,2025-03-16,Germany,Mobile,Referral,18,102,513.0,0.193,50,0,1,62.6,54,3,1,0.56,1,0.0556,0.0,5.67,78.92,Product Researchers,0,Product Researchers
CUST-102404,2025-06-17,United Kingdom,Mobile,Email,17,94,355.2,0.291,46,6,1,60.74,6,4,1,0.685,1,0.0588,0.1667,5.53,66.91,Deal Seekers,4,Engaged Non-Buyers
CUST-102405,2025-05-12,India,Tablet,Paid Search,10,81,441.6,0.229,52,1,1,50.69,16,1,0,0.307,1,0.1,1.0,8.1,82.35,Product Researchers,4,Engaged Non-Buyers
CUST-102406,2025-01-21,Netherlands,Desktop,Organic Search,12,72,442.5,0.265,39,6,0,0.0,8,1,2,0.302,1,0.0,0.0,6.0,71.25,Engaged Non-Buyers,0,Product Researchers
CUST-102407,2025-05-31,Netherlands,Mobile,Organic Search,13,90,568.1,0.507,51,4,0,0.0,45,2,1,0.272,1,0.0,0.0,6.92,78.07,Engaged Non-Buyers,0,Product Researchers
CUST-102408,2025-06-26,France,Mobile,Organic Search,23,92,332.5,0.415,40,2,1,58.21,23,2,1,0.341,1,0.0435,0.5,4.0,56.05,Engaged Non-Buyers,4,Engaged Non-Buyers
CUST-102409,2025-03-15,United Kingdom,Mobile,Organic Search,20,114,268.5,0.504,46,7,3,143.48,6,5,1,0.591,1,0.15,0.4286,5.7,57.79,Deal Seekers,4,Engaged Non-Buyers
CUST-102410,2025-05-05,Germany,Mobile,Paid Social,3,8,124.2,0.627,4,1,0,0.0,165,1,0,0.157,0,0.0,0.0,2.67,25.1,One-time Visitors,3,Engaged Non-Buyers
CUST-102411,2025-04-08,Netherlands,Tablet,Email,4,14,69.3,0.559,5,1,0,0.0,116,0,0,0.371,0,0.0,0.0,3.5,26.96,One-time Visitors,3,Engaged Non-Buyers
CUST-102412,2025-02-02,Netherlands,Mobile,Paid Search,20,112,359.9,0.238,55,5,0,0.0,23,3,1,0.576,1,0.0,0.0,5.6,71.48,Deal Seekers,0,Product Researchers
CUST-102413,2025-06-15,United States,Tablet,Organic Search,9,94,384.3,0.201,62,1,0,0.0,17,3,2,0.254,0,0.0,0.0,10.44,83.27,Product Researchers,0,Product Researchers
CUST-102414,2025-05-30,United Kingdom,Mobile,Paid Social,22,107,446.8,0.131,48,4,0,0.0,9,1,1,0.534,1,0.0,0.0,4.86,74.05,Engaged Non-Buyers,0,Product Researchers
CUST-102415,2025-01-23,United States,Mobile,Direct,6,27,110.9,0.5,9,0,0,0.0,47,0,0,0.617,1,0.0,0.0,4.5,34.89,One-time Visitors,3,Engaged Non-Buyers
CUST-102416,2025-02-16,India,Mobile,Direct,2,10,169.1,0.889,4,0,0,0.0,101,0,0,0.321,0,0.0,0.0,5.0,28.09,One-time Visitors,3,Engaged Non-Buyers
CUST-102417,2025-02-20,United Kingdom,Mobile,Paid Search,30,149,488.5,0.105,60,12,7,582.85,8,1,2,0.186,1,0.2333,0.5833,4.97,80.79,High Value Loyal,2,High Value Loyal Customers
CUST-102418,2025-01-25,Australia,Mobile,Referral,25,136,580.7,0.152,64,10,4,370.18,14,3,1,0.239,1,0.16,0.4,5.44,86.92,High Value Loyal,2,High Value Loyal Customers
CUST-102419,2025-03-14,United Kingdom,Mobile,Email,3,11,161.8,0.729,3,0,1,31.97,127,0,0,0.428,0,0.3333,0.0,3.67,27.25,One-time Visitors,3,Engaged Non-Buyers
CUST-102420,2025-05-13,United Kingdom,Desktop,Organic Search,24,131,415.5,0.457,50,0,1,75.45,46,1,0,0.159,1,0.0417,0.0,5.46,66.79,Product Researchers,0,Product Researchers
CUST-102421,2025-02-03,United Kingdom,Mobile,Direct,10,77,399.6,0.231,46,4,3,237.31,27,0,1,0.813,1,0.3,0.75,7.7,77.42,Deal Seekers,4,Engaged Non-Buyers
CUST-102422,2025-05-15,Australia,Mobile,Paid Social,28,142,468.7,0.034,65,10,7,966.16,11,2,1,0.44,1,0.25,0.7,5.07,83.43,High Value Loyal,2,High Value Loyal Customers
CUST-102423,2025-05-14,Netherlands,Mobile,Email,22,92,389.7,0.317,39,7,1,83.29,6,0,0,0.702,1,0.0455,0.1429,4.18,61.62,Deal Seekers,4,Engaged Non-Buyers
CUST-102424,2025-01-11,United States,Mobile,Paid Search,3,20,123.6,0.658,6,0,0,0.0,102,0,1,0.612,1,0.0,0.0,6.67,37.4,One-time Visitors,1,Low Engagement / At-Risk Visitors
CUST-102425,2025-01-30,India,Mobile,Direct,14,102,359.1,0.232,59,2,2,150.05,61,3,0,0.313,1,0.1429,1.0,7.29,78.08,Product Researchers,4,Engaged Non-Buyers
CUST-102426,2025-05-03,United States,Mobile,Organic Search,6,29,62.8,0.74,12,1,0,0.0,98,1,0,0.156,0,0.0,0.0,4.83,28.45,One-time Visitors,3,Engaged Non-Buyers
CUST-102427,2025-03-09,India,Mobile,Paid Search,25,144,456.4,0.229,60,16,6,598.12,10,1,0,0.254,1,0.24,0.375,5.76,78.56,High Value Loyal,2,High Value Loyal Customers
CUST-102428,2025-03-28,Australia,Desktop,Referral,1,8,119.6,0.572,5,0,0,0.0,166,1,0,0.22,0,0.0,0.0,8.0,43.23,One-time Visitors,1,Low Engagement / At-Risk Visitors
CUST-102429,2025-05-09,France,Desktop,Organic Search,32,160,463.8,0.166,59,12,10,992.35,2,1,2,0.391,1,0.3125,0.8333,5.0,77.81,High Value Loyal,2,High Value Loyal Customers
CUST-102430,2025-05-17,United Kingdom,Mobile,Organic Search,13,81,501.8,0.154,45,0,0,0.0,64,1,2,0.144,1,0.0,0.0,6.23,79.56,Engaged Non-Buyers,0,Product Researchers
CUST-102431,2025-03-14,Canada,Mobile,Paid Social,19,101,287.7,0.224,42,6,3,151.4,27,1,4,0.542,1,0.1579,0.5,5.32,63.32,Deal Seekers,4,Engaged Non-Buyers
CUST-102432,2025-04-02,United Kingdom,Tablet,Paid Search,29,142,407.4,0.167,61,19,8,495.67,1,1,0,0.08,1,0.2759,0.4211,4.9,75.26,High Value Loyal,2,High Value Loyal Customers
CUST-102433,2025-03-22,India,Desktop,Email,4,18,134.8,0.885,4,0,1,45.07,75,0,0,0.132,0,0.25,0.0,4.5,24.91,One-time Visitors,3,Engaged Non-Buyers
CUST-102434,2025-03-05,Australia,Mobile,Direct,29,143,312.8,0.232,45,2,1,55.48,34,2,1,0.859,1,0.0345,0.5,4.93,64.1,Deal Seekers,4,Engaged Non-Buyers
CUST-102435,2025-02-25,United States,Mobile,Email,11,87,516.7,0.54,48,2,2,142.81,16,1,0,0.13,1,0.1818,1.0,7.91,76.83,Product Researchers,4,Engaged Non-Buyers
CUST-102436,2025-05-13,United Kingdom,Mobile,Paid Social,30,155,550.2,0.23,61,15,6,527.68,12,4,2,0.537,1,0.2,0.4,5.17,81.68,High Value Loyal,2,High Value Loyal Customers
CUST-102437,2025-01-24,India,Mobile,Paid Social,14,113,360.4,0.392,55,3,1,70.2,26,3,0,0.711,1,0.0714,0.3333,8.07,75.14,Deal Seekers,4,Engaged Non-Buyers
CUST-102438,2025-05-14,United Kingdom,Mobile,Direct,13,86,635.5,0.206,49,1,0,0.0,15,1,1,0.619,1,0.0,0.0,6.62,85.61,Product Researchers,0,Product Researchers
CUST-102439,2025-06-15,India,Tablet,Paid Social,23,116,336.7,0.423,40,4,1,67.96,18,2,1,0.935,0,0.0435,0.25,5.04,59.34,Deal Seekers,4,Engaged Non-Buyers
CUST-102440,2025-04-20,United States,Tablet,Display,12,100,541.1,0.299,62,1,0,0.0,50,1,3,0.575,1,0.0,0.0,8.33,88.67,Product Researchers,0,Product Researchers
CUST-102441,2025-06-28,United Kingdom,Desktop,Organic Search,14,92,361.7,0.346,51,5,2,146.65,39,4,0,0.491,0,0.1429,0.4,6.57,70.65,Deal Seekers,4,Engaged Non-Buyers
CUST-102442,2025-04-13,United States,Tablet,Paid Search,20,104,589.2,0.225,50,1,0,0.0,16,3,0,0.555,0,0.0,0.0,5.2,80.48,Product Researchers,0,Product Researchers
CUST-102443,2025-03-25,United Kingdom,Tablet,Organic Search,34,170,647.9,0.2,58,14,7,637.9,3,2,2,0.199,1,0.2059,0.5,5.0,83.46,High Value Loyal,2,High Value Loyal Customers
CUST-102444,2025-03-10,United Kingdom,Mobile,Paid Search,13,71,422.2,0.063,46,2,1,59.79,53,1,1,0.293,0,0.0769,0.5,5.46,75.76,Product Researchers,0,Product Researchers
CUST-102445,2025-04-18,United States,Mobile,Email,2,10,79.0,0.876,6,1,0,0.0,118,0,0,0.247,0,0.0,0.0,5.0,24.51,One-time Visitors,3,Engaged Non-Buyers
CUST-102446,2025-04-11,India,Mobile,Organic Search,18,111,431.4,0.215,42,2,1,81.86,30,3,0,0.177,1,0.0556,0.5,6.17,73.4,Engaged Non-Buyers,0,Product Researchers
CUST-102447,2025-03-29,United States,Mobile,Paid Search,2,11,83.9,0.82,5,0,0,0.0,101,1,0,0.144,0,0.0,0.0,5.5,27.41,One-time Visitors,3,Engaged Non-Buyers
CUST-102448,2025-05-11,France,Desktop,Paid Social,27,166,580.7,0.184,75,11,8,897.98,14,1,2,0.265,1,0.2963,0.7273,6.15,88.65,High Value Loyal,2,High Value Loyal Customers
CUST-102449,2025-05-23,Netherlands,Desktop,Paid Search,17,122,377.9,0.157,56,3,2,117.53,67,4,0,0.291,1,0.1176,0.6667,7.18,79.62,Product Researchers,4,Engaged Non-Buyers
CUST-102450,2025-04-21,United Kingdom,Tablet,Organic Search,4,23,141.0,0.603,9,0,0,0.0,175,0,0,0.463,0,0.0,0.0,5.75,37.72,One-time Visitors,3,Engaged Non-Buyers
CUST-102451,2025-02-28,India,Desktop,Direct,4,10,125.9,0.567,3,0,1,80.06,149,0,0,0.204,0,0.25,0.0,2.5,25.85,One-time Visitors,3,Engaged Non-Buyers
CUST-102452,2025-06-24,India,Mobile,Direct,20,145,535.3,0.119,77,13,8,810.03,11,4,0,0.137,1,0.4,0.6154,7.25,91.46,High Value Loyal,2,High Value Loyal Customers
CUST-102453,2025-05-31,France,Tablet,Organic Search,26,115,569.2,0.173,58,14,10,901.76,11,4,2,0.261,1,0.3846,0.7143,4.42,80.8,High Value Loyal,2,High Value Loyal Customers
CUST-102454,2025-02-24,United States,Mobile,Paid Search,15,94,573.7,0.448,51,2,1,59.03,42,3,0,0.505,1,0.0667,0.5,6.27,77.76,Product Researchers,0,Product Researchers
CUST-102455,2025-01-25,United States,Desktop,Display,14,103,454.7,0.131,50,0,0,0.0,63,3,0,0.23,0,0.0,0.0,7.36,82.85,Product Researchers,0,Product Researchers
CUST-102456,2025-04-19,India,Mobile,Paid Search,32,176,513.3,0.108,75,15,4,426.76,13,2,0,0.112,1,0.125,0.2667,5.5,85.15,High Value Loyal,2,High Value Loyal Customers
CUST-102457,2025-01-31,United Kingdom,Mobile,Organic Search,14,81,235.0,0.522,40,8,1,75.83,13,2,0,0.723,1,0.0714,0.125,5.79,54.08,Deal Seekers,4,Engaged Non-Buyers
CUST-102458,2025-05-29,Germany,Mobile,Direct,21,96,288.2,0.364,33,8,2,101.18,32,2,1,0.737,1,0.0952,0.25,4.57,54.74,Deal Seekers,4,Engaged Non-Buyers
CUST-102459,2025-01-26,United Kingdom,Desktop,Display,2,11,144.4,0.799,5,0,0,0.0,142,1,0,0.481,1,0.0,0.0,5.5,30.97,One-time Visitors,3,Engaged Non-Buyers
CUST-102460,2025-03-28,Netherlands,Mobile,Paid Search,15,79,361.9,0.113,34,7,0,0.0,25,2,0,0.817,1,0.0,0.0,5.27,67.19,Deal Seekers,4,Engaged Non-Buyers
CUST-102461,2025-03-10,United States,Mobile,Paid Search,3,14,99.5,0.794,8,0,0,0.0,170,1,0,0.426,0,0.0,0.0,4.67,27.17,One-time Visitors,3,Engaged Non-Buyers
CUST-102462,2025-04-18,India,Mobile,Paid Social,10,80,389.9,0.215,46,4,0,0.0,31,0,2,0.21,1,0.0,0.0,8.0,78.27,Engaged Non-Buyers,0,Product Researchers
CUST-102463,2025-05-05,India,Desktop,Paid Search,27,128,305.8,0.249,40,4,0,0.0,25,0,2,0.694,1,0.0,0.0,4.74,61.18,Deal Seekers,0,Product Researchers
CUST-102464,2025-05-10,United Kingdom,Desktop,Paid Social,15,91,628.6,0.26,49,3,0,0.0,18,2,1,0.058,0,0.0,0.0,6.07,82.55,Engaged Non-Buyers,0,Product Researchers
CUST-102465,2025-05-09,India,Desktop,Referral,31,160,559.6,0.106,68,14,6,602.14,2,0,0,0.655,1,0.1935,0.4286,5.16,86.47,High Value Loyal,2,High Value Loyal Customers
CUST-102466,2025-04-09,United Kingdom,Mobile,Display,14,83,388.0,0.355,44,3,0,0.0,17,2,2,0.594,0,0.0,0.0,5.93,67.6,Product Researchers,0,Product Researchers
CUST-102467,2025-02-21,United Kingdom,Mobile,Direct,21,133,514.5,0.181,75,12,9,1009.44,3,0,0,0.421,1,0.4286,0.75,6.33,86.0,High Value Loyal,2,High Value Loyal Customers
CUST-102468,2025-02-26,United Kingdom,Mobile,Organic Search,16,90,339.5,0.197,46,4,5,324.59,13,2,1,0.683,1,0.3125,1.0,5.62,68.78,Deal Seekers,4,Engaged Non-Buyers
CUST-102469,2025-05-27,United Kingdom,Desktop,Paid Search,19,99,341.9,0.243,42,4,4,269.01,19,4,2,0.708,1,0.2105,1.0,5.21,65.23,Deal Seekers,4,Engaged Non-Buyers
CUST-102470,2025-04-28,United States,Mobile,Display,4,17,70.9,0.403,8,1,0,0.0,58,0,0,0.165,0,0.0,0.0,4.25,34.22,One-time Visitors,3,Engaged Non-Buyers
CUST-102471,2025-03-04,United Kingdom,Mobile,Direct,26,132,387.4,0.508,42,1,0,0.0,37,4,1,0.172,1,0.0,0.0,5.08,60.46,Engaged Non-Buyers,0,Product Researchers
CUST-102472,2025-06-07,United Kingdom,Mobile,Organic Search,15,95,493.3,0.19,56,9,1,49.0,27,3,0,0.577,1,0.0667,0.1111,6.33,81.94,Deal Seekers,0,Product Researchers
CUST-102473,2025-06-09,United Kingdom,Mobile,Display,19,107,336.6,0.18,56,4,3,125.28,11,2,1,0.744,0,0.1579,0.75,5.63,72.15,Deal Seekers,4,Engaged Non-Buyers
CUST-102474,2025-04-07,United Kingdom,Mobile,Paid Search,17,94,416.4,0.287,45,0,0,0.0,29,3,0,0.567,1,0.0,0.0,5.53,69.78,Engaged Non-Buyers,0,Product Researchers
CUST-102475,2025-04-03,United Kingdom,Mobile,Organic Search,12,79,369.6,0.563,44,3,2,135.54,16,1,1,0.425,1,0.1667,0.6667,6.58,63.51,Deal Seekers,4,Engaged Non-Buyers
CUST-102476,2025-05-13,United Kingdom,Mobile,Paid Search,15,98,524.2,0.421,48,3,0,0.0,54,2,1,0.704,1,0.0,0.0,6.53,75.88,Product Researchers,0,Product Researchers
CUST-102477,2025-05-05,Canada,Desktop,Organic Search,3,14,64.4,0.822,6,0,0,0.0,97,1,0,0.427,1,0.0,0.0,4.67,24.09,One-time Visitors,3,Engaged Non-Buyers
CUST-102478,2025-04-26,United Kingdom,Desktop,Paid Search,3,12,102.0,0.852,3,0,0,0.0,146,0,0,0.056,0,0.0,0.0,4.0,22.22,One-time Visitors,3,Engaged Non-Buyers
CUST-102479,2025-01-10,India,Mobile,Organic Search,26,135,550.4,0.178,58,7,8,764.52,9,2,2,0.259,1,0.3077,1.0,5.19,82.14,High Value Loyal,2,High Value Loyal Customers
CUST-102480,2025-02-28,United States,Mobile,Email,20,96,264.9,0.528,35,5,2,184.61,44,2,1,0.85,1,0.1,0.4,4.8,50.82,Deal Seekers,4,Engaged Non-Buyers
CUST-102481,2025-02-04,United Kingdom,Desktop,Direct,35,156,377.2,0.31,60,13,3,212.95,7,5,0,0.62,1,0.0857,0.2308,4.46,68.5,High Value Loyal,4,Engaged Non-Buyers
CUST-102482,2025-04-19,Germany,Mobile,Organic Search,4,23,119.0,0.726,4,0,1,38.74,87,0,0,0.181,0,0.25,0.0,5.75,32.01,One-time Visitors,3,Engaged Non-Buyers
CUST-102483,2025-05-23,India,Tablet,Organic Search,3,20,99.6,0.755,5,0,0,0.0,59,0,0,0.24,0,0.0,0.0,6.67,33.47,One-time Visitors,3,Engaged Non-Buyers
CUST-102484,2025-02-24,France,Mobile,Direct,23,94,721.2,0.156,24,3,1,78.16,9,2,0,0.207,0,0.0435,0.3333,4.09,71.27,Engaged Non-Buyers,0,Product Researchers
CUST-102485,2025-03-09,France,Desktop,Paid Social,21,119,477.5,0.365,60,3,0,0.0,50,1,3,0.791,1,0.0,0.0,5.67,75.93,Product Researchers,0,Product Researchers
CUST-102486,2025-05-28,United States,Desktop,Paid Search,31,188,320.0,0.235,77,14,4,377.88,2,3,0,0.279,1,0.129,0.2857,6.06,74.06,High Value Loyal,2,High Value Loyal Customers
CUST-102487,2025-05-31,India,Mobile,Referral,22,118,479.3,0.408,41,4,0,0.0,47,0,0,0.068,1,0.0,0.0,5.36,68.14,Engaged Non-Buyers,0,Product Researchers
CUST-102488,2025-04-16,France,Tablet,Direct,29,153,439.5,0.398,65,9,9,907.38,7,2,0,0.093,1,0.3103,1.0,5.28,73.51,High Value Loyal,2,High Value Loyal Customers
CUST-102489,2025-03-17,Netherlands,Desktop,Email,19,109,254.7,0.386,41,4,1,60.63,15,3,3,0.54,1,0.0526,0.25,5.74,58.62,Deal Seekers,4,Engaged Non-Buyers
CUST-102490,2025-06-13,India,Mobile,Organic Search,34,174,518.6,0.247,56,12,12,1624.97,13,2,0,0.199,1,0.3529,1.0,5.12,77.97,High Value Loyal,2,High Value Loyal Customers
CUST-102491,2025-06-07,United States,Mobile,Organic Search,13,105,345.1,0.215,58,0,0,0.0,67,2,0,0.311,1,0.0,0.0,8.08,79.73,Product Researchers,0,Product Researchers
CUST-102492,2025-03-07,United Kingdom,Desktop,Referral,2,15,90.4,0.598,9,2,0,0.0,101,0,0,0.34,1,0.0,0.0,7.5,40.78,One-time Visitors,1,Low Engagement / At-Risk Visitors
CUST-102493,2025-05-30,Netherlands,Tablet,Direct,20,112,559.8,0.335,50,3,0,0.0,25,3,0,0.109,1,0.0,0.0,5.6,77.51,Engaged Non-Buyers,0,Product Researchers
CUST-102494,2025-01-06,United States,Mobile,Paid Search,15,95,536.1,0.396,50,0,1,65.02,57,0,1,0.214,1,0.0667,0.0,6.33,77.08,Product Researchers,0,Product Researchers
CUST-102495,2025-04-30,Canada,Mobile,Paid Social,26,145,401.2,0.364,59,11,6,851.19,6,2,4,0.418,1,0.2308,0.5455,5.58,71.55,High Value Loyal,2,High Value Loyal Customers
CUST-102496,2025-01-03,United Kingdom,Mobile,Direct,12,79,470.1,0.34,50,3,0,0.0,30,1,1,0.412,1,0.0,0.0,6.58,75.96,Engaged Non-Buyers,0,Product Researchers
CUST-102497,2025-05-20,United States,Mobile,Organic Search,33,179,565.0,0.125,62,10,4,364.63,3,3,0,0.225,1,0.1212,0.4,5.42,86.15,High Value Loyal,2,High Value Loyal Customers
CUST-102498,2025-01-15,Canada,Mobile,Paid Search,22,110,294.8,0.274,36,4,3,113.8,17,1,0,0.64,1,0.1364,0.75,5.0,59.59,Deal Seekers,4,Engaged Non-Buyers
CUST-102499,2025-04-18,United Kingdom,Mobile,Paid Search,15,93,295.7,0.229,41,7,1,45.92,28,2,0,0.903,1,0.0667,0.1429,6.2,66.04,Deal Seekers,4,Engaged Non-Buyers
CUST-102500,2025-06-14,India,Desktop,Organic Search,17,94,632.9,0.356,41,4,0,0.0,22,1,0,0.229,1,0.0,0.0,5.53,76.0,Engaged Non-Buyers,0,Product Researchers
CUST-102501,2025-05-14,Canada,Mobile,Paid Search,13,89,492.4,0.28,51,1,0,0.0,43,4,1,0.555,0,0.0,0.0,6.85,79.7,Product Researchers,0,Product Researchers
CUST-102502,2025-01-19,United Kingdom,Mobile,Paid Social,13,71,503.4,0.538,38,3,0,0.0,15,4,0,0.134,1,0.0,0.0,5.46,65.47,Engaged Non-Buyers,0,Product Researchers
CUST-102503,2025-02-12,United Kingdom,Desktop,Email,16,105,483.4,0.297,51,3,0,0.0,35,2,1,0.368,1,0.0,0.0,6.56,77.94,Product Researchers,0,Product Researchers
CUST-102504,2025-03-21,India,Tablet,Paid Search,13,84,399.4,0.221,45,3,0,0.0,47,1,0,0.375,0,0.0,0.0,6.46,73.48,Product Researchers,0,Product Researchers
CUST-102505,2025-01-31,United Kingdom,Mobile,Referral,4,19,154.3,0.554,8,0,0,0.0,178,0,1,0.314,0,0.0,0.0,4.75,36.18,One-time Visitors,3,Engaged Non-Buyers
CUST-102506,2025-04-05,Netherlands,Mobile,Organic Search,20,89,374.1,0.284,38,6,1,52.1,41,1,1,0.593,1,0.05,0.1667,4.45,62.21,Deal Seekers,4,Engaged Non-Buyers
CUST-102507,2025-01-17,United Kingdom,Mobile,Direct,15,93,347.7,0.28,45,14,2,133.26,24,2,0,0.688,1,0.1333,0.1429,6.2,68.61,Deal Seekers,4,Engaged Non-Buyers
CUST-102508,2025-01-18,Canada,Mobile,Organic Search,17,97,432.3,0.22,43,4,1,57.82,55,1,1,0.151,1,0.0588,0.25,5.71,72.19,Engaged Non-Buyers,0,Product Researchers
CUST-102509,2025-02-12,France,Mobile,Paid Search,5,16,50.3,0.484,6,0,0,0.0,163,0,0,0.401,0,0.0,0.0,3.2,27.27,One-time Visitors,3,Engaged Non-Buyers
CUST-102510,2025-01-30,United Kingdom,Desktop,Direct,13,96,316.0,0.307,58,0,0,0.0,53,2,0,0.273,1,0.0,0.0,7.38,74.06,Product Researchers,0,Product Researchers
CUST-102511,2025-05-05,India,Mobile,Organic Search,2,14,34.0,0.755,9,1,0,0.0,133,1,0,0.049,0,0.0,0.0,7.0,32.47,One-time Visitors,1,Low Engagement / At-Risk Visitors
CUST-102512,2025-04-14,United States,Desktop,Paid Search,2,5,105.5,0.589,3,0,0,0.0,164,0,0,0.156,0,0.0,0.0,2.5,24.28,One-time Visitors,3,Engaged Non-Buyers
CUST-102513,2025-01-10,United Kingdom,Mobile,Email,3,12,200.9,0.594,6,0,0,0.0,124,0,0,0.185,0,0.0,0.0,4.0,34.55,One-time Visitors,3,Engaged Non-Buyers
CUST-102514,2025-04-30,Canada,Mobile,Direct,12,99,415.5,0.082,60,2,1,112.68,64,0,0,0.282,1,0.0833,0.5,8.25,87.18,Product Researchers,0,Product Researchers
CUST-102515,2025-03-21,Germany,Desktop,Direct,2,15,35.1,0.764,7,0,0,0.0,56,0,0,0.224,0,0.0,0.0,7.5,33.26,One-time Visitors,1,Low Engagement / At-Risk Visitors
CUST-102516,2025-05-25,United States,Mobile,Organic Search,19,98,340.6,0.362,52,9,1,51.86,41,2,2,0.837,1,0.0526,0.1111,5.16,65.1,Deal Seekers,4,Engaged Non-Buyers
CUST-102517,2025-02-08,United States,Mobile,Organic Search,17,107,480.9,0.137,55,0,0,0.0,23,2,3,0.153,1,0.0,0.0,6.29,82.22,Product Researchers,0,Product Researchers
CUST-102518,2025-03-14,Canada,Mobile,Organic Search,19,96,573.4,0.324,47,7,1,59.35,14,3,1,0.263,1,0.0526,0.1429,5.05,75.83,Engaged Non-Buyers,0,Product Researchers
CUST-102519,2025-03-19,United Kingdom,Tablet,Paid Social,26,141,393.0,0.086,43,2,0,0.0,59,0,1,0.319,1,0.0,0.0,5.42,72.67,Engaged Non-Buyers,0,Product Researchers
CUST-102520,2025-05-08,United States,Desktop,Direct,31,171,500.5,0.052,73,13,9,1299.38,12,1,0,0.343,1,0.2903,0.6923,5.52,85.95,High Value Loyal,2,High Value Loyal Customers
CUST-102521,2025-01-05,Germany,Mobile,Paid Search,18,91,346.4,0.21,42,9,3,262.53,15,2,0,0.807,1,0.1667,0.3333,5.06,65.79,Deal Seekers,4,Engaged Non-Buyers
CUST-102522,2025-02-25,India,Mobile,Organic Search,18,96,250.9,0.189,46,4,2,199.52,10,2,0,0.666,1,0.1111,0.5,5.33,63.64,Deal Seekers,4,Engaged Non-Buyers
CUST-102523,2025-05-10,France,Mobile,Direct,21,105,419.7,0.26,41,6,6,184.19,42,1,0,0.871,1,0.2857,1.0,5.0,67.73,Deal Seekers,4,Engaged Non-Buyers
CUST-102524,2025-05-22,United Kingdom,Mobile,Referral,18,93,578.0,0.315,40,4,3,155.79,28,1,0,0.746,1,0.1667,0.75,5.17,74.47,Deal Seekers,4,Engaged Non-Buyers
CUST-102525,2025-04-01,United Kingdom,Desktop,Organic Search,21,97,378.6,0.47,34,9,2,143.05,40,0,0,0.637,1,0.0952,0.2222,4.62,57.08,Deal Seekers,4,Engaged Non-Buyers
CUST-102526,2025-02-05,United Kingdom,Mobile,Paid Search,14,103,422.8,0.242,57,3,0,0.0,26,1,1,0.31,1,0.0,0.0,7.36,80.62,Product Researchers,0,Product Researchers
CUST-102527,2025-06-15,United Kingdom,Desktop,Organic Search,26,109,626.8,0.553,42,10,1,56.34,30,5,1,0.927,0,0.0385,0.1,4.19,67.19,Deal Seekers,4,Engaged Non-Buyers
CUST-102528,2025-01-13,France,Mobile,Organic Search,2,10,95.4,0.824,7,0,0,0.0,68,0,0,0.413,0,0.0,0.0,5.0,26.94,One-time Visitors,3,Engaged Non-Buyers
CUST-102529,2025-01-17,United Kingdom,Mobile,Referral,35,168,459.4,0.026,64,14,7,805.19,9,1,1,0.174,1,0.2,0.5,4.8,82.01,High Value Loyal,2,High Value Loyal Customers
CUST-102530,2025-02-01,India,Tablet,Direct,20,117,510.7,0.112,49,3,0,0.0,7,3,3,0.221,0,0.0,0.0,5.85,81.09,Engaged Non-Buyers,0,Product Researchers
CUST-102531,2025-06-19,United Kingdom,Tablet,Organic Search,16,83,327.7,0.189,33,5,5,329.88,21,1,1,0.921,1,0.3125,1.0,5.19,63.03,Deal Seekers,4,Engaged Non-Buyers
CUST-102532,2025-05-13,France,Mobile,Direct,19,93,397.7,0.08,38,2,0,0.0,61,1,3,0.178,1,0.0,0.0,4.89,69.88,Engaged Non-Buyers,0,Product Researchers
CUST-102533,2025-05-10,United States,Mobile,Email,1,11,63.9,0.64,8,0,0,0.0,102,0,0,0.206,0,0.0,0.0,11.0,39.65,One-time Visitors,1,Low Engagement / At-Risk Visitors
CUST-102534,2025-01-08,India,Mobile,Paid Social,26,114,305.4,0.156,38,1,0,0.0,22,0,1,0.148,0,0.0,0.0,4.38,61.77,Engaged Non-Buyers,0,Product Researchers
CUST-102535,2025-06-22,India,Desktop,Organic Search,15,102,450.5,0.152,49,2,0,0.0,38,1,1,0.26,1,0.0,0.0,6.8,80.05,Product Researchers,0,Product Researchers
CUST-102536,2025-01-04,United States,Desktop,Organic Search,21,99,244.6,0.436,48,6,4,75.0,16,1,1,0.692,0,0.1905,0.6667,4.71,55.82,Deal Seekers,4,Engaged Non-Buyers
CUST-102537,2025-06-15,United Kingdom,Mobile,Organic Search,2,10,115.4,0.626,5,1,0,0.0,171,0,0,0.033,1,0.0,0.0,5.0,32.29,One-time Visitors,3,Engaged Non-Buyers
CUST-102538,2025-01-22,Canada,Mobile,Display,15,83,370.5,0.315,43,3,1,75.81,39,1,0,0.853,1,0.0667,0.3333,5.53,66.17,Deal Seekers,4,Engaged Non-Buyers
CUST-102539,2025-03-29,United States,Tablet,Paid Search,11,88,441.4,0.371,53,4,1,47.26,36,1,0,0.736,1,0.0909,0.25,8.0,79.1,Product Researchers,4,Engaged Non-Buyers
CUST-102540,2025-03-22,Canada,Tablet,Display,12,88,486.2,0.493,55,1,0,0.0,13,1,0,0.329,1,0.0,0.0,7.33,76.82,Product Researchers,0,Product Researchers
CUST-102541,2025-01-20,India,Mobile,Paid Search,39,204,450.9,0.429,74,10,12,1058.25,13,3,0,0.275,1,0.3077,1.0,5.23,73.15,High Value Loyal,2,High Value Loyal Customers
CUST-102542,2025-05-27,Germany,Mobile,Direct,5,19,90.1,0.843,3,0,0,0.0,95,0,1,0.248,0,0.0,0.0,3.8,21.23,One-time Visitors,3,Engaged Non-Buyers
CUST-102543,2025-03-20,United Kingdom,Mobile,Organic Search,17,111,504.5,0.327,58,1,0,0.0,60,1,1,0.206,1,0.0,0.0,6.53,80.3,Product Researchers,0,Product Researchers
CUST-102544,2025-01-21,United Kingdom,Tablet,Paid Social,16,102,601.8,0.374,48,1,2,188.53,38,4,2,0.656,1,0.125,1.0,6.38,80.35,Product Researchers,4,Engaged Non-Buyers
CUST-102545,2025-02-16,Canada,Mobile,Organic Search,2,13,88.0,0.424,10,0,0,0.0,102,0,0,0.537,0,0.0,0.0,6.5,42.2,One-time Visitors,3,Engaged Non-Buyers
CUST-102546,2025-05-07,Germany,Mobile,Display,17,97,487.3,0.39,46,0,1,23.9,25,1,0,0.227,1,0.0588,0.0,5.71,71.6,Engaged Non-Buyers,0,Product Researchers
CUST-102547,2025-05-06,United States,Mobile,Organic Search,39,165,435.3,0.227,54,12,6,344.03,11,2,3,0.418,1,0.1538,0.5,4.23,70.92,High Value Loyal,2,High Value Loyal Customers
CUST-102548,2025-03-13,India,Desktop,Organic Search,17,94,431.1,0.292,49,4,3,240.88,35,1,3,0.917,1,0.1765,0.75,5.53,71.62,Deal Seekers,4,Engaged Non-Buyers
CUST-102549,2025-05-12,United States,Tablet,Referral,32,159,678.1,0.057,71,9,3,423.3,7,2,1,0.076,1,0.0938,0.3333,4.97,89.1,High Value Loyal,2,High Value Loyal Customers
CUST-102550,2025-03-11,Netherlands,Mobile,Paid Search,18,97,483.6,0.426,43,4,0,0.0,27,2,1,0.155,1,0.0,0.0,5.39,68.59,Engaged Non-Buyers,0,Product Researchers
CUST-102551,2025-02-26,Germany,Mobile,Email,18,104,418.5,0.289,47,3,1,77.84,54,2,2,0.16,0,0.0556,0.3333,5.78,71.21,Product Researchers,0,Product Researchers
CUST-102552,2025-04-23,United Kingdom,Mobile,Paid Search,1,11,146.8,0.796,7,1,0,0.0,69,0,0,0.376,0,0.0,0.0,11.0,39.58,One-time Visitors,1,Low Engagement / At-Risk Visitors
CUST-102553,2025-06-14,France,Mobile,Direct,15,90,401.6,0.117,40,7,0,0.0,21,0,1,0.683,1,0.0,0.0,6.0,73.21,Deal Seekers,0,Product Researchers
CUST-102554,2025-03-03,Canada,Mobile,Paid Search,19,93,320.9,0.085,32,2,0,0.0,49,0,1,0.118,1,0.0,0.0,4.89,64.07,Engaged Non-Buyers,0,Product Researchers
CUST-102555,2025-06-10,United Kingdom,Mobile,Paid Social,22,132,696.5,0.074,68,11,6,759.26,12,2,0,0.461,1,0.2727,0.5455,6.0,91.9,High Value Loyal,2,High Value Loyal Customers
CUST-102556,2025-05-06,Australia,Mobile,Organic Search,4,14,64.6,0.637,3,0,0,0.0,57,0,0,0.406,0,0.0,0.0,3.5,24.16,One-time Visitors,3,Engaged Non-Buyers
CUST-102557,2025-03-30,Netherlands,Mobile,Email,24,154,474.2,0.25,71,13,8,856.25,7,1,2,0.473,1,0.3333,0.6154,6.42,82.5,High Value Loyal,2,High Value Loyal Customers
CUST-102558,2025-05-07,Canada,Mobile,Email,28,117,511.9,0.354,31,4,1,80.96,56,4,1,0.471,1,0.0357,0.25,4.18,64.33,Engaged Non-Buyers,0,Product Researchers
CUST-102559,2025-06-19,United Kingdom,Mobile,Organic Search,21,144,380.0,0.625,61,3,0,0.0,38,2,0,0.517,0,0.0,0.0,6.86,68.58,Product Researchers,0,Product Researchers
CUST-102560,2025-02-12,United Kingdom,Desktop,Organic Search,2,12,135.9,0.745,7,1,0,0.0,127,0,0,0.068,0,0.0,0.0,6.0,34.07,One-time Visitors,3,Engaged Non-Buyers
CUST-102561,2025-03-06,United Kingdom,Desktop,Paid Search,5,25,82.6,0.752,8,0,0,0.0,133,1,0,0.318,0,0.0,0.0,5.0,28.41,One-time Visitors,3,Engaged Non-Buyers
CUST-102562,2025-03-08,United Kingdom,Mobile,Email,21,109,171.1,0.246,58,8,4,314.82,15,3,0,0.696,1,0.1905,0.5,5.19,61.47,Deal Seekers,4,Engaged Non-Buyers
CUST-102563,2025-03-07,United Kingdom,Tablet,Organic Search,15,93,260.0,0.191,62,1,0,0.0,41,0,3,0.751,0,0.0,0.0,6.2,71.67,Product Researchers,0,Product Researchers
CUST-102564,2025-04-15,United Kingdom,Mobile,Organic Search,33,165,592.6,0.048,66,11,7,858.99,14,2,0,0.662,1,0.2121,0.6364,5.0,89.05,High Value Loyal,2,High Value Loyal Customers
CUST-102565,2025-06-16,United States,Desktop,Organic Search,4,24,54.7,0.563,6,0,0,0.0,166,1,0,0.173,0,0.0,0.0,6.0,34.26,One-time Visitors,3,Engaged Non-Buyers
CUST-102566,2025-02-20,India,Desktop,Direct,21,111,336.5,0.042,56,5,1,118.09,10,5,2,0.529,0,0.0476,0.2,5.29,74.53,Product Researchers,0,Product Researchers
CUST-102567,2025-02-13,Germany,Mobile,Organic Search,24,104,365.3,0.479,31,7,3,140.72,25,3,1,0.758,1,0.125,0.4286,4.33,54.36,Deal Seekers,4,Engaged Non-Buyers
CUST-102568,2025-06-06,Germany,Mobile,Paid Search,15,86,413.7,0.264,50,1,1,52.28,61,2,1,0.344,0,0.0667,1.0,5.73,72.38,Product Researchers,4,Engaged Non-Buyers
CUST-102569,2025-02-18,United Kingdom,Mobile,Direct,8,67,348.1,0.302,46,2,0,0.0,51,0,0,0.492,0,0.0,0.0,8.38,74.0,Product Researchers,0,Product Researchers
CUST-102570,2025-03-01,United Kingdom,Mobile,Organic Search,23,128,428.0,0.332,60,9,4,366.39,11,1,0,0.461,1,0.1739,0.4444,5.57,73.95,High Value Loyal,2,High Value Loyal Customers
CUST-102571,2025-04-25,United States,Mobile,Paid Search,14,90,334.6,0.533,59,3,0,0.0,52,3,0,0.21,1,0.0,0.0,6.43,66.65,Product Researchers,0,Product Researchers
CUST-102572,2025-01-07,United Kingdom,Desktop,Organic Search,2,14,117.2,0.758,8,1,0,0.0,82,0,0,0.233,0,0.0,0.0,7.0,36.24,One-time Visitors,1,Low Engagement / At-Risk Visitors
CUST-102573,2025-03-15,Netherlands,Mobile,Email,16,88,505.6,0.511,40,2,0,0.0,52,0,1,0.604,1,0.0,0.0,5.5,67.01,Product Researchers,0,Product Researchers
CUST-102574,2025-05-11,India,Desktop,Direct,14,64,612.9,0.186,32,2,0,0.0,63,3,0,0.388,0,0.0,0.0,4.57,74.48,Engaged Non-Buyers,0,Product Researchers
CUST-102575,2025-06-13,United Kingdom,Mobile,Direct,3,19,117.6,0.843,5,1,0,0.0,110,1,0,0.373,0,0.0,0.0,6.33,31.13,One-time Visitors,3,Engaged Non-Buyers
CUST-102576,2025-04-21,Netherlands,Mobile,Referral,10,50,555.9,0.267,28,7,0,0.0,64,3,1,0.245,1,0.0,0.0,5.0,70.36,Engaged Non-Buyers,0,Product Researchers
CUST-102577,2025-06-18,France,Desktop,Direct,25,143,518.5,0.13,70,17,4,427.22,3,0,2,0.368,1,0.16,0.2353,5.72,85.54,High Value Loyal,2,High Value Loyal Customers
CUST-102578,2025-01-23,Canada,Mobile,Paid Search,19,107,433.5,0.122,47,3,0,0.0,30,2,0,0.4,1,0.0,0.0,5.63,75.68,Product Researchers,0,Product Researchers
CUST-102579,2025-01-23,United Kingdom,Tablet,Paid Search,16,80,494.1,0.394,36,7,1,60.09,37,1,1,0.742,1,0.0625,0.1429,5.0,66.55,Deal Seekers,4,Engaged Non-Buyers
CUST-102580,2025-05-24,India,Mobile,Organic Search,17,100,275.4,0.254,43,6,3,227.21,6,3,1,0.876,0,0.1765,0.5,5.88,64.03,Deal Seekers,4,Engaged Non-Buyers
CUST-102581,2025-02-19,France,Mobile,Paid Search,15,80,446.8,0.293,43,3,3,183.7,4,2,0,0.957,0,0.2,1.0,5.33,69.91,Deal Seekers,4,Engaged Non-Buyers
CUST-102582,2025-06-06,France,Mobile,Organic Search,13,86,436.7,0.317,61,1,1,81.22,27,0,2,0.133,1,0.0769,1.0,6.62,78.34,Product Researchers,0,Product Researchers
CUST-102583,2025-01-22,United Kingdom,Desktop,Paid Search,16,116,302.3,0.297,63,1,0,0.0,9,1,1,0.488,1,0.0,0.0,7.25,74.73,Product Researchers,0,Product Researchers
CUST-102584,2025-01-16,United States,Desktop,Paid Search,14,91,326.6,0.242,52,2,1,60.85,23,3,1,0.799,0,0.0714,0.5,6.5,71.59,Product Researchers,4,Engaged Non-Buyers
CUST-102585,2025-02-26,United Kingdom,Desktop,Direct,21,126,372.4,0.615,59,1,0,0.0,62,5,0,0.322,1,0.0,0.0,6.0,65.15,Product Researchers,0,Product Researchers
CUST-102586,2025-02-02,India,Desktop,Display,14,107,393.8,0.203,59,7,1,44.94,11,0,0,0.046,1,0.0714,0.1429,7.64,81.66,Engaged Non-Buyers,0,Product Researchers
CUST-102587,2025-04-04,United States,Mobile,Direct,18,92,329.2,0.198,51,2,0,0.0,69,2,1,0.664,0,0.0,0.0,5.11,68.17,Product Researchers,0,Product Researchers
CUST-102588,2025-04-29,Australia,Mobile,Paid Social,18,86,464.4,0.245,43,6,1,71.25,30,1,0,0.279,1,0.0556,0.1667,4.78,70.25,Engaged Non-Buyers,0,Product Researchers
CUST-102589,2025-03-10,Germany,Desktop,Paid Social,14,96,514.8,0.206,40,1,0,0.0,28,0,0,0.115,1,0.0,0.0,6.86,79.34,Engaged Non-Buyers,0,Product Researchers
CUST-102590,2025-04-12,Netherlands,Mobile,Organic Search,1,10,80.3,0.821,7,0,0,0.0,93,0,0,0.224,0,0.0,0.0,10.0,35.64,One-time Visitors,1,Low Engagement / At-Risk Visitors
CUST-102591,2025-02-13,India,Mobile,Organic Search,15,84,302.7,0.442,37,6,0,0.0,6,0,0,0.166,0,0.0,0.0,5.6,57.96,Engaged Non-Buyers,0,Product Researchers
CUST-102592,2025-04-02,India,Mobile,Email,21,117,610.6,0.104,49,1,0,0.0,32,0,0,0.26,1,0.0,0.0,5.57,84.88,Engaged Non-Buyers,0,Product Researchers
CUST-102593,2025-01-31,Canada,Mobile,Paid Search,2,9,104.9,0.63,5,1,0,0.0,156,0,0,0.057,1,0.0,0.0,4.5,30.1,One-time Visitors,3,Engaged Non-Buyers
CUST-102594,2025-04-29,France,Mobile,Paid Social,2,6,114.7,0.508,4,0,0,0.0,111,0,0,0.047,0,0.0,0.0,3.0,28.63,One-time Visitors,3,Engaged Non-Buyers
CUST-102595,2025-04-16,Netherlands,Desktop,Organic Search,17,114,455.9,0.425,50,5,3,201.77,44,1,1,0.59,1,0.1765,0.6,6.71,73.5,Deal Seekers,4,Engaged Non-Buyers
CUST-102596,2025-01-22,Germany,Mobile,Paid Search,19,96,205.5,0.336,49,2,1,69.09,15,0,1,0.527,1,0.0526,0.5,5.05,57.75,Deal Seekers,4,Engaged Non-Buyers
CUST-102597,2025-03-13,Germany,Mobile,Paid Social,32,166,426.2,0.097,69,15,5,339.38,2,4,1,0.434,1,0.1562,0.3333,5.19,80.1,High Value Loyal,2,High Value Loyal Customers
CUST-102598,2025-05-27,Netherlands,Desktop,Paid Social,14,99,436.5,0.273,43,9,3,178.12,30,1,1,0.973,1,0.2143,0.3333,7.07,75.32,Deal Seekers,4,Engaged Non-Buyers
CUST-102599,2025-01-08,United Kingdom,Tablet,Organic Search,12,102,439.3,0.484,55,1,0,0.0,27,0,2,0.261,1,0.0,0.0,8.5,76.8,Product Researchers,0,Product Researchers
CUST-102600,2025-02-11,United Kingdom,Mobile,Paid Search,15,84,646.6,0.276,47,1,0,0.0,73,2,0,0.321,1,0.0,0.0,5.6,80.07,Product Researchers,0,Product Researchers
CUST-102601,2025-01-20,United States,Mobile,Display,4,29,41.8,0.641,11,0,0,0.0,123,1,0,0.303,0,0.0,0.0,7.25,37.11,One-time Visitors,1,Low Engagement / At-Risk Visitors
CUST-102602,2025-01-10,Netherlands,Mobile,Direct,23,100,296.0,0.188,38,6,3,102.66,38,0,1,0.943,1,0.1304,0.5,4.35,60.39,Deal Seekers,4,Engaged Non-Buyers
CUST-102603,2025-06-28,Canada,Mobile,Organic Search,1,10,59.7,0.414,7,0,0,0.0,167,0,0,0.039,1,0.0,0.0,10.0,44.79,One-time Visitors,1,Low Engagement / At-Risk Visitors
CUST-102604,2025-03-16,Netherlands,Mobile,Paid Search,21,107,533.6,0.364,46,2,0,0.0,56,1,0,0.554,0,0.0,0.0,5.1,72.67,Product Researchers,0,Product Researchers
CUST-102605,2025-01-06,United Kingdom,Desktop,Paid Social,23,100,409.2,0.31,39,11,2,90.61,3,1,0,0.653,1,0.087,0.1818,4.35,63.29,Deal Seekers,4,Engaged Non-Buyers
CUST-102606,2025-04-09,United Kingdom,Mobile,Paid Search,5,23,107.0,0.523,4,0,0,0.0,67,0,0,0.387,1,0.0,0.0,4.6,32.88,One-time Visitors,3,Engaged Non-Buyers
CUST-102607,2025-01-07,Canada,Mobile,Email,19,111,286.1,0.207,47,2,3,211.42,41,4,0,0.449,1,0.1579,1.0,5.84,66.86,Deal Seekers,4,Engaged Non-Buyers
CUST-102608,2025-05-17,United Kingdom,Desktop,Paid Search,16,86,449.5,0.229,48,1,0,0.0,45,1,2,0.483,1,0.0,0.0,5.38,73.32,Product Researchers,0,Product Researchers
CUST-102609,2025-05-08,United Kingdom,Desktop,Paid Search,23,91,425.0,0.087,40,7,1,81.58,4,2,1,0.352,1,0.0435,0.1429,3.96,68.74,Deal Seekers,0,Product Researchers
CUST-102610,2025-03-18,United States,Tablet,Paid Social,3,17,90.3,0.787,5,0,0,0.0,66,0,0,0.2,0,0.0,0.0,5.67,29.09,One-time Visitors,3,Engaged Non-Buyers
CUST-102611,2025-06-16,India,Desktop,Display,15,84,326.8,0.289,43,8,8,413.11,24,1,0,0.704,1,0.5333,1.0,5.6,64.84,Deal Seekers,2,High Value Loyal Customers
CUST-102612,2025-04-28,India,Mobile,Direct,30,146,485.8,0.13,52,10,6,634.66,10,0,2,0.303,1,0.2,0.6,4.87,77.25,High Value Loyal,2,High Value Loyal Customers
CUST-102613,2025-01-28,United Kingdom,Desktop,Display,1,10,159.1,0.874,6,0,0,0.0,137,0,1,0.333,0,0.0,0.0,10.0,37.94,One-time Visitors,1,Low Engagement / At-Risk Visitors
CUST-102614,2025-05-31,India,Mobile,Paid Social,14,105,613.4,0.25,56,3,1,123.72,9,1,0,0.517,0,0.0714,0.3333,7.5,89.41,Product Researchers,0,Product Researchers
CUST-102615,2025-05-09,United States,Mobile,Paid Search,2,15,88.9,0.814,8,0,0,0.0,125,0,0,0.222,0,0.0,0.0,7.5,35.0,One-time Visitors,1,Low Engagement / At-Risk Visitors
CUST-102616,2025-06-24,France,Desktop,Paid Search,26,130,667.1,0.166,59,6,5,646.77,13,2,0,0.118,1,0.1923,0.8333,5.0,84.64,High Value Loyal,2,High Value Loyal Customers
CUST-102617,2025-02-12,Germany,Mobile,Organic Search,7,28,90.8,0.838,8,0,0,0.0,114,0,0,0.11,0,0.0,0.0,4.0,23.55,One-time Visitors,3,Engaged Non-Buyers
CUST-102618,2025-05-16,United Kingdom,Mobile,Organic Search,28,165,441.1,0.148,69,8,7,774.64,13,0,2,0.512,1,0.25,0.875,5.89,81.77,High Value Loyal,2,High Value Loyal Customers
CUST-102619,2025-04-03,Australia,Tablet,Organic Search,18,105,458.0,0.101,50,3,0,0.0,59,2,0,0.255,1,0.0,0.0,5.83,78.98,Engaged Non-Buyers,0,Product Researchers
CUST-102620,2025-05-13,Australia,Mobile,Organic Search,23,111,470.8,0.464,39,0,0,0.0,18,2,2,0.102,0,0.0,0.0,4.83,64.02,Engaged Non-Buyers,0,Product Researchers
CUST-102621,2025-04-17,United Kingdom,Desktop,Organic Search,4,19,50.2,0.665,9,0,0,0.0,89,0,0,0.203,0,0.0,0.0,4.75,28.5,One-time Visitors,3,Engaged Non-Buyers
CUST-102622,2025-01-16,United States,Mobile,Direct,15,73,361.5,0.242,34,6,0,0.0,34,1,1,0.771,1,0.0,0.0,4.87,62.69,Deal Seekers,4,Engaged Non-Buyers
CUST-102623,2025-02-12,France,Tablet,Organic Search,2,12,67.4,0.853,5,0,0,0.0,110,0,0,0.239,1,0.0,0.0,6.0,27.33,One-time Visitors,3,Engaged Non-Buyers
CUST-102624,2025-06-13,France,Mobile,Paid Search,12,72,325.9,0.174,39,2,0,0.0,42,5,0,0.466,1,0.0,0.0,6.0,67.69,Engaged Non-Buyers,0,Product Researchers
CUST-102625,2025-04-18,Australia,Desktop,Display,4,20,90.0,0.658,5,0,0,0.0,142,0,0,0.468,0,0.0,0.0,5.0,30.21,One-time Visitors,3,Engaged Non-Buyers
CUST-102626,2025-05-07,India,Mobile,Paid Search,4,19,45.6,0.841,7,0,0,0.0,93,0,0,0.379,0,0.0,0.0,4.75,23.26,One-time Visitors,3,Engaged Non-Buyers
CUST-102627,2025-03-10,United States,Desktop,Paid Social,34,161,488.5,0.211,69,8,4,613.24,14,1,1,0.172,1,0.1176,0.5,4.74,78.96,High Value Loyal,2,High Value Loyal Customers
CUST-102628,2025-03-18,United States,Desktop,Organic Search,20,131,736.8,0.127,61,12,5,539.48,6,4,2,0.386,1,0.25,0.4167,6.55,91.05,High Value Loyal,2,High Value Loyal Customers
CUST-102629,2025-03-23,United States,Desktop,Direct,2,7,56.9,0.765,4,1,0,0.0,66,0,0,0.236,0,0.0,0.0,3.5,20.89,One-time Visitors,3,Engaged Non-Buyers
CUST-102630,2025-02-11,United States,Mobile,Referral,12,98,479.1,0.297,54,0,0,0.0,30,4,1,0.223,1,0.0,0.0,8.17,83.15,Product Researchers,0,Product Researchers
CUST-102631,2025-06-02,United States,Tablet,Direct,15,87,442.9,0.239,44,3,1,88.53,12,1,2,0.543,1,0.0667,0.3333,5.8,72.83,Product Researchers,4,Engaged Non-Buyers
CUST-102632,2025-01-10,United States,Mobile,Direct,21,113,444.4,0.067,38,6,3,117.89,23,3,0,0.699,1,0.1429,0.5,5.38,74.04,Deal Seekers,4,Engaged Non-Buyers
CUST-102633,2025-02-19,India,Desktop,Paid Search,18,101,276.1,0.428,46,6,3,229.66,15,2,2,0.979,1,0.1667,0.5,5.61,59.8,Deal Seekers,4,Engaged Non-Buyers
CUST-102634,2025-03-08,United Kingdom,Mobile,Email,18,97,535.5,0.416,37,2,0,0.0,24,1,1,0.654,1,0.0,0.0,5.39,69.6,Engaged Non-Buyers,0,Product Researchers
CUST-102635,2025-04-09,France,Mobile,Paid Search,9,74,464.6,0.343,49,1,0,0.0,24,4,4,0.093,1,0.0,0.0,8.22,79.74,Product Researchers,0,Product Researchers
CUST-102636,2025-03-05,United Kingdom,Mobile,Referral,16,80,360.4,0.266,40,3,1,70.36,62,1,0,0.605,1,0.0625,0.3333,5.0,64.31,Engaged Non-Buyers,4,Engaged Non-Buyers
CUST-102637,2025-03-06,United Kingdom,Mobile,Organic Search,17,90,270.8,0.151,41,5,2,138.05,24,1,0,0.979,1,0.1176,0.4,5.29,63.93,Deal Seekers,4,Engaged Non-Buyers
CUST-102638,2025-01-15,India,Desktop,Organic Search,15,81,460.5,0.443,47,2,0,0.0,63,3,3,0.254,1,0.0,0.0,5.4,68.28,Product Researchers,0,Product Researchers
CUST-102639,2025-04-14,United Kingdom,Mobile,Email,1,10,122.3,0.817,6,1,0,0.0,51,0,0,0.27,0,0.0,0.0,10.0,37.55,One-time Visitors,1,Low Engagement / At-Risk Visitors
CUST-102640,2025-06-01,United Kingdom,Mobile,Paid Search,2,15,37.7,0.793,9,1,0,0.0,88,0,0,0.276,0,0.0,0.0,7.5,33.27,One-time Visitors,1,Low Engagement / At-Risk Visitors
CUST-102641,2025-05-17,Australia,Mobile,Paid Social,4,12,82.2,0.669,4,0,0,0.0,84,0,0,0.378,1,0.0,0.0,3.0,23.0,One-time Visitors,3,Engaged Non-Buyers
CUST-102642,2025-01-15,India,Desktop,Paid Search,4,13,56.5,0.921,4,1,0,0.0,170,0,0,0.44,0,0.0,0.0,3.25,16.18,One-time Visitors,3,Engaged Non-Buyers
CUST-102643,2025-02-10,United Kingdom,Mobile,Paid Search,2,7,136.6,0.964,5,0,0,0.0,96,0,0,0.022,1,0.0,0.0,3.5,20.22,One-time Visitors,3,Engaged Non-Buyers
CUST-102644,2025-01-04,United Kingdom,Mobile,Referral,26,155,614.2,0.056,63,8,7,666.13,10,1,3,0.068,1,0.2692,0.875,5.96,91.62,High Value Loyal,2,High Value Loyal Customers
CUST-102645,2025-02-13,India,Mobile,Paid Search,29,150,566.8,0.186,63,15,2,232.83,9,2,1,0.172,1,0.069,0.1333,5.17,84.24,High Value Loyal,2,High Value Loyal Customers
CUST-102646,2025-03-21,United Kingdom,Desktop,Paid Search,33,164,625.5,0.09,68,14,8,754.77,1,1,0,0.141,1,0.2424,0.5714,4.97,88.29,High Value Loyal,2,High Value Loyal Customers
CUST-102647,2025-05-18,United Kingdom,Tablet,Direct,16,97,388.4,0.511,46,7,3,243.61,38,5,1,0.961,1,0.1875,0.4286,6.06,64.75,Deal Seekers,4,Engaged Non-Buyers
CUST-102648,2025-04-21,United Kingdom,Mobile,Direct,2,12,120.0,0.616,7,0,0,0.0,144,0,0,0.479,0,0.0,0.0,6.0,36.51,One-time Visitors,3,Engaged Non-Buyers
CUST-102649,2025-01-08,United Kingdom,Mobile,Direct,11,75,478.7,0.238,56,1,0,0.0,34,4,0,0.651,0,0.0,0.0,6.82,81.52,Product Researchers,0,Product Researchers
CUST-102650,2025-05-30,India,Mobile,Email,2,9,71.9,0.703,5,0,0,0.0,113,1,0,0.334,0,0.0,0.0,4.5,26.63,One-time Visitors,3,Engaged Non-Buyers
CUST-102651,2025-04-20,United Kingdom,Mobile,Paid Social,5,16,75.3,0.536,3,0,1,54.14,84,0,0,0.209,0,0.2,0.0,3.2,26.28,One-time Visitors,3,Engaged Non-Buyers
CUST-102652,2025-06-25,Netherlands,Mobile,Direct,10,81,378.9,0.29,46,2,0,0.0,61,3,1,0.445,1,0.0,0.0,8.1,75.84,Product Researchers,0,Product Researchers
CUST-102653,2025-03-04,United Kingdom,Mobile,Direct,18,91,370.9,0.312,42,11,2,130.44,3,2,4,0.834,0,0.1111,0.1818,5.06,64.47,Deal Seekers,4,Engaged Non-Buyers
CUST-102654,2025-01-18,India,Desktop,Paid Search,22,107,262.5,0.168,42,2,1,45.68,23,0,0,0.501,1,0.0455,0.5,4.86,62.06,Engaged Non-Buyers,4,Engaged Non-Buyers
CUST-102655,2025-05-02,United Kingdom,Mobile,Paid Social,4,25,139.4,0.831,6,0,0,0.0,60,0,0,0.397,0,0.0,0.0,6.25,32.58,One-time Visitors,3,Engaged Non-Buyers
CUST-102656,2025-04-13,United Kingdom,Mobile,Organic Search,5,20,67.4,0.907,8,0,0,0.0,121,0,0,0.157,0,0.0,0.0,4.0,20.66,One-time Visitors,3,Engaged Non-Buyers
CUST-102657,2025-03-18,France,Mobile,Organic Search,19,117,339.5,0.113,54,3,1,67.47,55,1,2,0.219,1,0.0526,0.3333,6.16,75.02,Engaged Non-Buyers,0,Product Researchers
CUST-102658,2025-06-27,United Kingdom,Mobile,Paid Search,13,95,370.2,0.398,55,0,0,0.0,69,1,0,0.479,1,0.0,0.0,7.31,73.31,Product Researchers,0,Product Researchers
CUST-102659,2025-04-01,United Kingdom,Mobile,Paid Social,13,106,414.4,0.154,62,2,1,38.75,48,2,2,0.481,1,0.0769,0.5,8.15,85.95,Product Researchers,0,Product Researchers
CUST-102660,2025-04-23,United Kingdom,Mobile,Direct,17,112,593.9,0.209,64,3,1,72.85,24,2,1,0.35,0,0.0588,0.3333,6.59,89.75,Product Researchers,0,Product Researchers
CUST-102661,2025-01-20,India,Mobile,Organic Search,17,92,310.7,0.188,43,4,2,130.92,28,6,1,0.684,1,0.1176,0.5,5.41,65.98,Deal Seekers,4,Engaged Non-Buyers
CUST-102662,2025-03-20,United Kingdom,Mobile,Direct,14,108,400.4,0.269,58,2,1,93.69,28,1,2,0.212,0,0.0714,0.5,7.71,80.24,Product Researchers,0,Product Researchers
CUST-102663,2025-01-04,Germany,Mobile,Organic Search,4,13,166.2,0.794,8,0,0,0.0,107,1,0,0.178,1,0.0,0.0,3.25,26.07,One-time Visitors,3,Engaged Non-Buyers
CUST-102664,2025-03-27,United States,Mobile,Paid Search,3,10,142.3,0.826,4,1,1,39.48,110,0,0,0.543,0,0.3333,1.0,3.33,23.1,One-time Visitors,3,Engaged Non-Buyers
CUST-102665,2025-04-24,Australia,Mobile,Email,16,81,427.6,0.451,36,8,7,566.49,10,3,2,0.752,1,0.4375,0.875,5.06,61.99,Deal Seekers,2,High Value Loyal Customers
CUST-102666,2025-05-26,India,Mobile,Paid Search,3,14,61.0,0.953,4,0,0,0.0,140,2,1,0.134,0,0.0,0.0,4.67,20.04,One-time Visitors,3,Engaged Non-Buyers
CUST-102667,2025-03-29,India,Mobile,Organic Search,30,176,505.4,0.229,67,12,4,460.12,7,0,0,0.334,1,0.1333,0.3333,5.87,82.88,High Value Loyal,2,High Value Loyal Customers
CUST-102668,2025-06-12,India,Mobile,Referral,23,123,365.5,0.322,47,5,2,121.46,40,1,0,0.82,1,0.087,0.4,5.35,66.39,Deal Seekers,4,Engaged Non-Buyers
CUST-102669,2025-06-11,United States,Desktop,Organic Search,15,82,658.1,0.307,49,0,0,0.0,43,3,1,0.574,1,0.0,0.0,5.47,79.49,Product Researchers,0,Product Researchers
CUST-102670,2025-06-01,United States,Tablet,Paid Search,19,105,465.0,0.318,46,5,0,0.0,47,4,1,0.118,1,0.0,0.0,5.53,71.71,Engaged Non-Buyers,0,Product Researchers
CUST-102671,2025-01-18,United Kingdom,Mobile,Organic Search,16,94,462.2,0.409,39,6,2,87.95,29,1,0,0.944,1,0.125,0.3333,5.88,68.25,Deal Seekers,4,Engaged Non-Buyers
CUST-102672,2025-01-05,Germany,Mobile,Referral,15,77,514.7,0.204,43,2,0,0.0,19,1,2,0.304,1,0.0,0.0,5.13,74.91,Engaged Non-Buyers,0,Product Researchers
CUST-102673,2025-02-15,India,Desktop,Organic Search,4,14,109.5,0.728,5,0,0,0.0,96,0,1,0.366,0,0.0,0.0,3.5,24.75,One-time Visitors,3,Engaged Non-Buyers
CUST-102674,2025-01-19,United States,Desktop,Referral,3,23,83.1,0.593,11,0,0,0.0,176,1,0,0.204,0,0.0,0.0,7.67,41.68,One-time Visitors,1,Low Engagement / At-Risk Visitors
CUST-102675,2025-06-08,United States,Mobile,Direct,16,98,364.0,0.348,47,7,1,76.66,16,2,0,0.788,0,0.0625,0.1429,6.12,68.1,Deal Seekers,4,Engaged Non-Buyers
CUST-102676,2025-01-25,Australia,Mobile,Paid Search,17,96,477.5,0.381,52,2,1,66.48,41,1,1,0.169,1,0.0588,0.5,5.65,73.01,Engaged Non-Buyers,0,Product Researchers
CUST-102677,2025-01-26,India,Mobile,Direct,1,8,65.4,0.648,6,1,0,0.0,132,1,0,0.267,0,0.0,0.0,8.0,38.92,One-time Visitors,1,Low Engagement / At-Risk Visitors
CUST-102678,2025-05-24,United Kingdom,Desktop,Email,26,134,389.4,0.135,60,17,3,364.01,5,5,3,0.241,1,0.1154,0.1765,5.15,75.66,High Value Loyal,2,High Value Loyal Customers
CUST-102679,2025-01-18,Germany,Mobile,Direct,4,25,136.6,0.548,6,0,0,0.0,154,0,0,0.268,0,0.0,0.0,6.25,39.5,One-time Visitors,3,Engaged Non-Buyers
CUST-102680,2025-01-27,United Kingdom,Desktop,Organic Search,19,107,392.6,0.541,51,0,1,50.52,15,5,1,0.431,1,0.0526,0.0,5.63,64.4,Product Researchers,0,Product Researchers
CUST-102681,2025-01-11,United Kingdom,Mobile,Paid Search,13,82,400.0,0.37,37,2,1,49.11,10,0,0,0.133,1,0.0769,0.5,6.31,66.86,Engaged Non-Buyers,0,Product Researchers
CUST-102682,2025-02-11,Germany,Mobile,Direct,5,21,75.1,0.815,6,0,0,0.0,127,0,0,0.147,0,0.0,0.0,4.2,23.36,One-time Visitors,3,Engaged Non-Buyers
CUST-102683,2025-03-27,United Kingdom,Mobile,Display,17,81,510.3,0.137,39,4,0,0.0,55,2,0,0.255,1,0.0,0.0,4.76,73.97,Engaged Non-Buyers,0,Product Researchers
CUST-102684,2025-01-26,Canada,Desktop,Organic Search,15,99,532.4,0.223,49,3,0,0.0,25,1,1,0.26,1,0.0,0.0,6.6,81.76,Engaged Non-Buyers,0,Product Researchers
CUST-102685,2025-05-20,India,Mobile,Direct,3,13,93.4,0.633,5,0,0,0.0,66,1,0,0.347,1,0.0,0.0,4.33,28.93,One-time Visitors,3,Engaged Non-Buyers
CUST-102686,2025-04-15,United States,Mobile,Direct,1,10,98.4,0.919,4,0,0,0.0,87,0,0,0.376,0,0.0,0.0,10.0,33.19,One-time Visitors,1,Low Engagement / At-Risk Visitors
CUST-102687,2025-03-15,United States,Mobile,Paid Search,26,140,560.2,0.262,57,10,7,472.07,14,5,0,0.512,1,0.2692,0.7,5.38,80.83,High Value Loyal,2,High Value Loyal Customers
CUST-102688,2025-04-04,United Kingdom,Desktop,Organic Search,4,21,75.6,0.783,9,0,0,0.0,77,0,0,0.202,0,0.0,0.0,5.25,28.37,One-time Visitors,3,Engaged Non-Buyers
CUST-102689,2025-06-16,United Kingdom,Desktop,Paid Social,4,19,89.7,0.964,6,1,0,0.0,166,0,0,0.231,0,0.0,0.0,4.75,22.07,One-time Visitors,3,Engaged Non-Buyers
CUST-102690,2025-05-08,United States,Mobile,Direct,19,111,402.0,0.28,44,2,0,0.0,51,0,1,0.015,1,0.0,0.0,5.84,69.89,Engaged Non-Buyers,0,Product Researchers
CUST-102691,2025-03-26,India,Mobile,Referral,4,26,92.4,0.515,10,0,0,0.0,172,0,0,0.121,1,0.0,0.0,6.5,40.13,One-time Visitors,3,Engaged Non-Buyers
CUST-102692,2025-04-02,United States,Desktop,Referral,2,17,84.2,0.886,11,1,0,0.0,164,0,0,0.097,0,0.0,0.0,8.5,35.45,One-time Visitors,1,Low Engagement / At-Risk Visitors
CUST-102693,2025-02-28,Netherlands,Desktop,Direct,5,18,91.0,0.652,6,1,0,0.0,159,0,0,0.138,0,0.0,0.0,3.6,26.36,One-time Visitors,3,Engaged Non-Buyers
CUST-102694,2025-05-01,United Kingdom,Mobile,Direct,2,8,187.0,0.544,3,0,0,0.0,114,0,0,0.183,0,0.0,0.0,4.0,34.18,One-time Visitors,3,Engaged Non-Buyers
CUST-102695,2025-06-02,United Kingdom,Desktop,Paid Search,11,89,346.5,0.295,58,0,0,0.0,14,1,1,0.503,1,0.0,0.0,8.09,77.79,Product Researchers,0,Product Researchers
CUST-102696,2025-05-13,India,Mobile,Direct,16,105,430.6,0.218,48,3,0,0.0,57,3,1,0.279,0,0.0,0.0,6.56,76.35,Engaged Non-Buyers,0,Product Researchers
CUST-102697,2025-03-09,United States,Tablet,Email,15,91,552.7,0.069,49,0,1,87.7,64,0,3,0.562,1,0.0667,0.0,6.07,84.94,Product Researchers,0,Product Researchers
CUST-102698,2025-02-09,United Kingdom,Desktop,Organic Search,29,156,503.0,0.04,74,12,6,585.54,13,1,0,0.225,1,0.2069,0.5,5.38,85.96,High Value Loyal,2,High Value Loyal Customers
CUST-102699,2025-02-28,United Kingdom,Desktop,Referral,26,133,489.3,0.518,65,15,6,560.07,13,4,0,0.146,1,0.2308,0.4,5.12,72.5,High Value Loyal,2,High Value Loyal Customers
CUST-102700,2025-01-07,India,Mobile,Organic Search,20,130,322.9,0.281,64,1,2,119.85,71,3,1,0.106,1,0.1,1.0,6.5,74.12,Product Researchers,4,Engaged Non-Buyers
CUST-102701,2025-04-23,Canada,Tablet,Paid Search,18,105,383.2,0.218,50,0,0,0.0,50,3,1,0.425,1,0.0,0.0,5.83,72.31,Product Researchers,0,Product Researchers
CUST-102702,2025-01-26,Canada,Desktop,Organic Search,22,116,382.2,0.507,58,4,0,0.0,43,1,2,0.456,1,0.0,0.0,5.27,65.76,Product Researchers,0,Product Researchers
CUST-102703,2025-06-11,India,Desktop,Direct,33,149,631.9,0.231,47,10,8,774.67,5,2,1,0.315,1,0.2424,0.8,4.52,77.79,High Value Loyal,2,High Value Loyal Customers
CUST-102704,2025-01-09,United Kingdom,Desktop,Direct,12,87,432.9,0.353,39,3,0,0.0,33,3,1,0.424,1,0.0,0.0,7.25,72.47,Product Researchers,0,Product Researchers
CUST-102705,2025-01-21,Germany,Mobile,Organic Search,14,83,646.5,0.532,42,3,0,0.0,55,3,1,0.335,1,0.0,0.0,5.93,73.14,Engaged Non-Buyers,0,Product Researchers
CUST-102706,2025-04-08,United Kingdom,Mobile,Paid Search,2,16,105.8,0.523,10,0,0,0.0,124,0,0,0.246,0,0.0,0.0,8.0,45.3,One-time Visitors,1,Low Engagement / At-Risk Visitors
CUST-102707,2025-03-14,United Kingdom,Desktop,Email,2,13,87.5,0.685,7,1,0,0.0,144,0,0,0.157,0,0.0,0.0,6.5,34.71,One-time Visitors,3,Engaged Non-Buyers
CUST-102708,2025-06-11,United Kingdom,Desktop,Organic Search,18,112,439.5,0.419,46,3,1,55.78,17,2,0,0.203,0,0.0556,0.3333,6.22,70.09,Product Researchers,0,Product Researchers
CUST-102709,2025-04-05,United Kingdom,Tablet,Email,22,112,489.1,0.176,46,3,0,0.0,13,4,2,0.37,1,0.0,0.0,5.09,75.12,Engaged Non-Buyers,0,Product Researchers
CUST-102710,2025-06-03,France,Mobile,Paid Search,28,145,652.9,0.18,68,15,6,357.68,4,1,0,0.451,1,0.2143,0.4,5.18,86.67,High Value Loyal,2,High Value Loyal Customers
CUST-102711,2025-06-26,United States,Tablet,Paid Social,1,10,54.0,0.512,6,0,0,0.0,162,0,0,0.101,0,0.0,0.0,10.0,41.73,One-time Visitors,1,Low Engagement / At-Risk Visitors
CUST-102712,2025-05-28,Germany,Desktop,Paid Social,3,16,124.3,0.658,7,0,0,0.0,59,0,0,0.346,0,0.0,0.0,5.33,33.6,One-time Visitors,3,Engaged Non-Buyers
CUST-102713,2025-04-24,Germany,Mobile,Organic Search,17,128,369.4,0.471,79,0,1,61.31,45,2,2,0.592,1,0.0588,0.0,7.53,75.22,Product Researchers,0,Product Researchers
CUST-102714,2025-02-16,India,Desktop,Referral,16,104,467.6,0.41,58,1,1,59.97,67,4,2,0.398,1,0.0625,1.0,6.5,76.3,Product Researchers,4,Engaged Non-Buyers
CUST-102715,2025-02-18,Canada,Mobile,Paid Social,25,145,671.9,0.113,57,10,6,701.09,5,1,1,0.244,1,0.24,0.6,5.8,87.83,High Value Loyal,2,High Value Loyal Customers
CUST-102716,2025-06-21,United States,Desktop,Organic Search,41,212,537.7,0.134,74,13,6,581.05,14,1,0,0.131,1,0.1463,0.4615,5.17,84.68,High Value Loyal,2,High Value Loyal Customers
CUST-102717,2025-05-31,Netherlands,Desktop,Organic Search,21,105,482.6,0.132,38,10,3,142.58,34,2,3,0.472,1,0.1429,0.3,5.0,73.15,Deal Seekers,4,Engaged Non-Buyers
CUST-102718,2025-04-03,United Kingdom,Tablet,Organic Search,14,75,459.6,0.337,32,6,1,81.47,5,4,1,0.853,1,0.0714,0.1667,5.36,66.13,Deal Seekers,4,Engaged Non-Buyers
CUST-102719,2025-04-04,Canada,Mobile,Display,13,101,674.8,0.483,62,2,1,98.74,67,1,0,0.429,1,0.0769,0.5,7.77,86.28,Product Researchers,0,Product Researchers
CUST-102720,2025-05-20,United Kingdom,Mobile,Paid Social,29,98,327.3,0.435,30,5,1,63.12,15,2,0,0.979,1,0.0345,0.2,3.38,50.28,Deal Seekers,4,Engaged Non-Buyers
CUST-102721,2025-05-13,United States,Mobile,Email,23,112,497.1,0.284,50,4,0,0.0,28,2,2,0.249,1,0.0,0.0,4.87,73.35,Engaged Non-Buyers,0,Product Researchers
CUST-102722,2025-03-02,United States,Mobile,Organic Search,32,148,455.8,0.386,61,15,4,425.88,7,3,0,0.327,1,0.125,0.2667,4.62,71.36,High Value Loyal,2,High Value Loyal Customers
CUST-102723,2025-03-17,United States,Mobile,Paid Social,15,92,419.5,0.15,41,3,0,0.0,37,2,0,0.177,1,0.0,0.0,6.13,74.02,Engaged Non-Buyers,0,Product Researchers
CUST-102724,2025-04-08,United Kingdom,Mobile,Direct,18,84,388.8,0.26,46,4,0,0.0,21,1,0,0.377,1,0.0,0.0,4.67,66.68,Product Researchers,0,Product Researchers
CUST-102725,2025-06-06,United Kingdom,Desktop,Organic Search,23,106,362.3,0.137,45,8,2,63.17,16,2,1,0.676,1,0.087,0.25,4.61,67.93,Deal Seekers,4,Engaged Non-Buyers
CUST-102726,2025-04-30,Australia,Desktop,Direct,18,107,506.8,0.171,49,3,0,0.0,37,2,0,0.137,0,0.0,0.0,5.94,79.71,Engaged Non-Buyers,0,Product Researchers
CUST-102727,2025-06-24,United Kingdom,Mobile,Organic Search,16,107,408.1,0.202,53,1,2,173.37,57,2,1,0.346,0,0.125,1.0,6.69,77.55,Product Researchers,4,Engaged Non-Buyers
CUST-102728,2025-02-26,Germany,Mobile,Paid Search,27,157,595.9,0.209,79,14,5,519.21,8,2,1,0.174,1,0.1852,0.3571,5.81,87.75,High Value Loyal,2,High Value Loyal Customers
CUST-102729,2025-04-25,United Kingdom,Desktop,Paid Social,12,84,515.0,0.467,49,4,0,0.0,52,3,0,0.156,1,0.0,0.0,7.0,76.03,Engaged Non-Buyers,0,Product Researchers
CUST-102730,2025-02-16,India,Desktop,Direct,17,79,451.9,0.084,43,9,2,127.67,27,2,0,0.867,1,0.1176,0.2222,4.65,73.24,Deal Seekers,4,Engaged Non-Buyers
CUST-102731,2025-01-20,India,Mobile,Paid Search,18,99,465.0,0.389,42,1,1,54.62,65,2,1,0.355,1,0.0556,1.0,5.5,68.63,Product Researchers,4,Engaged Non-Buyers
CUST-102732,2025-03-31,United Kingdom,Desktop,Email,3,8,104.0,0.745,5,1,0,0.0,160,0,0,0.17,1,0.0,0.0,2.67,21.45,One-time Visitors,3,Engaged Non-Buyers
CUST-102733,2025-05-19,France,Mobile,Paid Search,3,15,100.5,0.953,7,1,0,0.0,141,0,0,0.312,0,0.0,0.0,5.0,23.99,One-time Visitors,3,Engaged Non-Buyers
CUST-102734,2025-02-23,India,Mobile,Paid Social,4,21,87.8,0.896,6,0,0,0.0,68,0,0,0.073,0,0.0,0.0,5.25,25.23,One-time Visitors,3,Engaged Non-Buyers
CUST-102735,2025-01-27,India,Mobile,Paid Search,18,90,456.1,0.348,42,3,0,0.0,46,1,0,0.207,1,0.0,0.0,5.0,67.65,Engaged Non-Buyers,0,Product Researchers
CUST-102736,2025-06-19,France,Mobile,Paid Search,5,21,114.9,0.771,4,0,1,29.02,151,1,0,0.284,1,0.2,0.0,4.2,25.83,One-time Visitors,3,Engaged Non-Buyers
CUST-102737,2025-01-04,United Kingdom,Tablet,Paid Search,16,79,249.3,0.108,32,6,2,73.71,36,2,0,0.79,1,0.125,0.3333,4.94,60.04,Deal Seekers,4,Engaged Non-Buyers
CUST-102738,2025-05-27,United Kingdom,Mobile,Organic Search,15,91,523.7,0.271,48,4,0,0.0,67,3,0,0.495,1,0.0,0.0,6.07,78.13,Product Researchers,0,Product Researchers
CUST-102739,2025-01-01,Canada,Desktop,Referral,11,94,443.5,0.242,61,2,1,76.7,50,2,0,0.436,1,0.0909,0.5,8.55,84.9,Product Researchers,0,Product Researchers
CUST-102740,2025-01-17,Germany,Mobile,Paid Social,29,149,355.7,0.074,59,14,5,542.88,2,3,1,0.084,1,0.1724,0.3571,5.14,75.14,High Value Loyal,2,High Value Loyal Customers
CUST-102741,2025-06-27,United States,Desktop,Organic Search,16,102,465.4,0.247,54,5,0,0.0,59,3,0,0.156,1,0.0,0.0,6.38,78.63,Product Researchers,0,Product Researchers
CUST-102742,2025-01-07,United States,Desktop,Paid Search,4,14,20.0,0.755,8,1,0,0.0,73,0,0,0.395,0,0.0,0.0,3.5,20.54,One-time Visitors,3,Engaged Non-Buyers
CUST-102743,2025-01-14,United States,Mobile,Organic Search,16,104,364.1,0.238,55,2,0,0.0,15,1,0,0.357,1,0.0,0.0,6.5,74.49,Product Researchers,0,Product Researchers
CUST-102744,2025-05-08,India,Desktop,Direct,20,119,361.6,0.551,57,1,0,0.0,62,2,1,0.443,1,0.0,0.0,5.95,65.43,Product Researchers,0,Product Researchers
CUST-102745,2025-06-21,United Kingdom,Desktop,Organic Search,20,90,639.1,0.186,46,2,0,0.0,69,3,0,0.668,0,0.0,0.0,4.5,78.57,Product Researchers,0,Product Researchers
CUST-102746,2025-02-10,India,Mobile,Organic Search,16,95,509.7,0.075,54,4,0,0.0,72,2,0,0.322,1,0.0,0.0,5.94,83.77,Product Researchers,0,Product Researchers
CUST-102747,2025-01-17,Canada,Tablet,Organic Search,2,14,153.9,0.886,8,0,0,0.0,111,0,0,0.277,0,0.0,0.0,7.0,34.88,One-time Visitors,1,Low Engagement / At-Risk Visitors
CUST-102748,2025-05-11,Canada,Desktop,Organic Search,22,113,477.1,0.295,35,2,0,0.0,5,2,0,0.168,1,0.0,0.0,5.14,68.3,Engaged Non-Buyers,0,Product Researchers
CUST-102749,2025-01-11,India,Desktop,Organic Search,22,118,176.4,0.2,34,3,1,55.0,37,2,2,0.933,1,0.0455,0.3333,5.36,56.03,Deal Seekers,4,Engaged Non-Buyers
CUST-102750,2025-03-27,United Kingdom,Mobile,Organic Search,17,95,305.3,0.146,44,3,0,0.0,32,2,2,0.792,1,0.0,0.0,5.59,67.61,Deal Seekers,0,Product Researchers
CUST-102751,2025-01-15,India,Desktop,Email,14,89,445.4,0.318,34,8,1,62.45,5,2,0,0.528,1,0.0714,0.125,6.36,69.64,Deal Seekers,4,Engaged Non-Buyers
CUST-102752,2025-03-09,United Kingdom,Desktop,Organic Search,12,73,565.4,0.293,50,0,1,52.08,53,2,2,0.261,1,0.0833,0.0,6.08,80.34,Engaged Non-Buyers,0,Product Researchers
CUST-102753,2025-04-30,France,Mobile,Direct,16,85,335.9,0.442,39,3,0,0.0,14,2,0,0.479,0,0.0,0.0,5.31,59.34,Engaged Non-Buyers,0,Product Researchers
CUST-102754,2025-04-21,United States,Tablet,Organic Search,18,99,340.3,0.191,51,11,1,49.92,44,1,0,0.537,1,0.0556,0.0909,5.5,70.12,Deal Seekers,4,Engaged Non-Buyers
CUST-102755,2025-06-23,India,Desktop,Organic Search,22,105,431.2,0.284,47,3,0,0.0,5,3,0,0.439,0,0.0,0.0,4.77,68.84,Engaged Non-Buyers,0,Product Researchers
CUST-102756,2025-04-15,United Kingdom,Mobile,Display,10,87,388.7,0.23,57,2,0,0.0,10,0,1,0.317,1,0.0,0.0,8.7,81.23,Product Researchers,0,Product Researchers
CUST-102757,2025-01-16,United States,Mobile,Direct,18,88,487.0,0.112,39,4,1,51.29,63,4,0,0.509,1,0.0556,0.25,4.89,73.82,Engaged Non-Buyers,0,Product Researchers
CUST-102758,2025-06-29,United Kingdom,Desktop,Organic Search,8,74,482.6,0.255,52,2,1,59.36,21,1,1,0.305,1,0.125,0.5,9.25,83.74,Product Researchers,0,Product Researchers
CUST-102759,2025-03-05,Germany,Mobile,Organic Search,22,105,567.1,0.483,40,4,0,0.0,34,3,2,0.269,0,0.0,0.0,4.77,68.51,Engaged Non-Buyers,0,Product Researchers
CUST-102760,2025-04-15,India,Mobile,Organic Search,16,100,475.8,0.08,46,3,0,0.0,35,0,3,0.315,1,0.0,0.0,6.25,80.49,Product Researchers,0,Product Researchers
CUST-102761,2025-05-13,United Kingdom,Desktop,Email,14,108,483.0,0.329,45,7,5,324.68,27,2,3,0.85,1,0.3571,0.7143,7.71,78.89,Deal Seekers,4,Engaged Non-Buyers
CUST-102762,2025-02-16,India,Mobile,Paid Search,18,85,502.3,0.236,41,4,0,0.0,44,4,0,0.327,1,0.0,0.0,4.72,71.6,Engaged Non-Buyers,0,Product Researchers
CUST-102763,2025-02-03,United States,Mobile,Referral,17,98,353.6,0.468,46,8,2,134.21,3,2,2,0.737,0,0.1176,0.25,5.76,63.15,Deal Seekers,4,Engaged Non-Buyers
CUST-102764,2025-03-30,United Kingdom,Mobile,Paid Search,5,18,109.5,0.729,6,0,0,0.0,130,0,1,0.044,0,0.0,0.0,3.6,25.35,One-time Visitors,3,Engaged Non-Buyers
CUST-102765,2025-01-09,India,Desktop,Email,10,83,342.8,0.34,53,2,0,0.0,44,2,1,0.161,1,0.0,0.0,8.3,74.96,Product Researchers,0,Product Researchers
CUST-102766,2025-06-11,United States,Mobile,Paid Social,22,121,416.3,0.188,46,4,2,121.78,4,2,1,0.867,1,0.0909,0.5,5.5,72.45,Deal Seekers,4,Engaged Non-Buyers
CUST-102767,2025-04-12,United Kingdom,Desktop,Display,15,104,365.0,0.213,52,1,1,107.37,30,3,0,0.55,0,0.0667,1.0,6.93,75.58,Product Researchers,4,Engaged Non-Buyers
CUST-102768,2025-02-01,United States,Mobile,Referral,15,83,462.9,0.147,38,3,0,0.0,53,3,0,0.427,1,0.0,0.0,5.53,73.47,Engaged Non-Buyers,0,Product Researchers
CUST-102769,2025-05-08,United Kingdom,Desktop,Organic Search,19,94,321.6,0.315,34,8,0,0.0,39,2,0,0.744,1,0.0,0.0,4.95,59.12,Deal Seekers,4,Engaged Non-Buyers
CUST-102770,2025-03-15,Australia,Mobile,Paid Social,20,129,508.5,0.199,60,11,4,479.6,6,5,0,0.6,1,0.2,0.3636,6.45,84.08,High Value Loyal,2,High Value Loyal Customers
CUST-102771,2025-05-29,France,Desktop,Paid Social,19,90,599.1,0.103,34,7,0,0.0,44,3,0,0.342,1,0.0,0.0,4.74,77.63,Engaged Non-Buyers,0,Product Researchers
CUST-102772,2025-05-18,United Kingdom,Desktop,Display,33,163,483.9,0.397,61,8,5,358.87,13,3,1,0.449,1,0.1515,0.625,4.94,73.48,High Value Loyal,2,High Value Loyal Customers
CUST-102773,2025-03-16,Germany,Desktop,Direct,15,95,369.4,0.46,43,7,2,84.2,7,3,0,0.77,0,0.1333,0.2857,6.33,65.0,Deal Seekers,4,Engaged Non-Buyers
CUST-102774,2025-06-16,United States,Mobile,Paid Search,11,77,478.3,0.297,45,3,0,0.0,42,3,1,0.325,1,0.0,0.0,7.0,77.2,Product Researchers,0,Product Researchers
CUST-102775,2025-05-04,United Kingdom,Desktop,Email,4,17,74.5,0.685,10,1,0,0.0,153,0,0,0.469,0,0.0,0.0,4.25,27.95,One-time Visitors,3,Engaged Non-Buyers
CUST-102776,2025-01-09,United Kingdom,Mobile,Email,14,84,537.5,0.295,46,0,0,0.0,59,0,0,0.28,1,0.0,0.0,6.0,77.4,Engaged Non-Buyers,0,Product Researchers
CUST-102777,2025-05-11,Canada,Mobile,Direct,15,96,344.9,0.094,44,3,2,182.72,8,1,1,0.889,1,0.1333,0.6667,6.4,73.43,Deal Seekers,4,Engaged Non-Buyers
CUST-102778,2025-03-29,United States,Mobile,Organic Search,16,99,286.6,0.307,43,5,4,212.58,35,3,0,0.527,1,0.25,0.8,6.19,64.22,Deal Seekers,4,Engaged Non-Buyers
CUST-102779,2025-02-18,Canada,Mobile,Direct,19,106,495.4,0.26,46,4,1,53.26,20,2,0,0.085,1,0.0526,0.25,5.58,74.85,Engaged Non-Buyers,0,Product Researchers
CUST-102780,2025-05-20,United Kingdom,Tablet,Email,13,100,535.2,0.366,64,2,1,95.37,27,2,0,0.078,0,0.0769,0.5,7.69,86.33,Product Researchers,0,Product Researchers
CUST-102781,2025-06-18,India,Desktop,Direct,17,111,548.0,0.124,57,3,0,0.0,50,0,0,0.38,0,0.0,0.0,6.53,87.24,Engaged Non-Buyers,0,Product Researchers
CUST-102782,2025-01-16,United Kingdom,Desktop,Paid Social,12,85,438.5,0.164,56,7,0,0.0,54,2,1,0.657,1,0.0,0.0,7.08,82.19,Product Researchers,0,Product Researchers
CUST-102783,2025-06-08,United Kingdom,Mobile,Organic Search,20,86,350.2,0.339,35,3,2,121.36,30,3,1,0.753,1,0.1,0.6667,4.3,58.25,Deal Seekers,4,Engaged Non-Buyers
CUST-102784,2025-04-11,United Kingdom,Mobile,Direct,15,74,655.4,0.185,35,6,0,0.0,53,0,1,0.539,1,0.0,0.0,4.93,76.57,Engaged Non-Buyers,0,Product Researchers
CUST-102785,2025-02-13,Australia,Tablet,Organic Search,18,101,286.7,0.449,42,10,1,56.49,14,2,1,0.889,0,0.0556,0.1,5.61,58.56,Deal Seekers,4,Engaged Non-Buyers
CUST-102786,2025-06-29,United States,Mobile,Email,14,87,427.1,0.539,43,5,2,79.14,5,3,2,0.777,1,0.1429,0.4,6.21,65.52,Deal Seekers,4,Engaged Non-Buyers
CUST-102787,2025-03-17,United Kingdom,Desktop,Organic Search,13,96,496.5,0.256,59,3,1,86.46,64,3,1,0.515,0,0.0769,0.3333,7.38,84.65,Product Researchers,0,Product Researchers
CUST-102788,2025-05-08,United States,Desktop,Email,16,86,333.6,0.245,38,3,4,214.19,11,2,2,0.791,1,0.25,1.0,5.38,64.04,Deal Seekers,4,Engaged Non-Buyers
CUST-102789,2025-03-25,United Kingdom,Desktop,Email,17,101,290.1,0.364,48,6,2,132.71,30,5,1,0.856,1,0.1176,0.3333,5.94,63.74,Deal Seekers,4,Engaged Non-Buyers
CUST-102790,2025-06-04,United Kingdom,Mobile,Paid Social,13,81,253.7,0.541,40,8,2,139.45,24,2,1,0.656,1,0.1538,0.25,6.23,55.94,Deal Seekers,4,Engaged Non-Buyers
CUST-102791,2025-05-29,Netherlands,Mobile,Email,16,84,383.6,0.44,38,4,1,54.44,39,1,2,0.298,1,0.0625,0.25,5.25,61.29,Deal Seekers,0,Product Researchers
CUST-102792,2025-04-01,India,Desktop,Direct,12,91,350.2,0.348,51,6,0,0.0,9,2,0,0.308,1,0.0,0.0,7.58,73.21,Product Researchers,0,Product Researchers
CUST-102793,2025-02-17,India,Desktop,Paid Social,2,18,36.7,0.742,9,0,0,0.0,70,0,0,0.253,0,0.0,0.0,9.0,36.05,One-time Visitors,1,Low Engagement / At-Risk Visitors
CUST-102794,2025-01-29,United States,Mobile,Organic Search,12,89,443.6,0.508,43,1,0,0.0,15,3,2,0.17,1,0.0,0.0,7.42,70.9,Product Researchers,0,Product Researchers
CUST-102795,2025-02-09,United Kingdom,Mobile,Organic Search,31,175,496.9,0.369,71,6,5,498.59,6,1,1,0.347,1,0.1613,0.8333,5.65,78.26,High Value Loyal,2,High Value Loyal Customers
CUST-102796,2025-03-19,Netherlands,Mobile,Direct,2,10,98.8,0.568,8,0,0,0.0,178,0,0,0.223,0,0.0,0.0,5.0,33.84,One-time Visitors,3,Engaged Non-Buyers
CUST-102797,2025-02-25,Netherlands,Mobile,Direct,1,14,190.8,0.921,7,1,1,59.6,129,0,0,0.364,0,1.0,1.0,14.0,38.67,One-time Visitors,1,Low Engagement / At-Risk Visitors
CUST-102798,2025-06-24,France,Desktop,Organic Search,22,120,278.2,0.358,55,7,3,200.35,6,1,0,0.91,1,0.1364,0.4286,5.45,63.93,Deal Seekers,4,Engaged Non-Buyers
CUST-102799,2025-02-17,India,Mobile,Paid Search,10,82,412.2,0.386,54,0,1,102.97,74,2,1,0.303,1,0.1,0.0,8.2,77.58,Product Researchers,0,Product Researchers
CUST-102800,2025-01-21,India,Mobile,Paid Search,16,104,382.7,0.479,49,2,1,53.53,9,2,1,0.163,0,0.0625,0.5,6.5,67.56,Engaged Non-Buyers,0,Product Researchers
CUST-102801,2025-04-12,United Kingdom,Mobile,Email,21,113,470.7,0.25,40,0,0,0.0,61,5,0,0.292,1,0.0,0.0,5.38,71.42,Engaged Non-Buyers,0,Product Researchers
CUST-102802,2025-01-15,France,Desktop,Direct,14,96,379.8,0.617,50,1,0,0.0,56,0,0,0.395,1,0.0,0.0,6.86,65.37,Product Researchers,0,Product Researchers
CUST-102803,2025-04-11,United Kingdom,Desktop,Organic Search,16,85,348.7,0.181,41,4,4,147.83,9,2,0,0.442,1,0.25,1.0,5.31,67.12,Deal Seekers,4,Engaged Non-Buyers
CUST-102804,2025-05-24,United Kingdom,Mobile,Organic Search,9,67,317.0,0.228,42,3,1,52.15,6,4,1,0.859,1,0.1111,0.3333,7.44,71.34,Deal Seekers,4,Engaged Non-Buyers
CUST-102805,2025-02-24,Germany,Desktop,Email,27,154,373.7,0.091,67,15,7,527.94,2,2,1,0.347,1,0.2593,0.4667,5.7,79.24,High Value Loyal,2,High Value Loyal Customers
CUST-102806,2025-06-29,United Kingdom,Mobile,Paid Social,18,98,342.1,0.344,36,8,3,240.93,24,2,1,0.527,1,0.1667,0.375,5.44,61.59,Deal Seekers,4,Engaged Non-Buyers
CUST-102807,2025-05-08,United Kingdom,Mobile,Paid Search,11,89,347.2,0.14,61,0,0,0.0,66,2,1,0.62,0,0.0,0.0,8.09,82.62,Product Researchers,0,Product Researchers
CUST-102808,2025-03-05,United States,Mobile,Organic Search,14,99,405.1,0.144,59,4,0,0.0,41,3,1,0.168,1,0.0,0.0,7.07,81.91,Product Researchers,0,Product Researchers
CUST-102809,2025-02-11,United Kingdom,Mobile,Direct,17,106,334.7,0.338,46,12,4,164.75,31,0,3,0.413,1,0.2353,0.3333,6.24,66.94,Deal Seekers,4,Engaged Non-Buyers
CUST-102810,2025-01-26,United States,Mobile,Organic Search,13,99,507.3,0.307,62,4,0,0.0,40,2,1,0.543,1,0.0,0.0,7.62,85.58,Product Researchers,0,Product Researchers
CUST-102811,2025-02-28,Germany,Mobile,Direct,14,98,464.4,0.255,49,1,0,0.0,65,2,3,0.549,1,0.0,0.0,7.0,78.79,Product Researchers,0,Product Researchers
CUST-102812,2025-05-12,India,Desktop,Display,5,23,119.5,0.555,7,0,0,0.0,88,0,0,0.301,0,0.0,0.0,4.6,33.63,One-time Visitors,3,Engaged Non-Buyers
CUST-102813,2025-05-02,United States,Tablet,Direct,15,74,479.2,0.301,38,4,0,0.0,48,2,1,0.236,0,0.0,0.0,4.93,68.54,Engaged Non-Buyers,0,Product Researchers
CUST-102814,2025-04-05,United Kingdom,Mobile,Referral,14,93,453.8,0.269,42,5,0,0.0,6,3,1,0.587,1,0.0,0.0,6.64,74.65,Engaged Non-Buyers,0,Product Researchers
CUST-102815,2025-03-06,Canada,Mobile,Direct,11,93,353.5,0.327,59,2,0,0.0,40,3,1,0.374,1,0.0,0.0,8.45,77.66,Product Researchers,0,Product Researchers
CUST-102816,2025-03-20,India,Desktop,Referral,14,69,377.7,0.33,32,3,0,0.0,62,3,0,0.132,1,0.0,0.0,4.93,60.88,Engaged Non-Buyers,0,Product Researchers
CUST-102817,2025-05-01,United States,Desktop,Paid Search,3,21,48.5,0.847,7,0,0,0.0,116,0,0,0.269,0,0.0,0.0,7.0,30.29,One-time Visitors,1,Low Engagement / At-Risk Visitors
CUST-102818,2025-02-15,Germany,Mobile,Paid Search,27,126,425.7,0.36,46,12,5,693.75,13,1,0,0.598,1,0.1852,0.4167,4.67,66.03,High Value Loyal,2,High Value Loyal Customers
CUST-102819,2025-03-01,United States,Mobile,Referral,19,134,590.3,0.664,69,17,7,592.5,7,3,1,0.173,1,0.3684,0.4118,7.05,79.95,High Value Loyal,2,High Value Loyal Customers
CUST-102820,2025-03-21,United Kingdom,Mobile,Organic Search,1,6,40.9,0.72,5,0,0,0.0,145,0,0,0.156,0,0.0,0.0,6.0,29.33,One-time Visitors,3,Engaged Non-Buyers
CUST-102821,2025-02-13,India,Desktop,Organic Search,3,19,54.1,0.857,5,0,0,0.0,138,1,0,0.118,0,0.0,0.0,6.33,27.6,One-time Visitors,3,Engaged Non-Buyers
CUST-102822,2025-06-11,United States,Mobile,Paid Social,4,22,88.9,0.761,5,0,0,0.0,47,0,0,0.371,0,0.0,0.0,5.5,29.15,One-time Visitors,3,Engaged Non-Buyers
CUST-102823,2025-06-12,Germany,Desktop,Organic Search,19,116,465.1,0.372,49,3,0,0.0,36,4,2,0.381,1,0.0,0.0,6.11,73.12,Product Researchers,0,Product Researchers
CUST-102824,2025-05-14,Germany,Mobile,Organic Search,5,21,118.4,0.71,6,0,0,0.0,49,0,0,0.406,0,0.0,0.0,4.2,28.13,One-time Visitors,3,Engaged Non-Buyers
CUST-102825,2025-03-15,United States,Mobile,Direct,3,11,107.9,0.704,6,0,0,0.0,65,0,0,0.091,0,0.0,0.0,3.67,26.09,One-time Visitors,3,Engaged Non-Buyers
CUST-102826,2025-04-06,United Kingdom,Mobile,Paid Social,2,8,51.7,0.652,4,0,0,0.0,80,0,0,0.115,0,0.0,0.0,4.0,25.02,One-time Visitors,3,Engaged Non-Buyers
CUST-102827,2025-01-17,United Kingdom,Mobile,Referral,22,137,547.9,0.146,62,19,9,626.5,10,2,0,0.417,1,0.4091,0.4737,6.23,87.28,High Value Loyal,2,High Value Loyal Customers
CUST-102828,2025-04-21,United Kingdom,Desktop,Email,14,93,364.6,0.171,48,2,1,84.44,73,4,0,0.438,1,0.0714,0.5,6.64,74.49,Product Researchers,0,Product Researchers
CUST-102829,2025-05-26,India,Tablet,Paid Social,17,87,320.4,0.446,44,7,4,205.74,12,0,0,0.58,1,0.2353,0.5714,5.12,59.41,Deal Seekers,4,Engaged Non-Buyers
CUST-102830,2025-06-08,Australia,Mobile,Email,16,84,455.6,0.123,53,1,0,0.0,28,1,1,0.372,0,0.0,0.0,5.25,77.41,Product Researchers,0,Product Researchers
CUST-102831,2025-04-10,United States,Desktop,Paid Social,13,87,487.3,0.251,53,1,1,63.05,10,1,2,0.141,1,0.0769,1.0,6.69,80.32,Product Researchers,0,Product Researchers
CUST-102832,2025-04-13,United States,Tablet,Organic Search,25,150,413.6,0.084,71,12,9,1366.22,13,3,1,0.236,1,0.36,0.75,6.0,82.32,High Value Loyal,2,High Value Loyal Customers
CUST-102833,2025-03-28,India,Mobile,Display,5,21,130.5,0.913,6,0,0,0.0,53,1,0,0.18,0,0.0,0.0,4.2,23.67,One-time Visitors,3,Engaged Non-Buyers
CUST-102834,2025-02-21,United Kingdom,Desktop,Direct,14,106,343.2,0.182,58,0,1,69.96,57,2,1,0.141,1,0.0714,0.0,7.57,79.11,Product Researchers,0,Product Researchers
CUST-102835,2025-02-07,Australia,Desktop,Referral,22,112,386.6,0.278,41,4,1,100.19,33,5,2,0.607,1,0.0455,0.25,5.09,65.9,Engaged Non-Buyers,4,Engaged Non-Buyers
CUST-102836,2025-05-22,United Kingdom,Mobile,Display,22,140,548.2,0.079,69,17,5,585.54,7,3,0,0.632,1,0.2273,0.2941,6.36,90.33,High Value Loyal,2,High Value Loyal Customers
CUST-102837,2025-03-22,United Kingdom,Mobile,Email,26,141,429.7,0.149,62,12,4,320.02,2,3,0,0.356,1,0.1538,0.3333,5.42,78.78,High Value Loyal,2,High Value Loyal Customers
CUST-102838,2025-03-09,Netherlands,Mobile,Direct,33,174,202.3,0.165,71,13,5,766.19,9,0,0,0.138,1,0.1515,0.3846,5.27,67.47,High Value Loyal,2,High Value Loyal Customers
CUST-102839,2025-06-17,France,Tablet,Paid Social,16,82,349.4,0.359,35,5,0,0.0,45,2,1,0.143,1,0.0,0.0,5.12,60.29,Engaged Non-Buyers,0,Product Researchers
CUST-102840,2025-06-02,United Kingdom,Desktop,Paid Search,15,102,346.0,0.089,54,4,1,94.21,71,3,1,0.444,1,0.0667,0.25,6.8,77.94,Product Researchers,0,Product Researchers
CUST-102841,2025-06-11,United Kingdom,Desktop,Direct,4,19,121.7,0.818,5,0,1,44.42,142,0,0,0.504,0,0.25,0.0,4.75,27.02,One-time Visitors,3,Engaged Non-Buyers
CUST-102842,2025-03-29,India,Mobile,Email,25,154,427.5,0.249,68,19,9,824.75,11,1,0,0.226,1,0.36,0.4737,6.16,79.39,High Value Loyal,2,High Value Loyal Customers
CUST-102843,2025-01-21,India,Desktop,Organic Search,3,15,138.6,0.54,6,0,0,0.0,163,0,0,0.183,0,0.0,0.0,5.0,35.91,One-time Visitors,3,Engaged Non-Buyers
CUST-102844,2025-05-28,United Kingdom,Desktop,Organic Search,31,166,383.5,0.161,77,16,4,360.85,11,5,2,0.385,1,0.129,0.25,5.35,76.88,High Value Loyal,2,High Value Loyal Customers
CUST-102845,2025-01-22,Germany,Mobile,Organic Search,20,99,510.6,0.133,44,5,2,105.13,36,2,0,0.512,1,0.1,0.4,4.95,76.22,Engaged Non-Buyers,4,Engaged Non-Buyers
CUST-102846,2025-04-27,Australia,Desktop,Organic Search,17,103,469.9,0.419,53,1,1,58.64,60,0,1,0.075,1,0.0588,1.0,6.06,73.26,Product Researchers,0,Product Researchers
CUST-102847,2025-05-12,India,Mobile,Referral,14,99,348.3,0.346,46,4,0,0.0,38,1,1,0.102,1,0.0,0.0,7.07,70.01,Engaged Non-Buyers,0,Product Researchers
CUST-102848,2025-01-21,Netherlands,Desktop,Paid Search,3,20,91.4,0.823,7,0,0,0.0,178,0,0,0.131,0,0.0,0.0,6.67,31.98,One-time Visitors,3,Engaged Non-Buyers
CUST-102849,2025-04-11,France,Mobile,Organic Search,1,7,121.1,0.704,5,0,0,0.0,86,0,0,0.314,0,0.0,0.0,7.0,36.87,One-time Visitors,1,Low Engagement / At-Risk Visitors
CUST-102850,2025-06-21,United Kingdom,Desktop,Direct,11,67,356.1,0.284,37,8,0,0.0,8,1,1,0.816,1,0.0,0.0,6.09,66.11,Deal Seekers,4,Engaged Non-Buyers
CUST-102851,2025-04-09,France,Mobile,Email,1,9,83.6,0.791,8,0,0,0.0,91,0,0,0.299,0,0.0,0.0,9.0,36.87,One-time Visitors,1,Low Engagement / At-Risk Visitors
CUST-102852,2025-05-13,United Kingdom,Desktop,Organic Search,2,16,109.1,0.71,8,0,1,47.02,109,0,0,0.083,0,0.5,0.0,8.0,40.17,One-time Visitors,1,Low Engagement / At-Risk Visitors
CUST-102853,2025-06-15,United Kingdom,Mobile,Paid Social,1,4,103.8,0.959,2,0,0,0.0,72,0,0,0.152,0,0.0,0.0,4.0,19.34,One-time Visitors,3,Engaged Non-Buyers
CUST-102854,2025-05-29,France,Mobile,Paid Social,3,16,156.3,0.764,8,0,0,0.0,113,0,0,0.152,1,0.0,0.0,5.33,32.84,One-time Visitors,3,Engaged Non-Buyers
CUST-102855,2025-05-07,France,Desktop,Organic Search,18,88,354.0,0.355,36,7,0,0.0,48,2,1,0.138,1,0.0,0.0,4.89,60.18,Engaged Non-Buyers,0,Product Researchers
CUST-102856,2025-02-24,Australia,Mobile,Paid Social,4,27,109.6,0.635,7,0,0,0.0,152,0,0,0.336,1,0.0,0.0,6.75,37.86,One-time Visitors,1,Low Engagement / At-Risk Visitors
CUST-102857,2025-05-10,France,Desktop,Display,3,16,101.6,0.735,6,1,0,0.0,139,0,0,0.668,0,0.0,0.0,5.33,30.23,One-time Visitors,3,Engaged Non-Buyers
CUST-102858,2025-02-21,United Kingdom,Desktop,Organic Search,13,86,464.6,0.445,63,0,2,96.27,38,5,0,0.591,0,0.1538,0.0,6.62,77.16,Product Researchers,0,Product Researchers
CUST-102859,2025-05-16,United States,Mobile,Display,7,83,333.7,0.125,59,1,1,45.56,71,2,1,0.3,1,0.1429,1.0,11.86,81.72,Product Researchers,0,Product Researchers
CUST-102860,2025-01-17,France,Mobile,Email,2,11,101.6,0.672,7,0,0,0.0,150,0,0,0.105,0,0.0,0.0,5.5,32.62,One-time Visitors,3,Engaged Non-Buyers
CUST-102861,2025-01-28,United Kingdom,Mobile,Paid Social,25,124,550.1,0.495,47,5,0,0.0,30,2,3,0.302,0,0.0,0.0,4.96,70.1,Engaged Non-Buyers,0,Product Researchers
CUST-102862,2025-05-24,United Kingdom,Desktop,Organic Search,3,20,29.8,0.792,3,0,0,0.0,134,0,0,0.062,0,0.0,0.0,6.67,28.43,One-time Visitors,3,Engaged Non-Buyers
CUST-102863,2025-04-09,France,Mobile,Direct,31,146,705.1,0.052,68,13,10,1509.1,14,2,1,0.575,1,0.3226,0.7692,4.71,88.41,High Value Loyal,2,High Value Loyal Customers
CUST-102864,2025-03-30,Germany,Mobile,Paid Search,21,98,424.7,0.376,35,10,2,173.37,18,1,0,0.864,1,0.0952,0.2,4.67,62.18,Deal Seekers,4,Engaged Non-Buyers
CUST-102865,2025-05-26,United States,Desktop,Paid Search,2,8,158.1,0.711,5,0,0,0.0,159,0,0,0.141,1,0.0,0.0,4.0,29.16,One-time Visitors,3,Engaged Non-Buyers
CUST-102866,2025-03-03,France,Tablet,Paid Social,24,117,550.5,0.256,47,1,0,0.0,11,1,3,0.117,1,0.0,0.0,4.88,75.82,Product Researchers,0,Product Researchers
CUST-102867,2025-01-04,India,Mobile,Organic Search,21,123,443.5,0.252,46,3,0,0.0,25,4,1,0.559,1,0.0,0.0,5.86,73.34,Engaged Non-Buyers,0,Product Researchers
CUST-102868,2025-04-30,Australia,Desktop,Direct,24,115,489.5,0.378,43,1,0,0.0,28,3,1,0.153,1,0.0,0.0,4.79,68.24,Engaged Non-Buyers,0,Product Researchers
CUST-102869,2025-05-18,United States,Mobile,Paid Social,15,100,287.2,0.178,45,3,0,0.0,10,1,1,0.112,1,0.0,0.0,6.67,69.59,Engaged Non-Buyers,0,Product Researchers
CUST-102870,2025-04-30,France,Mobile,Display,3,27,71.6,0.921,10,0,0,0.0,49,0,0,0.401,0,0.0,0.0,9.0,33.63,One-time Visitors,1,Low Engagement / At-Risk Visitors
CUST-102871,2025-06-29,United States,Desktop,Organic Search,3,21,134.2,0.557,7,0,0,0.0,155,0,0,0.202,1,0.0,0.0,7.0,41.81,One-time Visitors,1,Low Engagement / At-Risk Visitors
CUST-102872,2025-01-22,United Kingdom,Tablet,Paid Search,19,101,648.8,0.279,44,4,0,0.0,6,0,0,0.16,1,0.0,0.0,5.32,78.18,Engaged Non-Buyers,0,Product Researchers
CUST-102873,2025-04-25,United States,Mobile,Organic Search,33,165,675.3,0.317,57,13,5,447.32,3,2,2,0.293,1,0.1515,0.3846,5.0,80.23,High Value Loyal,2,High Value Loyal Customers
CUST-102874,2025-03-18,India,Mobile,Referral,16,94,304.8,0.369,37,3,3,197.88,15,2,0,0.607,1,0.1875,1.0,5.88,60.75,Deal Seekers,4,Engaged Non-Buyers
CUST-102875,2025-03-10,United Kingdom,Mobile,Display,35,170,496.9,0.076,77,14,4,409.94,12,3,1,0.243,1,0.1143,0.2857,4.86,83.11,High Value Loyal,2,High Value Loyal Customers
CUST-102876,2025-04-16,Canada,Mobile,Paid Search,3,19,105.6,0.849,8,0,0,0.0,82,0,0,0.119,0,0.0,0.0,6.33,31.31,One-time Visitors,3,Engaged Non-Buyers
CUST-102877,2025-01-21,India,Mobile,Paid Social,14,72,464.5,0.316,38,2,0,0.0,21,3,1,0.279,1,0.0,0.0,5.14,68.1,Engaged Non-Buyers,0,Product Researchers
CUST-102878,2025-06-29,India,Mobile,Organic Search,38,178,548.1,0.144,64,12,8,1107.41,5,1,2,0.512,1,0.2105,0.6667,4.68,83.14,High Value Loyal,2,High Value Loyal Customers
CUST-102879,2025-05-23,Germany,Mobile,Paid Search,30,144,580.5,0.127,54,13,5,585.78,8,5,1,0.373,1,0.1667,0.3846,4.8,82.48,High Value Loyal,2,High Value Loyal Customers
CUST-102880,2025-02-17,United Kingdom,Desktop,Direct,14,91,391.9,0.332,36,4,3,232.44,13,0,0,0.607,1,0.2143,0.75,6.5,67.7,Deal Seekers,4,Engaged Non-Buyers
CUST-102881,2025-04-17,India,Desktop,Email,6,25,159.6,0.604,7,0,0,0.0,161,0,0,0.291,0,0.0,0.0,4.17,33.06,One-time Visitors,3,Engaged Non-Buyers
CUST-102882,2025-03-31,Germany,Mobile,Paid Social,19,117,415.3,0.382,55,5,0,0.0,25,4,0,0.109,1,0.0,0.0,6.16,72.38,Product Researchers,0,Product Researchers
CUST-102883,2025-06-11,Canada,Mobile,Paid Search,23,93,484.1,0.479,38,3,1,95.35,5,1,0,0.18,0,0.0435,0.3333,4.04,61.56,Deal Seekers,0,Product Researchers
CUST-102884,2025-05-12,Canada,Desktop,Paid Search,14,99,533.9,0.354,45,1,2,121.12,48,0,0,0.803,0,0.1429,1.0,7.07,78.79,Product Researchers,4,Engaged Non-Buyers
CUST-102885,2025-04-11,Canada,Mobile,Organic Search,19,103,281.7,0.142,46,4,2,87.63,15,1,1,0.929,1,0.1053,0.5,5.42,66.62,Deal Seekers,4,Engaged Non-Buyers
CUST-102886,2025-01-03,Canada,Mobile,Direct,12,76,188.3,0.282,46,3,1,38.46,19,1,2,0.799,1,0.0833,0.3333,6.33,61.3,Deal Seekers,4,Engaged Non-Buyers
CUST-102887,2025-06-04,France,Mobile,Organic Search,13,96,387.0,0.141,56,1,0,0.0,9,2,1,0.543,1,0.0,0.0,7.38,81.14,Product Researchers,0,Product Researchers
CUST-102888,2025-06-17,United Kingdom,Mobile,Direct,4,17,63.8,0.541,4,0,0,0.0,53,0,0,0.077,0,0.0,0.0,4.25,29.18,One-time Visitors,3,Engaged Non-Buyers
CUST-102889,2025-04-25,United Kingdom,Mobile,Referral,16,81,428.0,0.082,42,7,3,99.31,41,0,0,0.711,1,0.1875,0.4286,5.06,73.08,Deal Seekers,4,Engaged Non-Buyers
CUST-102890,2025-06-09,United States,Desktop,Direct,16,106,501.2,0.391,60,2,2,157.5,57,1,1,0.344,0,0.125,1.0,6.62,79.45,Product Researchers,4,Engaged Non-Buyers
CUST-102891,2025-03-09,Australia,Desktop,Direct,37,171,485.3,0.176,58,10,4,438.03,14,3,1,0.42,1,0.1081,0.4,4.62,77.15,High Value Loyal,2,High Value Loyal Customers
CUST-102892,2025-03-09,India,Mobile,Email,12,82,485.8,0.202,50,1,0,0.0,41,3,0,0.13,1,0.0,0.0,6.83,80.99,Engaged Non-Buyers,0,Product Researchers
CUST-102893,2025-01-21,Germany,Mobile,Email,26,129,540.9,0.072,55,11,7,1090.88,2,1,1,0.333,1,0.2692,0.6364,4.96,82.67,High Value Loyal,2,High Value Loyal Customers
CUST-102894,2025-01-10,United States,Desktop,Direct,15,98,405.6,0.504,52,2,0,0.0,26,2,0,0.4,1,0.0,0.0,6.53,69.1,Product Researchers,0,Product Researchers
CUST-102895,2025-01-03,United Kingdom,Mobile,Organic Search,20,109,533.3,0.308,47,4,0,0.0,33,2,1,0.168,0,0.0,0.0,5.45,75.46,Engaged Non-Buyers,0,Product Researchers
CUST-102896,2025-04-01,United States,Desktop,Paid Social,20,96,198.3,0.159,41,7,2,133.62,14,2,0,0.755,1,0.1,0.2857,4.8,58.55,Deal Seekers,4,Engaged Non-Buyers
CUST-102897,2025-03-03,United Kingdom,Mobile,Organic Search,16,88,325.4,0.638,41,3,1,51.4,20,3,0,0.852,1,0.0625,0.3333,5.5,55.12,Deal Seekers,4,Engaged Non-Buyers
CUST-102898,2025-06-19,United Kingdom,Mobile,Email,5,17,113.3,0.703,6,0,0,0.0,111,0,0,0.232,0,0.0,0.0,3.4,25.56,One-time Visitors,3,Engaged Non-Buyers
CUST-102899,2025-03-01,United Kingdom,Mobile,Referral,14,98,444.6,0.264,60,4,1,65.34,21,2,0,0.515,0,0.0714,0.25,7.0,80.96,Product Researchers,0,Product Researchers
CUST-102900,2025-01-24,India,Tablet,Organic Search,26,137,372.5,0.288,44,2,3,209.29,23,1,1,0.903,1,0.1154,1.0,5.27,66.44,Deal Seekers,4,Engaged Non-Buyers
CUST-102901,2025-02-22,India,Mobile,Direct,14,94,442.3,0.344,53,2,0,0.0,28,5,0,0.403,0,0.0,0.0,6.71,75.81,Product Researchers,0,Product Researchers
CUST-102902,2025-02-23,United Kingdom,Desktop,Direct,20,101,404.4,0.227,42,1,1,63.35,12,1,0,0.14,0,0.05,1.0,5.05,68.26,Engaged Non-Buyers,4,Engaged Non-Buyers
CUST-102903,2025-01-30,United Kingdom,Mobile,Organic Search,4,23,166.5,0.823,7,1,0,0.0,111,0,0,0.155,0,0.0,0.0,5.75,32.87,One-time Visitors,3,Engaged Non-Buyers
CUST-102904,2025-02-13,Germany,Desktop,Organic Search,13,64,422.3,0.361,25,4,2,57.72,29,3,2,0.798,1,0.1538,0.5,4.92,60.18,Deal Seekers,4,Engaged Non-Buyers
CUST-102905,2025-01-04,United States,Desktop,Email,3,7,118.6,0.573,4,0,0,0.0,177,0,0,0.223,0,0.0,0.0,2.33,25.12,One-time Visitors,3,Engaged Non-Buyers
CUST-102906,2025-03-01,Canada,Desktop,Direct,16,87,201.1,0.244,43,5,0,0.0,20,2,0,0.553,1,0.0,0.0,5.44,59.16,Engaged Non-Buyers,0,Product Researchers
CUST-102907,2025-03-13,Germany,Mobile,Organic Search,11,89,360.4,0.409,50,3,5,214.29,12,2,1,0.927,1,0.4545,1.0,8.09,73.18,Deal Seekers,4,Engaged Non-Buyers
CUST-102908,2025-02-19,France,Mobile,Direct,4,15,133.5,0.497,4,0,0,0.0,111,0,0,0.414,0,0.0,0.0,3.75,32.2,One-time Visitors,3,Engaged Non-Buyers
CUST-102909,2025-05-11,Germany,Desktop,Organic Search,18,92,428.3,0.193,45,1,1,55.73,26,1,1,0.27,1,0.0556,1.0,5.11,71.41,Product Researchers,4,Engaged Non-Buyers
CUST-102910,2025-02-06,United States,Tablet,Display,6,30,57.8,0.787,3,0,0,0.0,111,0,0,0.269,0,0.0,0.0,5.0,24.75,One-time Visitors,3,Engaged Non-Buyers
CUST-102911,2025-02-14,Australia,Tablet,Paid Search,25,152,584.2,0.225,67,10,4,575.26,8,2,0,0.141,1,0.16,0.4,6.08,87.58,High Value Loyal,2,High Value Loyal Customers
CUST-102912,2025-02-23,Australia,Tablet,Organic Search,14,98,363.2,0.082,53,3,3,114.04,10,3,2,0.991,1,0.2143,1.0,7.0,79.3,Deal Seekers,4,Engaged Non-Buyers
CUST-102913,2025-06-14,United Kingdom,Mobile,Organic Search,19,100,446.9,0.278,42,2,0,0.0,37,1,1,0.405,1,0.0,0.0,5.26,69.76,Deal Seekers,0,Product Researchers
CUST-102914,2025-05-31,India,Mobile,Organic Search,25,132,544.3,0.188,46,0,0,0.0,20,1,3,0.355,1,0.0,0.0,5.28,78.16,Engaged Non-Buyers,0,Product Researchers
CUST-102915,2025-03-13,United Kingdom,Desktop,Paid Social,16,112,337.7,0.365,50,6,1,65.64,55,1,0,0.33,0,0.0625,0.1667,7.0,70.02,Product Researchers,0,Product Researchers
CUST-102916,2025-01-04,Canada,Mobile,Paid Search,16,96,361.4,0.265,41,4,1,57.5,3,2,1,0.724,1,0.0625,0.25,6.0,67.8,Deal Seekers,4,Engaged Non-Buyers
CUST-102917,2025-01-31,United States,Mobile,Organic Search,2,13,109.8,0.618,6,0,0,0.0,82,0,0,0.15,0,0.0,0.0,6.5,37.2,One-time Visitors,3,Engaged Non-Buyers
CUST-102918,2025-05-08,India,Desktop,Referral,23,155,562.7,0.654,76,10,6,594.45,6,3,1,0.154,1,0.2609,0.6,6.74,77.83,High Value Loyal,2,High Value Loyal Customers
CUST-102919,2025-02-26,France,Mobile,Paid Social,22,113,410.5,0.182,39,7,0,0.0,25,5,0,0.888,0,0.0,0.0,5.14,69.02,Deal Seekers,4,Engaged Non-Buyers
CUST-102920,2025-06-05,India,Mobile,Paid Search,12,66,477.5,0.384,33,1,0,0.0,11,3,1,0.405,1,0.0,0.0,5.5,66.61,Product Researchers,0,Product Researchers
CUST-102921,2025-02-03,Canada,Mobile,Paid Search,18,99,343.3,0.283,42,8,2,129.44,16,3,1,0.384,1,0.1111,0.25,5.5,65.2,Deal Seekers,4,Engaged Non-Buyers
CUST-102922,2025-04-05,Canada,Mobile,Direct,2,13,57.6,0.902,5,0,0,0.0,62,0,0,0.093,0,0.0,0.0,6.5,27.17,One-time Visitors,3,Engaged Non-Buyers
CUST-102923,2025-06-05,United States,Desktop,Paid Search,4,18,86.1,0.739,4,0,0,0.0,95,0,0,0.108,0,0.0,0.0,4.5,26.13,One-time Visitors,3,Engaged Non-Buyers
CUST-102924,2025-03-05,India,Mobile,Referral,22,129,511.9,0.151,69,8,12,1259.51,11,4,0,0.078,1,0.5455,1.0,5.86,85.13,High Value Loyal,2,High Value Loyal Customers
CUST-102925,2025-02-28,United Kingdom,Mobile,Organic Search,23,109,370.5,0.231,55,11,8,1002.43,1,2,0,0.199,1,0.3478,0.7273,4.74,69.48,High Value Loyal,2,High Value Loyal Customers
CUST-102926,2025-03-13,Germany,Mobile,Organic Search,3,15,81.6,0.573,8,1,0,0.0,77,0,0,0.449,1,0.0,0.0,5.0,32.84,One-time Visitors,3,Engaged Non-Buyers
CUST-102927,2025-04-08,Netherlands,Mobile,Direct,18,111,489.0,0.251,47,3,0,0.0,64,2,2,0.306,0,0.0,0.0,6.17,76.9,Product Researchers,0,Product Researchers
CUST-102928,2025-06-20,United Kingdom,Mobile,Email,36,191,545.9,0.154,73,18,6,495.93,13,3,1,0.372,1,0.1667,0.3333,5.31,85.01,High Value Loyal,2,High Value Loyal Customers
CUST-102929,2025-03-06,France,Mobile,Referral,28,148,579.8,0.205,57,14,8,823.59,6,1,1,0.076,1,0.2857,0.5714,5.29,82.92,High Value Loyal,2,High Value Loyal Customers
CUST-102930,2025-06-21,Germany,Desktop,Email,15,108,463.6,0.222,56,0,0,0.0,72,2,2,0.416,0,0.0,0.0,7.2,82.35,Product Researchers,0,Product Researchers
CUST-102931,2025-01-13,Netherlands,Tablet,Direct,14,75,660.1,0.285,38,2,0,0.0,47,3,0,0.204,0,0.0,0.0,5.36,76.3,Engaged Non-Buyers,0,Product Researchers
CUST-102932,2025-03-25,Germany,Mobile,Paid Search,17,92,540.4,0.221,41,6,5,196.21,20,1,1,0.447,1,0.2941,0.8333,5.41,76.03,Deal Seekers,4,Engaged Non-Buyers
CUST-102933,2025-05-06,France,Mobile,Paid Search,18,106,494.4,0.257,42,1,0,0.0,27,2,2,0.487,1,0.0,0.0,5.89,74.61,Engaged Non-Buyers,0,Product Researchers
CUST-102934,2025-02-17,United States,Mobile,Referral,33,152,640.9,0.365,61,13,8,828.37,12,3,1,0.33,1,0.2424,0.6154,4.61,79.04,High Value Loyal,2,High Value Loyal Customers
CUST-102935,2025-05-28,United States,Mobile,Paid Search,3,20,119.2,0.512,12,0,0,0.0,150,0,0,0.554,1,0.0,0.0,6.67,42.68,One-time Visitors,1,Low Engagement / At-Risk Visitors
CUST-102936,2025-02-24,United Kingdom,Tablet,Paid Search,3,17,110.5,0.862,10,0,0,0.0,126,0,0,0.408,0,0.0,0.0,5.67,29.75,One-time Visitors,3,Engaged Non-Buyers
CUST-102937,2025-02-24,United States,Mobile,Paid Search,13,104,434.5,0.376,60,1,0,0.0,43,3,1,0.22,1,0.0,0.0,8.0,80.79,Product Researchers,0,Product Researchers
CUST-102938,2025-03-19,United States,Mobile,Email,16,96,418.0,0.138,48,3,4,285.74,18,3,1,0.916,1,0.25,1.0,6.0,75.97,Deal Seekers,4,Engaged Non-Buyers
CUST-102939,2025-02-27,Canada,Mobile,Organic Search,14,78,228.6,0.166,41,9,2,104.82,10,2,3,0.917,1,0.1429,0.2222,5.57,62.29,Deal Seekers,4,Engaged Non-Buyers
CUST-102940,2025-03-02,Germany,Mobile,Email,18,118,624.3,0.24,57,1,0,0.0,31,1,0,0.425,0,0.0,0.0,6.56,87.03,Product Researchers,0,Product Researchers
CUST-102941,2025-04-06,Germany,Desktop,Organic Search,18,92,335.3,0.27,39,4,0,0.0,48,1,1,0.383,1,0.0,0.0,5.11,62.98,Engaged Non-Buyers,0,Product Researchers
CUST-102942,2025-01-02,Germany,Desktop,Organic Search,15,109,410.0,0.199,65,2,0,0.0,30,4,0,0.562,1,0.0,0.0,7.27,83.25,Product Researchers,0,Product Researchers
CUST-102943,2025-01-18,France,Mobile,Organic Search,22,120,322.2,0.238,46,9,0,0.0,18,2,1,0.802,0,0.0,0.0,5.45,66.36,Deal Seekers,4,Engaged Non-Buyers
CUST-102944,2025-02-19,United States,Mobile,Organic Search,16,97,357.9,0.076,55,0,0,0.0,25,3,1,0.527,0,0.0,0.0,6.06,76.86,Product Researchers,0,Product Researchers
CUST-102945,2025-05-17,India,Desktop,Organic Search,21,104,553.9,0.293,47,6,1,29.78,12,1,0,0.207,0,0.0476,0.1667,4.95,75.3,Engaged Non-Buyers,0,Product Researchers
CUST-102946,2025-03-25,India,Mobile,Paid Social,17,86,352.1,0.591,41,4,0,0.0,41,2,1,0.898,1,0.0,0.0,5.06,56.27,Deal Seekers,4,Engaged Non-Buyers
CUST-102947,2025-06-07,Canada,Mobile,Paid Social,19,102,424.2,0.307,44,8,2,123.27,13,6,0,0.832,0,0.1053,0.25,5.37,68.85,Deal Seekers,4,Engaged Non-Buyers
CUST-102948,2025-01-07,Germany,Tablet,Organic Search,18,85,350.5,0.368,38,3,0,0.0,38,1,0,0.022,1,0.0,0.0,4.72,59.76,Engaged Non-Buyers,0,Product Researchers
CUST-102949,2025-04-06,United Kingdom,Desktop,Direct,28,152,469.6,0.09,66,6,8,922.7,4,2,1,0.236,1,0.2857,1.0,5.43,83.19,High Value Loyal,2,High Value Loyal Customers
CUST-102950,2025-04-28,United Kingdom,Tablet,Referral,18,107,409.9,0.246,53,4,1,52.58,62,3,1,0.3,1,0.0556,0.25,5.94,74.22,Engaged Non-Buyers,0,Product Researchers
CUST-102951,2025-05-26,India,Mobile,Organic Search,5,22,143.4,0.854,10,1,0,0.0,68,0,0,0.108,0,0.0,0.0,4.4,27.65,One-time Visitors,3,Engaged Non-Buyers
CUST-102952,2025-02-10,United Kingdom,Mobile,Paid Search,16,74,540.8,0.125,33,1,0,0.0,34,1,0,0.481,1,0.0,0.0,4.62,73.53,Engaged Non-Buyers,0,Product Researchers
CUST-102953,2025-06-02,France,Mobile,Organic Search,20,101,418.8,0.316,36,11,0,0.0,4,1,2,0.558,1,0.0,0.0,5.05,64.9,Deal Seekers,0,Product Researchers
CUST-102954,2025-04-26,United Kingdom,Mobile,Display,26,124,518.1,0.216,53,2,0,0.0,15,0,3,0.535,1,0.0,0.0,4.77,76.71,Engaged Non-Buyers,0,Product Researchers
CUST-102955,2025-06-29,Canada,Mobile,Referral,30,172,716.3,0.371,65,14,7,606.27,5,1,1,0.15,1,0.2333,0.5,5.73,83.64,High Value Loyal,2,High Value Loyal Customers
CUST-102956,2025-05-02,United Kingdom,Mobile,Paid Search,2,9,114.2,0.721,6,2,0,0.0,139,0,0,0.129,0,0.0,0.0,4.5,28.58,One-time Visitors,3,Engaged Non-Buyers
CUST-102957,2025-02-21,France,Mobile,Paid Search,17,109,379.4,0.197,57,8,4,207.38,24,3,0,0.54,1,0.2353,0.5,6.41,76.61,Deal Seekers,4,Engaged Non-Buyers
CUST-102958,2025-03-10,Canada,Mobile,Paid Social,14,118,422.5,0.44,62,2,1,71.45,11,2,0,0.561,0,0.0714,0.5,8.43,79.21,Product Researchers,0,Product Researchers
CUST-102959,2025-02-13,France,Mobile,Organic Search,7,31,96.0,0.658,7,0,0,0.0,124,0,0,0.042,1,0.0,0.0,4.43,29.33,One-time Visitors,3,Engaged Non-Buyers
CUST-102960,2025-02-15,Canada,Desktop,Paid Search,2,14,121.1,0.636,6,0,0,0.0,117,0,0,0.165,0,0.0,0.0,7.0,38.89,One-time Visitors,1,Low Engagement / At-Risk Visitors
CUST-102961,2025-02-18,India,Mobile,Paid Search,16,94,541.4,0.327,46,3,0,0.0,55,6,0,0.619,0,0.0,0.0,5.88,76.4,Product Researchers,0,Product Researchers
CUST-102962,2025-06-27,Germany,Desktop,Direct,21,104,221.6,0.077,35,7,0,0.0,24,3,0,0.721,1,0.0,0.0,4.95,60.39,Deal Seekers,4,Engaged Non-Buyers
CUST-102963,2025-01-13,Germany,Mobile,Email,2,14,137.7,0.658,7,0,0,0.0,154,0,0,0.336,0,0.0,0.0,7.0,39.46,One-time Visitors,1,Low Engagement / At-Risk Visitors
CUST-102964,2025-03-06,United Kingdom,Desktop,Paid Social,17,88,350.9,0.104,41,0,0,0.0,31,3,1,0.291,0,0.0,0.0,5.18,68.73,Product Researchers,0,Product Researchers
CUST-102965,2025-04-10,United States,Mobile,Organic Search,19,92,395.4,0.376,42,7,0,0.0,21,0,2,0.724,1,0.0,0.0,4.84,63.41,Deal Seekers,4,Engaged Non-Buyers
CUST-102966,2025-02-07,Germany,Mobile,Direct,16,107,344.3,0.197,60,2,0,0.0,30,3,1,0.244,1,0.0,0.0,6.69,76.64,Product Researchers,0,Product Researchers
CUST-102967,2025-04-23,United States,Desktop,Direct,2,14,32.1,0.615,10,0,0,0.0,48,0,0,0.084,0,0.0,0.0,7.0,36.19,One-time Visitors,1,Low Engagement / At-Risk Visitors
CUST-102968,2025-04-18,India,Mobile,Paid Search,29,149,537.5,0.304,61,13,7,825.05,10,2,2,0.016,1,0.2414,0.5385,5.14,79.11,High Value Loyal,2,High Value Loyal Customers
CUST-102969,2025-03-22,Germany,Mobile,Direct,12,65,224.0,0.531,32,10,3,168.06,38,0,0,0.897,1,0.25,0.3,5.42,49.69,Deal Seekers,4,Engaged Non-Buyers
CUST-102970,2025-01-14,Canada,Mobile,Paid Search,1,5,110.3,0.691,4,0,0,0.0,96,0,0,0.126,0,0.0,0.0,5.0,30.09,One-time Visitors,3,Engaged Non-Buyers
CUST-102971,2025-06-22,United States,Mobile,Organic Search,2,9,149.0,0.8,5,0,0,0.0,45,0,0,0.338,0,0.0,0.0,4.5,28.05,One-time Visitors,3,Engaged Non-Buyers
CUST-102972,2025-04-12,United Kingdom,Desktop,Paid Social,14,112,448.7,0.263,56,6,1,35.45,27,5,1,0.524,1,0.0714,0.1667,8.0,83.09,Product Researchers,0,Product Researchers
CUST-102973,2025-02-19,Canada,Mobile,Paid Social,28,136,553.3,0.133,60,11,4,354.51,11,3,0,0.151,1,0.1429,0.3636,4.86,82.97,High Value Loyal,2,High Value Loyal Customers
CUST-102974,2025-01-17,India,Mobile,Email,25,134,456.7,0.147,64,17,9,1008.74,2,3,0,0.297,1,0.36,0.5294,5.36,80.59,High Value Loyal,2,High Value Loyal Customers
CUST-102975,2025-01-09,United States,Mobile,Direct,17,111,301.4,0.373,53,1,1,91.66,62,1,0,0.139,1,0.0588,1.0,6.53,67.45,Product Researchers,4,Engaged Non-Buyers
CUST-102976,2025-04-14,United Kingdom,Desktop,Display,1,7,104.3,0.739,6,1,0,0.0,114,0,0,0.133,0,0.0,0.0,7.0,35.45,One-time Visitors,1,Low Engagement / At-Risk Visitors
CUST-102977,2025-03-20,Netherlands,Mobile,Referral,13,83,179.8,0.309,43,9,1,64.04,14,2,1,0.844,1,0.0769,0.1111,6.38,59.44,Deal Seekers,4,Engaged Non-Buyers
CUST-102978,2025-01-08,United Kingdom,Mobile,Direct,15,96,527.1,0.243,36,2,1,60.94,25,2,1,0.234,1,0.0667,0.5,6.4,76.34,Engaged Non-Buyers,0,Product Researchers
CUST-102979,2025-05-25,Germany,Mobile,Direct,3,12,130.7,0.876,4,0,0,0.0,56,0,0,0.036,0,0.0,0.0,4.0,23.36,One-time Visitors,3,Engaged Non-Buyers
CUST-102980,2025-02-04,United States,Mobile,Paid Search,12,98,437.7,0.176,63,2,0,0.0,61,2,1,0.634,1,0.0,0.0,8.17,86.88,Product Researchers,0,Product Researchers
CUST-102981,2025-06-04,United States,Tablet,Paid Search,2,13,101.0,0.774,7,1,0,0.0,123,1,0,0.139,0,0.0,0.0,6.5,33.17,One-time Visitors,3,Engaged Non-Buyers
CUST-102982,2025-05-13,United States,Mobile,Paid Search,19,107,295.9,0.31,54,4,0,0.0,34,2,2,0.767,1,0.0,0.0,5.63,66.27,Deal Seekers,0,Product Researchers
CUST-102983,2025-04-13,United States,Desktop,Direct,18,115,561.5,0.347,52,2,0,0.0,45,1,0,0.374,0,0.0,0.0,6.39,80.36,Engaged Non-Buyers,0,Product Researchers
CUST-102984,2025-04-30,United Kingdom,Desktop,Referral,12,84,587.4,0.289,56,5,0,0.0,66,1,1,0.472,1,0.0,0.0,7.0,86.25,Product Researchers,0,Product Researchers
CUST-102985,2025-03-02,India,Desktop,Email,26,145,479.7,0.105,70,8,11,1526.94,4,2,1,0.168,1,0.4231,1.0,5.58,83.8,High Value Loyal,2,High Value Loyal Customers
CUST-102986,2025-06-23,United Kingdom,Mobile,Direct,17,95,282.0,0.216,44,2,0,0.0,5,2,0,0.149,0,0.0,0.0,5.59,64.71,Engaged Non-Buyers,0,Product Researchers
CUST-102987,2025-02-21,India,Mobile,Organic Search,15,111,520.2,0.321,60,2,1,86.86,28,1,5,0.253,0,0.0667,0.5,7.4,84.56,Product Researchers,0,Product Researchers
CUST-102988,2025-04-22,Australia,Mobile,Direct,21,87,541.2,0.23,44,1,0,0.0,47,1,1,0.444,1,0.0,0.0,4.14,72.78,Engaged Non-Buyers,0,Product Researchers
CUST-102989,2025-02-23,United Kingdom,Mobile,Paid Social,28,146,388.8,0.126,59,12,1,125.9,7,1,0,0.272,1,0.0357,0.0833,5.21,75.74,High Value Loyal,0,Product Researchers
CUST-102990,2025-05-10,United Kingdom,Mobile,Paid Social,17,101,384.2,0.591,46,6,3,252.97,25,4,2,0.662,1,0.1765,0.5,5.94,62.17,Deal Seekers,4,Engaged Non-Buyers
CUST-102991,2025-03-07,United States,Mobile,Organic Search,13,86,337.8,0.111,44,2,0,0.0,66,1,0,0.244,0,0.0,0.0,6.62,73.32,Product Researchers,0,Product Researchers
CUST-102992,2025-01-28,Germany,Mobile,Paid Search,24,125,560.2,0.161,43,1,1,60.5,58,4,0,0.299,1,0.0417,1.0,5.21,78.48,Engaged Non-Buyers,4,Engaged Non-Buyers
CUST-102993,2025-06-19,Germany,Desktop,Organic Search,25,147,624.8,0.091,65,13,6,725.07,1,1,0,0.44,1,0.24,0.4615,5.88,91.09,High Value Loyal,2,High Value Loyal Customers
CUST-102994,2025-03-20,United Kingdom,Mobile,Direct,13,93,497.6,0.257,56,0,0,0.0,40,3,0,0.771,1,0.0,0.0,7.15,83.04,Product Researchers,0,Product Researchers
CUST-102995,2025-02-22,Canada,Mobile,Organic Search,2,7,95.1,0.846,3,2,0,0.0,53,0,0,0.073,0,0.0,0.0,3.5,20.47,One-time Visitors,3,Engaged Non-Buyers
CUST-102996,2025-03-10,Netherlands,Mobile,Paid Search,16,121,385.9,0.58,74,0,1,118.43,26,2,1,0.277,1,0.0625,0.0,7.56,73.42,Product Researchers,0,Product Researchers
CUST-102997,2025-04-08,United Kingdom,Desktop,Display,17,110,576.1,0.159,59,2,0,0.0,69,7,2,0.455,1,0.0,0.0,6.47,88.2,Product Researchers,0,Product Researchers
CUST-102998,2025-03-09,Australia,Desktop,Direct,20,93,594.2,0.347,30,1,0,0.0,59,4,2,0.254,1,0.0,0.0,4.65,69.79,Engaged Non-Buyers,0,Product Researchers
CUST-102999,2025-03-01,United Kingdom,Mobile,Direct,17,89,488.7,0.222,51,4,1,82.54,61,1,3,0.615,1,0.0588,0.25,5.24,75.95,Product Researchers,0,Product Researchers
CUST-103000,2025-06-11,Canada,Tablet,Paid Search,7,26,103.1,0.614,6,1,0,0.0,169,1,0,0.653,1,0.0,0.0,3.71,28.27,One-time Visitors,3,Engaged Non-Buyers
CUST-103001,2025-01-28,France,Desktop,Paid Search,3,11,49.4,0.794,4,0,0,0.0,51,0,0,0.264,0,0.0,0.0,3.67,20.31,One-time Visitors,3,Engaged Non-Buyers
CUST-103002,2025-01-14,United States,Mobile,Organic Search,20,103,505.0,0.225,43,6,0,0.0,11,2,0,0.161,1,0.0,0.0,5.15,73.95,Engaged Non-Buyers,0,Product Researchers
CUST-103003,2025-01-03,United Kingdom,Mobile,Organic Search,17,101,214.8,0.42,38,6,3,162.32,26,2,2,0.924,1,0.1765,0.5,5.94,55.49,Deal Seekers,4,Engaged Non-Buyers
CUST-103004,2025-06-14,Germany,Desktop,Display,16,114,466.6,0.273,59,0,0,0.0,30,3,0,0.253,1,0.0,0.0,7.12,81.92,Product Researchers,0,Product Researchers
CUST-103005,2025-01-10,United Kingdom,Desktop,Direct,23,127,361.3,0.207,52,5,1,69.35,23,1,0,0.675,1,0.0435,0.2,5.52,71.16,Deal Seekers,4,Engaged Non-Buyers
CUST-103006,2025-02-25,United States,Tablet,Paid Search,17,103,420.0,0.627,43,8,2,95.59,21,1,0,0.975,1,0.1176,0.25,6.06,62.48,Deal Seekers,4,Engaged Non-Buyers
CUST-103007,2025-02-26,United Kingdom,Mobile,Organic Search,18,92,423.6,0.483,41,6,1,67.46,22,1,1,0.147,0,0.0556,0.1667,5.11,62.69,Engaged Non-Buyers,0,Product Researchers
CUST-103008,2025-01-17,Canada,Tablet,Direct,23,115,646.5,0.411,45,5,0,0.0,49,3,0,0.164,0,0.0,0.0,5.0,74.19,Engaged Non-Buyers,0,Product Researchers
CUST-103009,2025-04-18,United Kingdom,Mobile,Direct,11,67,212.1,0.252,43,5,1,83.03,43,0,0,0.776,1,0.0909,0.2,6.09,61.57,Deal Seekers,4,Engaged Non-Buyers
CUST-103010,2025-02-15,India,Mobile,Organic Search,3,11,128.8,0.792,6,0,0,0.0,48,0,0,0.061,0,0.0,0.0,3.67,24.94,One-time Visitors,3,Engaged Non-Buyers
CUST-103011,2025-02-24,Germany,Mobile,Paid Search,14,116,293.6,0.445,63,4,0,0.0,42,0,0,0.526,1,0.0,0.0,8.29,72.95,Product Researchers,0,Product Researchers
CUST-103012,2025-05-14,India,Mobile,Organic Search,4,16,124.7,0.64,4,0,0,0.0,50,0,0,0.175,0,0.0,0.0,4.0,28.97,One-time Visitors,3,Engaged Non-Buyers
CUST-103013,2025-03-11,United Kingdom,Desktop,Referral,7,78,512.5,0.459,56,3,0,0.0,18,1,1,0.534,0,0.0,0.0,11.14,81.38,Product Researchers,0,Product Researchers
CUST-103014,2025-05-13,United Kingdom,Mobile,Direct,19,107,456.3,0.201,40,6,2,120.94,13,0,0,0.868,1,0.1053,0.3333,5.63,72.7,Deal Seekers,4,Engaged Non-Buyers
CUST-103015,2025-06-07,United States,Mobile,Paid Search,18,92,368.6,0.572,34,6,1,71.09,28,0,0,0.96,1,0.0556,0.1667,5.11,55.56,Deal Seekers,4,Engaged Non-Buyers
CUST-103016,2025-06-10,Germany,Mobile,Email,25,117,445.2,0.281,51,1,0,0.0,58,3,0,0.246,1,0.0,0.0,4.68,70.56,Product Researchers,0,Product Researchers
CUST-103017,2025-03-10,Germany,Mobile,Paid Search,35,165,479.9,0.022,67,12,6,542.64,5,0,1,0.536,1,0.1714,0.5,4.71,83.19,High Value Loyal,2,High Value Loyal Customers
CUST-103018,2025-06-22,Canada,Mobile,Organic Search,16,90,591.5,0.539,37,3,1,36.3,63,1,3,0.317,0,0.0625,0.3333,5.62,70.06,Engaged Non-Buyers,0,Product Researchers
CUST-103019,2025-03-17,United Kingdom,Desktop,Organic Search,20,93,208.0,0.267,34,13,0,0.0,17,0,0,0.64,1,0.0,0.0,4.65,53.71,Deal Seekers,4,Engaged Non-Buyers
CUST-103020,2025-06-10,United States,Desktop,Paid Social,6,30,108.1,0.667,12,1,0,0.0,142,0,0,0.281,0,0.0,0.0,5.0,33.04,One-time Visitors,3,Engaged Non-Buyers
CUST-103021,2025-04-12,United States,Mobile,Paid Search,14,92,429.5,0.322,51,1,0,0.0,24,2,0,0.623,1,0.0,0.0,6.57,74.66,Product Researchers,0,Product Researchers
CUST-103022,2025-04-07,Australia,Tablet,Direct,16,82,556.3,0.348,37,4,1,97.91,12,2,1,0.781,1,0.0625,0.25,5.12,71.53,Deal Seekers,4,Engaged Non-Buyers
CUST-103023,2025-02-01,United Kingdom,Desktop,Direct,19,95,499.8,0.058,46,0,1,89.85,24,2,0,0.132,1,0.0526,0.0,5.0,78.32,Engaged Non-Buyers,0,Product Researchers
CUST-103024,2025-04-06,United States,Mobile,Organic Search,19,111,509.3,0.119,39,0,0,0.0,42,1,1,0.553,1,0.0,0.0,5.84,77.74,Engaged Non-Buyers,0,Product Researchers
CUST-103025,2025-02-13,France,Mobile,Paid Search,4,18,111.3,0.657,6,0,0,0.0,99,0,0,0.418,0,0.0,0.0,4.5,30.06,One-time Visitors,3,Engaged Non-Buyers
CUST-103026,2025-05-29,France,Desktop,Organic Search,29,141,503.9,0.11,63,8,7,907.56,2,3,0,0.341,1,0.2414,0.875,4.86,82.01,High Value Loyal,2,High Value Loyal Customers
CUST-103027,2025-06-27,Germany,Mobile,Display,15,99,561.5,0.545,54,2,1,38.24,28,2,0,0.507,0,0.0667,0.5,6.6,76.69,Product Researchers,0,Product Researchers
CUST-103028,2025-02-25,United Kingdom,Mobile,Email,3,21,82.7,0.608,12,0,0,0.0,47,1,0,0.594,0,0.0,0.0,7.0,39.51,One-time Visitors,1,Low Engagement / At-Risk Visitors
CUST-103029,2025-04-13,United Kingdom,Mobile,Paid Search,28,148,559.8,0.258,68,12,5,615.57,4,0,0,0.317,1,0.1786,0.4167,5.29,83.06,High Value Loyal,2,High Value Loyal Customers
CUST-103030,2025-06-05,United Kingdom,Mobile,Paid Search,5,22,69.3,0.797,6,0,0,0.0,172,0,0,0.43,0,0.0,0.0,4.4,24.13,One-time Visitors,3,Engaged Non-Buyers
CUST-103031,2025-01-03,India,Mobile,Paid Social,5,22,92.5,0.806,8,0,0,0.0,140,0,0,0.481,0,0.0,0.0,4.4,25.68,One-time Visitors,3,Engaged Non-Buyers
CUST-103032,2025-04-26,United Kingdom,Desktop,Email,14,108,390.2,0.088,56,6,0,0.0,28,3,4,0.087,1,0.0,0.0,7.71,83.64,Engaged Non-Buyers,0,Product Researchers
CUST-103033,2025-05-16,United Kingdom,Mobile,Direct,11,78,403.7,0.304,47,2,0,0.0,26,0,0,0.133,0,0.0,0.0,7.09,74.2,Product Researchers,0,Product Researchers
CUST-103034,2025-03-30,France,Mobile,Paid Search,24,154,723.4,0.459,70,10,5,570.05,5,2,1,0.214,1,0.2083,0.5,6.42,83.57,High Value Loyal,2,High Value Loyal Customers
CUST-103035,2025-05-11,United Kingdom,Desktop,Organic Search,10,70,338.0,0.073,48,7,2,124.84,9,1,0,0.765,0,0.2,0.2857,7.0,76.71,Deal Seekers,4,Engaged Non-Buyers
CUST-103036,2025-05-19,United States,Desktop,Organic Search,6,21,89.8,0.62,3,0,1,54.9,106,0,0,0.253,0,0.1667,0.0,3.5,25.84,One-time Visitors,3,Engaged Non-Buyers
CUST-103037,2025-01-15,Netherlands,Mobile,Direct,32,162,531.8,0.354,67,9,6,697.05,4,6,3,0.265,1,0.1875,0.6667,5.06,78.56,High Value Loyal,2,High Value Loyal Customers
CUST-103038,2025-02-11,United States,Desktop,Display,3,16,215.7,0.776,5,0,0,0.0,51,0,0,0.172,0,0.0,0.0,5.33,34.58,One-time Visitors,3,Engaged Non-Buyers
CUST-103039,2025-01-25,France,Mobile,Paid Search,2,9,101.9,0.493,3,0,0,0.0,57,0,0,0.017,0,0.0,0.0,4.5,32.75,One-time Visitors,3,Engaged Non-Buyers
CUST-103040,2025-05-11,United Kingdom,Mobile,Paid Search,20,107,448.0,0.526,66,3,0,0.0,69,0,0,0.773,1,0.0,0.0,5.35,70.97,Product Researchers,0,Product Researchers
CUST-103041,2025-05-08,Netherlands,Mobile,Referral,1,6,58.9,0.582,4,0,0,0.0,178,0,0,0.238,1,0.0,0.0,6.0,33.37,One-time Visitors,3,Engaged Non-Buyers
CUST-103042,2025-06-11,India,Mobile,Paid Social,19,115,667.2,0.22,58,9,7,845.44,8,7,0,0.189,1,0.3684,0.7778,6.05,86.26,High Value Loyal,2,High Value Loyal Customers
CUST-103043,2025-05-15,India,Mobile,Organic Search,1,10,65.5,0.819,7,0,0,0.0,49,0,0,0.154,0,0.0,0.0,10.0,34.95,One-time Visitors,1,Low Engagement / At-Risk Visitors
CUST-103044,2025-04-15,United Kingdom,Mobile,Paid Search,19,113,403.5,0.536,60,4,0,0.0,29,5,0,0.575,1,0.0,0.0,5.95,68.83,Product Researchers,0,Product Researchers
CUST-103045,2025-02-08,United States,Mobile,Direct,16,84,629.6,0.396,32,4,0,0.0,16,2,0,0.44,0,0.0,0.0,5.25,71.35,Engaged Non-Buyers,0,Product Researchers
CUST-103046,2025-03-30,France,Mobile,Referral,17,98,552.6,0.399,48,3,1,62.23,11,1,0,0.304,0,0.0588,0.3333,5.76,75.43,Product Researchers,0,Product Researchers
CUST-103047,2025-02-20,India,Mobile,Paid Social,17,97,357.8,0.478,45,5,1,64.72,15,1,1,0.48,1,0.0588,0.2,5.71,62.61,Deal Seekers,0,Product Researchers
CUST-103048,2025-05-03,United Kingdom,Mobile,Paid Search,23,112,416.3,0.257,35,2,3,282.08,6,2,1,0.898,1,0.1304,1.0,4.87,65.37,Deal Seekers,4,Engaged Non-Buyers
CUST-103049,2025-06-11,United Kingdom,Desktop,Email,20,111,373.4,0.254,48,1,0,0.0,38,1,2,0.697,0,0.0,0.0,5.55,69.43,Product Researchers,0,Product Researchers
CUST-103050,2025-06-13,United Kingdom,Mobile,Organic Search,28,158,506.0,0.204,60,12,9,1158.76,5,1,2,0.117,1,0.3214,0.75,5.64,81.28,High Value Loyal,2,High Value Loyal Customers
CUST-103051,2025-04-25,United States,Tablet,Paid Search,21,110,525.6,0.051,37,4,1,85.82,64,1,1,0.251,1,0.0476,0.25,5.24,77.75,Engaged Non-Buyers,0,Product Researchers
CUST-103052,2025-03-01,Canada,Mobile,Paid Search,4,18,169.6,0.632,8,1,0,0.0,120,0,0,0.224,1,0.0,0.0,4.5,34.21,One-time Visitors,3,Engaged Non-Buyers
CUST-103053,2025-01-11,India,Mobile,Referral,15,98,326.8,0.33,47,7,2,52.26,41,3,0,0.797,0,0.1333,0.2857,6.53,67.98,Deal Seekers,4,Engaged Non-Buyers
CUST-103054,2025-04-25,United Kingdom,Mobile,Organic Search,1,6,77.2,0.688,5,1,0,0.0,109,1,0,0.077,0,0.0,0.0,6.0,31.95,One-time Visitors,3,Engaged Non-Buyers
CUST-103055,2025-06-11,United Kingdom,Desktop,Organic Search,15,85,394.3,0.139,42,3,0,0.0,16,2,2,0.434,1,0.0,0.0,5.67,71.87,Engaged Non-Buyers,0,Product Researchers
CUST-103056,2025-06-01,India,Mobile,Email,2,8,95.7,0.823,5,1,0,0.0,104,0,0,0.156,0,0.0,0.0,4.0,23.25,One-time Visitors,3,Engaged Non-Buyers
CUST-103057,2025-05-06,Netherlands,Mobile,Organic Search,11,82,496.0,0.073,48,0,0,0.0,9,1,2,0.324,1,0.0,0.0,7.45,86.03,Product Researchers,0,Product Researchers
CUST-103058,2025-04-14,Canada,Desktop,Direct,5,29,84.0,0.769,7,0,0,0.0,95,0,0,0.393,0,0.0,0.0,5.8,30.24,One-time Visitors,3,Engaged Non-Buyers
CUST-103059,2025-05-12,France,Desktop,Organic Search,4,21,65.2,0.694,9,1,0,0.0,82,0,0,0.472,0,0.0,0.0,5.25,30.08,One-time Visitors,3,Engaged Non-Buyers
CUST-103060,2025-03-02,France,Mobile,Paid Social,5,22,114.5,0.782,5,0,0,0.0,103,0,0,0.112,0,0.0,0.0,4.4,26.47,One-time Visitors,3,Engaged Non-Buyers
CUST-103061,2025-05-17,United Kingdom,Mobile,Direct,15,93,261.1,0.142,37,3,0,0.0,25,1,0,0.861,1,0.0,0.0,6.2,65.27,Deal Seekers,4,Engaged Non-Buyers
CUST-103062,2025-03-12,Australia,Mobile,Paid Social,31,155,560.7,0.138,61,9,7,959.29,10,2,0,0.433,1,0.2258,0.7778,5.0,83.97,High Value Loyal,2,High Value Loyal Customers
CUST-103063,2025-03-26,United States,Mobile,Email,20,137,397.5,0.17,57,5,2,125.5,29,3,1,0.831,0,0.1,0.4,6.85,79.56,Deal Seekers,4,Engaged Non-Buyers
CUST-103064,2025-03-01,United Kingdom,Desktop,Paid Social,14,109,367.6,0.286,61,3,0,0.0,27,5,0,0.531,0,0.0,0.0,7.79,79.33,Product Researchers,0,Product Researchers
CUST-103065,2025-06-25,India,Mobile,Paid Social,16,83,517.8,0.053,41,4,0,0.0,46,3,3,0.613,1,0.0,0.0,5.19,78.4,Engaged Non-Buyers,0,Product Researchers
CUST-103066,2025-05-04,Canada,Desktop,Paid Search,25,162,613.9,0.114,71,17,10,1219.32,3,1,0,0.138,1,0.4,0.5882,6.48,92.39,High Value Loyal,2,High Value Loyal Customers
CUST-103067,2025-04-17,United Kingdom,Mobile,Paid Search,17,103,256.2,0.163,47,2,0,0.0,17,3,0,0.48,1,0.0,0.0,6.06,67.12,Engaged Non-Buyers,0,Product Researchers
CUST-103068,2025-04-07,Netherlands,Mobile,Direct,37,162,367.6,0.055,61,9,4,633.43,11,3,2,0.092,1,0.1081,0.4444,4.38,74.46,High Value Loyal,2,High Value Loyal Customers
CUST-103069,2025-01-01,India,Desktop,Direct,15,85,301.3,0.313,33,8,0,0.0,31,1,0,0.756,1,0.0,0.0,5.67,60.12,Deal Seekers,4,Engaged Non-Buyers
CUST-103070,2025-06-22,United States,Desktop,Organic Search,13,88,611.1,0.373,51,0,0,0.0,43,2,0,0.75,1,0.0,0.0,6.77,82.52,Product Researchers,0,Product Researchers
CUST-103071,2025-01-18,United Kingdom,Desktop,Organic Search,22,92,515.0,0.175,35,3,0,0.0,57,2,0,0.475,1,0.0,0.0,4.18,70.2,Engaged Non-Buyers,0,Product Researchers
CUST-103072,2025-03-01,United States,Mobile,Paid Search,21,112,454.2,0.272,45,4,0,0.0,10,0,2,0.197,1,0.0,0.0,5.33,71.42,Engaged Non-Buyers,0,Product Researchers
CUST-103073,2025-01-31,United Kingdom,Desktop,Paid Search,35,171,482.2,0.058,66,9,7,503.84,5,4,1,0.485,1,0.2,0.7778,4.89,82.92,High Value Loyal,2,High Value Loyal Customers
CUST-103074,2025-01-10,Canada,Mobile,Referral,13,75,373.6,0.075,37,0,1,52.79,15,1,0,0.849,1,0.0769,0.0,5.77,71.21,Deal Seekers,4,Engaged Non-Buyers
CUST-103075,2025-02-17,France,Desktop,Paid Search,15,92,390.3,0.44,49,1,0,0.0,61,2,1,0.419,1,0.0,0.0,6.13,67.75,Product Researchers,0,Product Researchers
CUST-103076,2025-01-19,United Kingdom,Mobile,Organic Search,14,76,506.0,0.319,36,5,2,151.88,8,2,1,0.79,1,0.1429,0.4,5.43,70.37,Deal Seekers,4,Engaged Non-Buyers
CUST-103077,2025-05-01,United States,Mobile,Direct,22,104,543.5,0.26,43,2,0,0.0,22,3,1,0.094,0,0.0,0.0,4.73,73.67,Engaged Non-Buyers,0,Product Researchers
CUST-103078,2025-06-21,United Kingdom,Mobile,Organic Search,4,20,66.7,0.612,5,0,0,0.0,88,0,0,0.311,1,0.0,0.0,5.0,30.19,One-time Visitors,3,Engaged Non-Buyers
CUST-103079,2025-05-02,United Kingdom,Desktop,Paid Search,23,123,292.1,0.168,48,9,0,0.0,31,2,0,0.917,1,0.0,0.0,5.35,66.88,Deal Seekers,4,Engaged Non-Buyers
CUST-103080,2025-03-13,United Kingdom,Mobile,Organic Search,1,11,73.1,0.749,8,0,0,0.0,94,0,0,0.043,0,0.0,0.0,11.0,37.4,One-time Visitors,1,Low Engagement / At-Risk Visitors
CUST-103081,2025-03-03,India,Desktop,Direct,5,19,125.0,0.708,7,0,0,0.0,45,0,0,0.116,0,0.0,0.0,3.8,27.59,One-time Visitors,3,Engaged Non-Buyers
CUST-103082,2025-01-17,France,Mobile,Paid Social,20,103,563.7,0.268,32,1,0,0.0,43,1,0,0.668,1,0.0,0.0,5.15,72.43,Engaged Non-Buyers,0,Product Researchers
CUST-103083,2025-02-27,United States,Mobile,Email,13,85,525.8,0.129,49,4,0,0.0,63,3,1,0.241,0,0.0,0.0,6.54,83.56,Engaged Non-Buyers,0,Product Researchers
CUST-103084,2025-01-20,United Kingdom,Mobile,Paid Social,22,110,644.3,0.146,50,2,0,0.0,58,2,1,0.903,1,0.0,0.0,5.0,82.35,Product Researchers,0,Product Researchers
CUST-103085,2025-05-31,United Kingdom,Mobile,Organic Search,2,11,91.4,0.854,6,0,0,0.0,50,0,0,0.124,0,0.0,0.0,5.5,27.25,One-time Visitors,3,Engaged Non-Buyers
CUST-103086,2025-01-21,United Kingdom,Mobile,Direct,23,124,788.8,0.145,41,3,0,0.0,12,0,2,0.283,1,0.0,0.0,5.39,80.85,Engaged Non-Buyers,0,Product Researchers
CUST-103087,2025-01-06,United Kingdom,Desktop,Organic Search,18,102,510.0,0.219,47,1,1,59.24,27,1,0,0.5,1,0.0556,1.0,5.67,77.2,Product Researchers,4,Engaged Non-Buyers
CUST-103088,2025-03-20,United States,Desktop,Organic Search,2,10,72.8,0.571,3,0,0,0.0,90,0,0,0.329,0,0.0,0.0,5.0,30.91,One-time Visitors,3,Engaged Non-Buyers
CUST-103089,2025-03-27,United States,Mobile,Organic Search,11,81,647.4,0.112,52,2,0,0.0,60,2,0,0.516,1,0.0,0.0,7.36,91.21,Product Researchers,0,Product Researchers
CUST-103090,2025-05-21,United Kingdom,Mobile,Paid Search,20,110,536.2,0.234,61,1,0,0.0,31,1,0,0.234,1,0.0,0.0,5.5,81.92,Product Researchers,0,Product Researchers
CUST-103091,2025-04-16,United Kingdom,Mobile,Referral,18,114,287.3,0.388,43,8,1,53.73,15,3,2,0.453,1,0.0556,0.125,6.33,62.69,Deal Seekers,0,Product Researchers
CUST-103092,2025-02-22,United Kingdom,Mobile,Referral,28,149,536.1,0.424,60,16,4,585.93,9,2,0,0.358,1,0.1429,0.25,5.32,76.3,High Value Loyal,2,High Value Loyal Customers
CUST-103093,2025-03-21,Canada,Mobile,Organic Search,16,96,459.7,0.267,43,6,4,364.73,4,1,1,0.832,0,0.25,0.6667,6.0,73.29,Deal Seekers,4,Engaged Non-Buyers
CUST-103094,2025-02-27,Canada,Desktop,Organic Search,14,83,326.8,0.536,35,6,0,0.0,39,1,0,0.709,1,0.0,0.0,5.93,57.24,Deal Seekers,0,Product Researchers
CUST-103095,2025-01-21,India,Desktop,Paid Search,15,102,337.3,0.333,57,2,0,0.0,20,1,0,0.466,1,0.0,0.0,6.8,72.32,Product Researchers,0,Product Researchers
CUST-103096,2025-06-03,United Kingdom,Mobile,Email,2,19,78.7,0.785,11,1,0,0.0,71,0,0,0.3,0,0.0,0.0,9.5,37.7,One-time Visitors,1,Low Engagement / At-Risk Visitors
CUST-103097,2025-03-05,India,Mobile,Paid Social,5,29,61.4,0.884,8,0,0,0.0,84,0,0,0.409,1,0.0,0.0,5.8,26.57,One-time Visitors,3,Engaged Non-Buyers
CUST-103098,2025-05-03,Netherlands,Tablet,Direct,4,16,85.5,0.581,8,1,0,0.0,84,0,0,0.154,0,0.0,0.0,4.0,29.71,One-time Visitors,3,Engaged Non-Buyers
CUST-103099,2025-02-13,United Kingdom,Desktop,Paid Social,17,129,448.6,0.243,60,2,0,0.0,47,4,0,0.12,1,0.0,0.0,7.59,83.54,Product Researchers,0,Product Researchers
CUST-103100,2025-06-26,India,Desktop,Referral,12,92,493.8,0.067,53,0,0,0.0,56,3,0,0.582,1,0.0,0.0,7.67,88.29,Product Researchers,0,Product Researchers
CUST-103101,2025-03-19,United Kingdom,Mobile,Email,3,16,188.1,0.881,8,0,0,0.0,79,0,0,0.534,0,0.0,0.0,5.33,31.5,One-time Visitors,3,Engaged Non-Buyers
CUST-103102,2025-01-03,Netherlands,Mobile,Organic Search,3,16,104.8,0.667,7,1,0,0.0,75,0,0,0.244,0,0.0,0.0,5.33,32.39,One-time Visitors,3,Engaged Non-Buyers
CUST-103103,2025-01-06,United Kingdom,Mobile,Organic Search,13,84,237.7,0.394,43,1,1,73.64,43,2,2,0.387,0,0.0769,1.0,6.46,60.46,Engaged Non-Buyers,4,Engaged Non-Buyers
CUST-103104,2025-04-25,Germany,Mobile,Paid Social,12,71,247.9,0.19,29,7,1,43.86,23,1,0,0.587,1,0.0833,0.1429,5.92,60.06,Deal Seekers,4,Engaged Non-Buyers
CUST-103105,2025-03-18,United Kingdom,Tablet,Direct,17,98,465.1,0.287,52,2,1,64.53,25,0,0,0.116,1,0.0588,0.5,5.76,75.1,Engaged Non-Buyers,0,Product Researchers
CUST-103106,2025-01-14,United States,Desktop,Paid Search,19,91,397.1,0.185,36,2,2,132.41,24,2,0,0.631,1,0.1053,1.0,4.79,66.26,Deal Seekers,4,Engaged Non-Buyers
CUST-103107,2025-01-24,United Kingdom,Tablet,Paid Social,25,167,527.6,0.078,76,11,8,1287.15,9,0,0,0.348,1,0.32,0.7273,6.68,90.29,High Value Loyal,2,High Value Loyal Customers
CUST-103108,2025-04-09,United Kingdom,Desktop,Paid Social,2,9,86.6,0.967,5,1,0,0.0,97,0,0,0.376,0,0.0,0.0,4.5,20.74,One-time Visitors,3,Engaged Non-Buyers
CUST-103109,2025-02-27,Australia,Desktop,Organic Search,21,112,262.2,0.236,51,9,1,69.14,39,3,2,0.685,1,0.0476,0.1111,5.33,64.57,Deal Seekers,4,Engaged Non-Buyers
CUST-103110,2025-01-21,Canada,Mobile,Organic Search,20,110,430.3,0.434,38,1,1,42.81,49,2,0,0.151,1,0.05,1.0,5.5,64.55,Engaged Non-Buyers,4,Engaged Non-Buyers
CUST-103111,2025-03-17,France,Desktop,Direct,20,92,346.6,0.28,41,8,2,130.91,12,2,1,0.793,0,0.1,0.25,4.6,62.32,Deal Seekers,4,Engaged Non-Buyers
CUST-103112,2025-01-29,United Kingdom,Mobile,Paid Search,16,105,327.4,0.185,44,4,5,374.1,21,1,1,0.542,1,0.3125,1.0,6.56,70.78,Deal Seekers,4,Engaged Non-Buyers
CUST-103113,2025-04-17,United Kingdom,Tablet,Paid Search,21,117,475.8,0.685,54,1,1,56.15,48,2,2,0.671,1,0.0476,1.0,5.57,65.69,Engaged Non-Buyers,4,Engaged Non-Buyers
CUST-103114,2025-03-26,United Kingdom,Mobile,Paid Social,3,13,41.1,0.815,7,0,0,0.0,89,0,0,0.528,0,0.0,0.0,4.33,22.39,One-time Visitors,3,Engaged Non-Buyers
CUST-103115,2025-05-17,United Kingdom,Mobile,Organic Search,29,138,539.1,0.285,63,14,5,566.02,2,0,0,0.124,1,0.1724,0.3571,4.76,79.09,High Value Loyal,2,High Value Loyal Customers
CUST-103116,2025-01-23,United Kingdom,Desktop,Paid Search,21,106,497.5,0.196,36,1,0,0.0,10,2,4,0.218,1,0.0,0.0,5.05,71.82,Engaged Non-Buyers,0,Product Researchers
CUST-103117,2025-02-13,United Kingdom,Mobile,Referral,12,75,433.3,0.603,49,6,1,69.0,24,1,0,0.782,1,0.0833,0.1667,6.25,66.19,Deal Seekers,4,Engaged Non-Buyers
CUST-103118,2025-01-17,United States,Mobile,Paid Social,1,9,112.6,0.738,7,1,0,0.0,145,2,2,0.347,0,0.0,0.0,9.0,39.33,One-time Visitors,1,Low Engagement / At-Risk Visitors
CUST-103119,2025-03-24,United States,Desktop,Paid Search,17,114,400.5,0.177,50,1,1,45.05,21,3,2,0.406,1,0.0588,1.0,6.71,76.94,Engaged Non-Buyers,4,Engaged Non-Buyers
CUST-103120,2025-03-19,Canada,Tablet,Referral,16,92,569.4,0.568,46,3,0,0.0,49,1,1,0.19,0,0.0,0.0,5.75,71.4,Engaged Non-Buyers,0,Product Researchers
CUST-103121,2025-04-17,France,Mobile,Organic Search,12,97,510.6,0.618,54,2,0,0.0,37,2,0,0.52,0,0.0,0.0,8.08,76.68,Product Researchers,0,Product Researchers
CUST-103122,2025-06-21,United States,Desktop,Direct,16,104,390.0,0.37,53,10,0,0.0,26,3,1,0.528,1,0.0,0.0,6.5,71.87,Engaged Non-Buyers,0,Product Researchers
CUST-103123,2025-03-19,United Kingdom,Mobile,Paid Search,3,14,104.7,0.834,5,0,0,0.0,120,1,0,0.102,1,0.0,0.0,4.67,25.51,One-time Visitors,3,Engaged Non-Buyers
CUST-103124,2025-04-16,Australia,Mobile,Organic Search,21,107,416.6,0.371,46,4,0,0.0,8,2,2,0.759,1,0.0,0.0,5.1,66.62,Deal Seekers,0,Product Researchers
CUST-103125,2025-06-06,India,Desktop,Organic Search,17,80,410.8,0.22,39,7,0,0.0,12,0,1,0.343,1,0.0,0.0,4.71,66.76,Engaged Non-Buyers,0,Product Researchers
CUST-103126,2025-03-03,United Kingdom,Mobile,Organic Search,15,111,475.2,0.171,52,2,0,0.0,57,2,2,0.419,1,0.0,0.0,7.4,83.6,Product Researchers,0,Product Researchers
CUST-103127,2025-06-27,United Kingdom,Mobile,Organic Search,20,98,356.9,0.223,41,3,0,0.0,41,3,1,0.944,1,0.0,0.0,4.9,65.2,Deal Seekers,4,Engaged Non-Buyers
CUST-103128,2025-01-05,United States,Mobile,Paid Social,13,108,374.3,0.452,62,4,0,0.0,43,2,0,0.695,1,0.0,0.0,8.31,76.5,Product Researchers,0,Product Researchers
CUST-103129,2025-03-06,India,Mobile,Organic Search,17,87,287.3,0.549,44,5,5,382.27,20,1,1,0.912,1,0.2941,1.0,5.12,55.16,Deal Seekers,4,Engaged Non-Buyers
CUST-103130,2025-05-22,France,Desktop,Organic Search,17,106,344.9,0.283,54,2,0,0.0,14,2,1,0.86,0,0.0,0.0,6.24,71.28,Product Researchers,0,Product Researchers
CUST-103131,2025-04-22,Canada,Desktop,Direct,21,114,348.7,0.063,52,2,0,0.0,14,0,0,0.648,0,0.0,0.0,5.43,73.83,Product Researchers,0,Product Researchers
CUST-103132,2025-03-09,United Kingdom,Tablet,Direct,25,147,401.3,0.081,72,16,5,495.21,7,4,2,0.44,1,0.2,0.3125,5.88,81.42,High Value Loyal,2,High Value Loyal Customers
CUST-103133,2025-05-19,United Kingdom,Desktop,Direct,24,134,545.9,0.339,59,2,1,68.32,39,4,3,0.42,1,0.0417,0.5,5.58,79.43,Product Researchers,0,Product Researchers
CUST-103134,2025-01-24,United States,Mobile,Referral,18,105,246.7,0.324,44,2,3,186.21,15,1,0,0.836,1,0.1667,1.0,5.83,61.0,Deal Seekers,4,Engaged Non-Buyers
CUST-103135,2025-03-06,United States,Mobile,Email,15,89,493.2,0.157,40,2,1,49.69,44,0,1,0.096,0,0.0667,0.5,5.93,76.58,Engaged Non-Buyers,0,Product Researchers
CUST-103136,2025-01-12,France,Mobile,Direct,19,99,300.0,0.505,53,2,3,190.98,32,2,3,0.724,1,0.1579,1.0,5.21,59.97,Deal Seekers,4,Engaged Non-Buyers
CUST-103137,2025-06-10,United Kingdom,Mobile,Organic Search,3,13,128.1,0.874,4,1,0,0.0,98,0,0,0.241,0,0.0,0.0,4.33,24.33,One-time Visitors,3,Engaged Non-Buyers
CUST-103138,2025-06-02,Australia,Desktop,Paid Social,4,15,104.0,0.556,7,1,0,0.0,98,0,0,0.139,0,0.0,0.0,3.75,30.17,One-time Visitors,3,Engaged Non-Buyers
CUST-103139,2025-01-02,France,Mobile,Paid Search,5,22,116.6,0.801,7,0,0,0.0,155,1,0,0.119,1,0.0,0.0,4.4,26.71,One-time Visitors,3,Engaged Non-Buyers
CUST-103140,2025-02-28,United Kingdom,Mobile,Email,12,88,480.5,0.156,52,1,0,0.0,60,4,0,0.517,1,0.0,0.0,7.33,84.04,Product Researchers,0,Product Researchers
CUST-103141,2025-01-19,United Kingdom,Mobile,Email,10,55,496.0,0.068,34,7,4,132.33,12,0,0,0.922,1,0.4,0.5714,5.5,75.74,Deal Seekers,4,Engaged Non-Buyers
CUST-103142,2025-01-30,United States,Mobile,Organic Search,43,192,507.8,0.344,66,8,4,636.25,4,1,2,0.337,1,0.093,0.5,4.47,75.75,High Value Loyal,2,High Value Loyal Customers
CUST-103143,2025-03-21,France,Tablet,Direct,24,97,369.0,0.423,35,6,6,373.63,37,4,1,0.689,1,0.25,1.0,4.04,56.27,Deal Seekers,4,Engaged Non-Buyers
CUST-103144,2025-06-28,France,Mobile,Direct,2,11,107.3,0.739,5,1,0,0.0,89,0,0,0.25,1,0.0,0.0,5.5,30.62,One-time Visitors,3,Engaged Non-Buyers
CUST-103145,2025-04-25,United Kingdom,Desktop,Direct,15,81,340.5,0.202,45,3,3,259.76,29,2,0,0.986,0,0.2,1.0,5.4,67.69,Deal Seekers,4,Engaged Non-Buyers
CUST-103146,2025-02-28,United States,Tablet,Email,16,92,503.0,0.213,54,4,0,0.0,13,2,0,0.086,1,0.0,0.0,5.75,79.42,Product Researchers,0,Product Researchers
CUST-103147,2025-03-06,United Kingdom,Mobile,Organic Search,24,98,268.1,0.178,34,6,1,53.8,26,1,0,0.763,0,0.0417,0.1667,4.08,57.18,Deal Seekers,4,Engaged Non-Buyers
CUST-103148,2025-03-30,United States,Mobile,Paid Social,22,125,414.5,0.142,69,16,3,296.4,2,2,0,0.217,1,0.1364,0.1875,5.68,79.93,High Value Loyal,2,High Value Loyal Customers
CUST-103149,2025-06-29,France,Mobile,Organic Search,12,85,549.4,0.428,56,6,0,0.0,18,4,0,0.753,1,0.0,0.0,7.08,81.13,Product Researchers,0,Product Researchers
CUST-103150,2025-02-18,Australia,Desktop,Paid Search,18,95,429.3,0.143,32,3,0,0.0,53,1,2,0.099,1,0.0,0.0,5.28,69.22,Engaged Non-Buyers,0,Product Researchers
CUST-103151,2025-04-19,India,Mobile,Paid Search,23,113,284.3,0.53,44,1,0,0.0,35,2,0,0.349,0,0.0,0.0,4.91,54.87,Product Researchers,0,Product Researchers
CUST-103152,2025-06-02,United Kingdom,Mobile,Direct,21,108,182.5,0.217,38,6,3,167.59,5,2,3,0.796,1,0.1429,0.5,5.14,56.46,Deal Seekers,4,Engaged Non-Buyers
CUST-103153,2025-03-22,United States,Desktop,Organic Search,13,93,582.3,0.303,57,1,0,0.0,47,0,0,0.562,0,0.0,0.0,7.15,86.42,Product Researchers,0,Product Researchers
CUST-103154,2025-05-29,United Kingdom,Mobile,Referral,20,111,424.8,0.355,50,6,3,172.27,30,1,0,0.886,0,0.15,0.5,5.55,70.1,Deal Seekers,4,Engaged Non-Buyers
CUST-103155,2025-04-09,United States,Mobile,Paid Social,20,91,339.8,0.144,36,2,1,64.39,7,3,0,0.785,1,0.05,0.5,4.55,63.68,Deal Seekers,4,Engaged Non-Buyers
CUST-103156,2025-05-10,Canada,Mobile,Organic Search,16,97,526.6,0.253,47,3,0,0.0,74,3,0,0.482,1,0.0,0.0,6.06,78.42,Product Researchers,0,Product Researchers
CUST-103157,2025-05-17,India,Mobile,Display,12,87,525.1,0.192,38,0,0,0.0,27,3,0,0.283,0,0.0,0.0,7.25,80.81,Engaged Non-Buyers,0,Product Researchers
CUST-103158,2025-01-01,United Kingdom,Mobile,Referral,25,146,301.7,0.112,63,8,7,548.79,9,2,1,0.303,1,0.28,0.875,5.84,74.93,High Value Loyal,2,High Value Loyal Customers
CUST-103159,2025-06-19,United Kingdom,Desktop,Display,26,132,516.4,0.226,53,11,7,834.12,11,3,0,0.503,1,0.2692,0.6364,5.08,77.34,High Value Loyal,2,High Value Loyal Customers
CUST-103160,2025-06-02,United Kingdom,Mobile,Email,2,12,55.2,0.748,5,0,0,0.0,137,0,0,0.348,0,0.0,0.0,6.0,29.35,One-time Visitors,3,Engaged Non-Buyers
CUST-103161,2025-04-10,Netherlands,Mobile,Email,22,105,284.1,0.231,35,7,2,80.38,44,2,0,0.409,1,0.0909,0.2857,4.77,59.12,Deal Seekers,4,Engaged Non-Buyers
CUST-103162,2025-02-17,United States,Desktop,Direct,24,146,597.0,0.296,74,11,5,585.27,7,2,2,0.341,1,0.2083,0.4545,6.08,86.45,High Value Loyal,2,High Value Loyal Customers
CUST-103163,2025-04-28,United States,Desktop,Organic Search,14,85,286.9,0.158,50,6,1,52.23,39,2,0,0.89,1,0.0714,0.1667,6.07,69.74,Deal Seekers,4,Engaged Non-Buyers
CUST-103164,2025-04-09,India,Mobile,Email,17,85,431.1,0.349,40,4,0,0.0,40,0,0,0.245,1,0.0,0.0,5.0,65.76,Engaged Non-Buyers,0,Product Researchers
CUST-103165,2025-05-05,France,Mobile,Direct,20,95,406.0,0.386,46,2,0,0.0,58,4,0,0.236,1,0.0,0.0,4.75,64.65,Engaged Non-Buyers,0,Product Researchers
CUST-103166,2025-06-13,United Kingdom,Desktop,Direct,19,90,488.7,0.183,32,3,0,0.0,48,2,0,0.307,0,0.0,0.0,4.74,69.52,Engaged Non-Buyers,0,Product Researchers
CUST-103167,2025-01-01,United Kingdom,Tablet,Paid Search,19,90,345.3,0.147,39,10,0,0.0,11,1,1,0.821,1,0.0,0.0,4.74,65.4,Deal Seekers,4,Engaged Non-Buyers
CUST-103168,2025-01-15,United Kingdom,Desktop,Paid Search,17,95,615.1,0.313,39,5,0,0.0,64,1,3,0.638,1,0.0,0.0,5.59,76.63,Engaged Non-Buyers,0,Product Researchers
CUST-103169,2025-01-08,United States,Desktop,Paid Search,28,146,430.6,0.088,67,8,9,997.65,2,2,1,0.295,1,0.3214,1.0,5.21,80.62,High Value Loyal,2,High Value Loyal Customers
CUST-103170,2025-05-01,United Kingdom,Mobile,Paid Search,13,101,397.1,0.151,57,4,1,65.61,44,3,0,0.309,1,0.0769,0.25,7.77,82.9,Product Researchers,0,Product Researchers
CUST-103171,2025-03-28,Netherlands,Desktop,Organic Search,17,109,558.7,0.161,60,2,1,59.55,20,1,2,0.608,1,0.0588,0.5,6.41,87.4,Product Researchers,0,Product Researchers
CUST-103172,2025-04-18,India,Desktop,Organic Search,14,105,417.2,0.411,50,1,0,0.0,16,1,0,0.179,0,0.0,0.0,7.5,74.41,Product Researchers,0,Product Researchers
CUST-103173,2025-01-08,United Kingdom,Desktop,Direct,22,123,430.0,0.119,52,6,0,0.0,16,1,0,0.197,1,0.0,0.0,5.59,77.0,Engaged Non-Buyers,0,Product Researchers
CUST-103174,2025-03-11,United States,Desktop,Organic Search,4,17,64.6,0.892,8,0,1,52.98,67,0,0,0.267,0,0.25,0.0,4.25,21.67,One-time Visitors,3,Engaged Non-Buyers
CUST-103175,2025-06-28,Canada,Mobile,Paid Search,16,111,399.6,0.087,62,0,1,90.05,19,1,2,0.93,1,0.0625,0.0,6.94,83.57,Product Researchers,0,Product Researchers
CUST-103176,2025-04-11,United States,Mobile,Direct,1,14,146.6,0.849,11,0,0,0.0,101,0,0,0.222,0,0.0,0.0,14.0,39.49,One-time Visitors,1,Low Engagement / At-Risk Visitors
CUST-103177,2025-04-23,Canada,Mobile,Paid Search,2,6,100.5,0.727,3,0,0,0.0,61,0,0,0.392,0,0.0,0.0,3.0,22.16,One-time Visitors,3,Engaged Non-Buyers
CUST-103178,2025-01-25,United States,Mobile,Paid Search,20,115,526.4,0.184,57,18,8,1058.17,7,3,0,0.445,1,0.4,0.4444,5.75,82.22,High Value Loyal,2,High Value Loyal Customers
CUST-103179,2025-03-18,Australia,Tablet,Paid Social,22,98,355.0,0.376,44,6,3,203.59,15,2,1,0.819,1,0.1364,0.5,4.45,60.8,Deal Seekers,4,Engaged Non-Buyers
CUST-103180,2025-01-29,United States,Desktop,Organic Search,19,99,378.9,0.214,38,2,2,90.71,28,3,0,0.798,1,0.1053,1.0,5.21,66.57,Deal Seekers,4,Engaged Non-Buyers
CUST-103181,2025-05-04,United States,Mobile,Direct,17,87,585.6,0.251,49,2,0,0.0,55,2,0,0.431,1,0.0,0.0,5.12,79.08,Engaged Non-Buyers,0,Product Researchers
CUST-103182,2025-01-22,United States,Mobile,Organic Search,19,98,641.2,0.173,39,3,0,0.0,14,4,0,0.515,1,0.0,0.0,5.16,78.79,Engaged Non-Buyers,0,Product Researchers
CUST-103183,2025-02-23,India,Mobile,Direct,15,93,343.2,0.129,49,4,1,68.86,11,2,0,0.744,1,0.0667,0.25,6.2,73.38,Deal Seekers,4,Engaged Non-Buyers
CUST-103184,2025-06-16,United States,Mobile,Referral,23,97,315.6,0.163,36,1,1,69.8,51,3,1,0.233,0,0.0435,1.0,4.22,60.97,Engaged Non-Buyers,4,Engaged Non-Buyers
CUST-103185,2025-06-12,Canada,Mobile,Paid Search,31,150,494.3,0.107,74,10,8,935.16,3,3,0,0.11,1,0.2581,0.8,4.84,82.16,High Value Loyal,2,High Value Loyal Customers
CUST-103186,2025-06-28,Germany,Tablet,Paid Search,11,72,432.9,0.144,42,10,0,0.0,22,2,1,0.918,1,0.0,0.0,6.55,76.42,Deal Seekers,4,Engaged Non-Buyers
CUST-103187,2025-04-30,India,Desktop,Paid Search,17,106,434.6,0.318,47,6,4,191.51,41,1,1,0.891,1,0.2353,0.6667,6.24,72.73,Deal Seekers,4,Engaged Non-Buyers
CUST-103188,2025-03-09,Germany,Tablet,Referral,19,123,466.1,0.499,59,1,2,161.42,61,0,0,0.508,1,0.1053,1.0,6.47,74.22,Product Researchers,4,Engaged Non-Buyers
CUST-103189,2025-02-17,India,Mobile,Paid Social,21,97,321.8,0.285,40,2,0,0.0,23,2,0,0.277,1,0.0,0.0,4.62,60.71,Engaged Non-Buyers,0,Product Researchers
CUST-103190,2025-03-10,India,Desktop,Organic Search,5,20,89.5,0.6,5,0,0,0.0,115,0,0,0.653,0,0.0,0.0,4.0,28.52,One-time Visitors,3,Engaged Non-Buyers
CUST-103191,2025-06-05,Germany,Mobile,Organic Search,31,142,395.6,0.13,56,14,8,975.85,12,2,1,0.161,1,0.2581,0.5714,4.58,73.08,High Value Loyal,2,High Value Loyal Customers
CUST-103192,2025-02-14,Canada,Mobile,Display,10,74,398.4,0.251,40,9,2,167.15,9,3,0,0.622,1,0.2,0.2222,7.4,74.08,Deal Seekers,4,Engaged Non-Buyers
CUST-103193,2025-06-18,United Kingdom,Mobile,Direct,3,20,150.7,0.811,9,0,0,0.0,155,0,0,0.489,0,0.0,0.0,6.67,35.86,One-time Visitors,3,Engaged Non-Buyers
CUST-103194,2025-06-25,United Kingdom,Mobile,Paid Social,18,92,267.8,0.392,36,8,3,263.51,26,3,3,0.971,0,0.1667,0.375,5.11,55.63,Deal Seekers,4,Engaged Non-Buyers
CUST-103195,2025-01-15,India,Desktop,Direct,1,11,149.5,0.524,7,1,0,0.0,119,0,0,0.339,0,0.0,0.0,11.0,46.54,One-time Visitors,1,Low Engagement / At-Risk Visitors
CUST-103196,2025-02-26,United Kingdom,Desktop,Paid Search,5,24,103.2,0.558,8,0,1,41.05,92,1,0,0.092,0,0.2,0.0,4.8,33.66,One-time Visitors,3,Engaged Non-Buyers
CUST-103197,2025-05-10,United States,Desktop,Paid Search,3,14,155.2,0.683,7,0,0,0.0,97,0,0,0.2,0,0.0,0.0,4.67,32.42,One-time Visitors,3,Engaged Non-Buyers
CUST-103198,2025-03-17,United Kingdom,Desktop,Organic Search,4,15,74.3,0.714,7,0,0,0.0,147,0,1,0.166,0,0.0,0.0,3.75,24.75,One-time Visitors,3,Engaged Non-Buyers
CUST-103199,2025-05-12,United States,Tablet,Organic Search,18,118,305.4,0.423,59,3,0,0.0,31,4,0,0.271,0,0.0,0.0,6.56,68.33,Product Researchers,0,Product Researchers
CUST-103200,2025-06-22,United States,Mobile,Direct,15,92,366.2,0.179,41,6,0,0.0,21,3,2,0.635,0,0.0,0.0,6.13,70.61,Deal Seekers,0,Product Researchers
CUST-103201,2025-06-10,Germany,Mobile,Paid Search,3,15,108.8,0.848,8,0,0,0.0,55,0,0,0.048,0,0.0,0.0,5.0,27.33,One-time Visitors,3,Engaged Non-Buyers
CUST-103202,2025-03-24,United States,Desktop,Organic Search,13,86,339.5,0.132,55,0,1,56.07,40,0,0,0.354,1,0.0769,0.0,6.62,76.28,Product Researchers,0,Product Researchers
CUST-103203,2025-05-05,United Kingdom,Desktop,Paid Social,3,16,122.4,0.946,4,0,0,0.0,82,0,0,0.186,0,0.0,0.0,5.33,25.36,One-time Visitors,3,Engaged Non-Buyers
CUST-103204,2025-01-25,United States,Desktop,Organic Search,24,132,573.3,0.223,52,14,4,390.52,12,1,0,0.153,1,0.1667,0.2857,5.5,81.29,High Value Loyal,2,High Value Loyal Customers
CUST-103205,2025-03-02,United Kingdom,Mobile,Paid Search,22,102,298.7,0.167,37,9,2,115.78,13,4,0,0.377,1,0.0909,0.2222,4.64,61.63,Deal Seekers,4,Engaged Non-Buyers
CUST-103206,2025-04-01,Canada,Desktop,Email,13,92,284.9,0.338,50,1,0,0.0,18,2,2,0.614,1,0.0,0.0,7.08,68.29,Product Researchers,0,Product Researchers
CUST-103207,2025-03-28,United States,Mobile,Referral,3,12,68.2,0.83,7,0,0,0.0,50,0,0,0.174,0,0.0,0.0,4.0,22.32,One-time Visitors,3,Engaged Non-Buyers
CUST-103208,2025-02-26,United Kingdom,Mobile,Paid Social,12,73,510.8,0.455,39,1,0,0.0,71,0,1,0.411,1,0.0,0.0,6.08,70.17,Product Researchers,0,Product Researchers
CUST-103209,2025-04-23,Germany,Mobile,Paid Search,1,9,105.3,0.757,5,2,0,0.0,88,0,0,0.559,0,0.0,0.0,9.0,37.89,One-time Visitors,1,Low Engagement / At-Risk Visitors
CUST-103210,2025-04-28,India,Mobile,Paid Social,24,137,574.5,0.035,67,10,4,570.58,8,1,0,0.053,1,0.1667,0.4,5.71,90.69,High Value Loyal,2,High Value Loyal Customers
CUST-103211,2025-04-02,France,Desktop,Email,25,129,478.5,0.177,59,12,10,1326.47,9,2,1,0.338,1,0.4,0.8333,5.16,78.79,High Value Loyal,2,High Value Loyal Customers
CUST-103212,2025-06-23,Netherlands,Tablet,Paid Search,2,10,118.6,0.738,4,1,0,0.0,106,0,0,0.212,0,0.0,0.0,5.0,29.33,One-time Visitors,3,Engaged Non-Buyers
CUST-103213,2025-04-15,France,Mobile,Direct,16,91,600.8,0.191,47,4,0,0.0,43,0,1,0.314,1,0.0,0.0,5.69,82.47,Engaged Non-Buyers,0,Product Researchers
CUST-103214,2025-05-07,Netherlands,Desktop,Email,20,83,343.4,0.11,35,7,1,57.22,27,3,0,0.479,1,0.05,0.1429,4.15,63.17,Deal Seekers,4,Engaged Non-Buyers
CUST-103215,2025-01-04,Germany,Mobile,Direct,21,119,289.7,0.29,52,6,1,90.49,36,0,1,0.73,1,0.0476,0.1667,5.67,65.93,Deal Seekers,4,Engaged Non-Buyers
CUST-103216,2025-06-04,United States,Mobile,Paid Search,13,80,360.9,0.384,42,5,0,0.0,30,0,2,0.637,0,0.0,0.0,6.15,65.6,Deal Seekers,0,Product Researchers
CUST-103217,2025-02-03,India,Desktop,Paid Social,15,95,533.7,0.2,60,1,1,83.31,52,2,2,0.352,1,0.0667,1.0,6.33,84.92,Product Researchers,4,Engaged Non-Buyers
CUST-103218,2025-01-07,United States,Desktop,Direct,13,105,519.8,0.481,60,2,1,69.33,63,1,0,0.472,1,0.0769,0.5,8.08,82.42,Product Researchers,0,Product Researchers
CUST-103219,2025-06-03,India,Mobile,Organic Search,16,96,481.3,0.31,43,2,0,0.0,53,4,3,0.281,0,0.0,0.0,6.0,73.3,Product Researchers,0,Product Researchers
CUST-103220,2025-05-12,Germany,Mobile,Organic Search,2,16,177.9,0.691,7,0,0,0.0,127,0,0,0.377,0,0.0,0.0,8.0,43.78,One-time Visitors,1,Low Engagement / At-Risk Visitors
CUST-103221,2025-01-20,India,Desktop,Paid Social,24,133,607.5,0.14,64,14,5,457.52,4,1,2,0.199,1,0.2083,0.3571,5.54,88.5,High Value Loyal,2,High Value Loyal Customers
CUST-103222,2025-04-24,United Kingdom,Mobile,Direct,17,87,566.6,0.415,38,5,0,0.0,52,3,1,0.095,1,0.0,0.0,5.12,70.64,Engaged Non-Buyers,0,Product Researchers
CUST-103223,2025-03-28,United Kingdom,Mobile,Referral,2,13,63.0,0.546,5,0,0,0.0,78,0,0,0.295,1,0.0,0.0,6.5,36.35,One-time Visitors,3,Engaged Non-Buyers
CUST-103224,2025-06-15,Canada,Desktop,Email,17,103,491.1,0.266,50,3,0,0.0,51,3,0,0.483,1,0.0,0.0,6.06,77.22,Engaged Non-Buyers,0,Product Researchers
CUST-103225,2025-04-21,United Kingdom,Desktop,Organic Search,26,136,447.1,0.265,46,2,1,57.13,30,3,1,0.381,1,0.0385,0.5,5.23,71.22,Engaged Non-Buyers,0,Product Researchers
CUST-103226,2025-01-06,Netherlands,Mobile,Paid Search,2,8,123.3,0.854,3,0,0,0.0,118,0,0,0.218,0,0.0,0.0,4.0,23.23,One-time Visitors,3,Engaged Non-Buyers
CUST-103227,2025-05-13,Canada,Tablet,Paid Social,17,113,379.3,0.224,60,12,2,135.66,34,1,1,0.86,1,0.1176,0.1667,6.65,77.6,Deal Seekers,4,Engaged Non-Buyers
CUST-103228,2025-01-27,United Kingdom,Mobile,Paid Social,1,14,104.7,0.648,11,0,1,29.65,122,0,0,0.353,0,1.0,0.0,14.0,42.41,One-time Visitors,1,Low Engagement / At-Risk Visitors
CUST-103229,2025-01-18,United Kingdom,Tablet,Organic Search,2,19,92.9,0.744,11,0,0,0.0,108,0,0,0.107,0,0.0,0.0,9.5,39.42,One-time Visitors,1,Low Engagement / At-Risk Visitors
CUST-103230,2025-02-10,Australia,Tablet,Direct,18,97,411.8,0.189,52,6,1,44.57,43,1,0,0.774,1,0.0556,0.1667,5.39,73.71,Deal Seekers,4,Engaged Non-Buyers
CUST-103231,2025-05-05,Canada,Mobile,Organic Search,1,8,71.1,0.546,5,0,0,0.0,115,0,0,0.087,0,0.0,0.0,8.0,41.45,One-time Visitors,1,Low Engagement / At-Risk Visitors
CUST-103232,2025-06-01,United States,Mobile,Paid Search,14,94,598.7,0.406,57,0,0,0.0,60,4,1,0.596,1,0.0,0.0,6.71,83.31,Product Researchers,0,Product Researchers
CUST-103233,2025-06-16,United Kingdom,Mobile,Paid Search,21,80,367.4,0.32,37,4,0,0.0,54,1,0,0.217,0,0.0,0.0,3.81,58.66,Engaged Non-Buyers,0,Product Researchers
CUST-103234,2025-01-30,United Kingdom,Mobile,Email,3,16,86.1,0.764,8,0,0,0.0,166,0,0,0.245,1,0.0,0.0,5.33,29.32,One-time Visitors,3,Engaged Non-Buyers
CUST-103235,2025-06-22,Australia,Desktop,Paid Social,18,87,406.8,0.506,41,4,0,0.0,50,3,0,0.439,0,0.0,0.0,4.83,60.42,Engaged Non-Buyers,0,Product Researchers
CUST-103236,2025-05-03,India,Mobile,Paid Search,20,105,484.4,0.342,45,5,0,0.0,26,4,2,0.225,1,0.0,0.0,5.25,70.93,Engaged Non-Buyers,0,Product Researchers
CUST-103237,2025-01-19,United States,Mobile,Organic Search,3,18,123.9,0.801,10,0,0,0.0,47,1,0,0.292,0,0.0,0.0,6.0,33.0,One-time Visitors,3,Engaged Non-Buyers
CUST-103238,2025-02-08,United Kingdom,Mobile,Organic Search,23,122,729.1,0.027,47,4,0,0.0,58,2,1,0.396,0,0.0,0.0,5.3,85.36,Engaged Non-Buyers,0,Product Researchers
CUST-103239,2025-01-25,India,Mobile,Referral,3,13,72.8,0.682,6,0,0,0.0,176,0,0,0.193,0,0.0,0.0,4.33,26.98,One-time Visitors,3,Engaged Non-Buyers
CUST-103240,2025-06-13,United Kingdom,Mobile,Direct,18,115,434.7,0.253,55,3,1,46.49,70,3,0,0.398,1,0.0556,0.3333,6.39,77.31,Product Researchers,0,Product Researchers
CUST-103241,2025-05-21,India,Tablet,Email,17,97,481.3,0.403,43,2,0,0.0,56,1,1,0.086,0,0.0,0.0,5.71,70.06,Engaged Non-Buyers,0,Product Researchers
CUST-103242,2025-03-13,India,Tablet,Paid Social,3,16,83.5,0.777,6,1,0,0.0,80,0,0,0.162,1,0.0,0.0,5.33,28.26,One-time Visitors,3,Engaged Non-Buyers
CUST-103243,2025-03-26,United Kingdom,Mobile,Email,3,7,132.1,0.821,3,0,1,41.65,87,0,0,0.08,0,0.3333,0.0,2.33,19.29,One-time Visitors,3,Engaged Non-Buyers
CUST-103244,2025-03-04,United States,Mobile,Paid Search,20,80,413.3,0.439,43,3,0,0.0,19,0,0,0.176,1,0.0,0.0,4.0,60.43,Engaged Non-Buyers,0,Product Researchers
CUST-103245,2025-06-22,France,Desktop,Paid Search,1,9,151.3,0.937,8,0,0,0.0,79,0,0,0.338,1,0.0,0.0,9.0,36.6,One-time Visitors,1,Low Engagement / At-Risk Visitors
CUST-103246,2025-04-20,Australia,Desktop,Display,36,160,613.2,0.245,66,9,9,822.88,1,3,0,0.156,1,0.25,1.0,4.44,82.76,High Value Loyal,2,High Value Loyal Customers
CUST-103247,2025-04-29,United Kingdom,Desktop,Direct,2,11,66.0,0.834,6,0,1,63.74,155,0,0,0.058,0,0.5,0.0,5.5,26.48,One-time Visitors,3,Engaged Non-Buyers
CUST-103248,2025-02-18,Netherlands,Mobile,Organic Search,4,20,117.9,0.689,5,1,0,0.0,108,1,0,0.23,0,0.0,0.0,5.0,30.85,One-time Visitors,3,Engaged Non-Buyers
CUST-103249,2025-02-27,United States,Mobile,Email,2,12,85.3,0.555,9,1,0,0.0,101,0,0,0.232,0,0.0,0.0,6.0,36.91,One-time Visitors,3,Engaged Non-Buyers
CUST-103250,2025-05-31,United States,Desktop,Paid Search,19,111,508.1,0.135,51,2,0,0.0,62,2,0,0.328,0,0.0,0.0,5.84,80.98,Engaged Non-Buyers,0,Product Researchers
CUST-103251,2025-05-11,India,Tablet,Direct,3,14,58.8,0.5,7,1,0,0.0,45,0,0,0.314,0,0.0,0.0,4.67,32.19,One-time Visitors,3,Engaged Non-Buyers
CUST-103252,2025-01-07,United States,Mobile,Organic Search,21,111,544.7,0.244,49,3,0,0.0,45,1,1,0.512,0,0.0,0.0,5.29,77.73,Engaged Non-Buyers,0,Product Researchers
CUST-103253,2025-01-10,Germany,Desktop,Organic Search,2,15,94.4,0.828,8,1,0,0.0,89,0,0,0.186,1,0.0,0.0,7.5,34.93,One-time Visitors,1,Low Engagement / At-Risk Visitors
CUST-103254,2025-02-22,United Kingdom,Mobile,Organic Search,13,72,549.4,0.375,39,3,0,0.0,20,3,1,0.338,1,0.0,0.0,5.54,72.41,Engaged Non-Buyers,0,Product Researchers
CUST-103255,2025-06-07,United Kingdom,Desktop,Display,15,89,465.0,0.292,55,1,1,85.57,8,4,3,0.486,0,0.0667,1.0,5.93,76.4,Product Researchers,4,Engaged Non-Buyers
CUST-103256,2025-05-17,United Kingdom,Mobile,Paid Social,16,88,393.4,0.284,47,7,1,33.83,7,1,0,0.965,1,0.0625,0.1429,5.5,69.23,Deal Seekers,4,Engaged Non-Buyers
CUST-103257,2025-01-12,United Kingdom,Mobile,Paid Search,17,89,375.1,0.22,41,0,1,110.19,50,3,0,0.253,1,0.0588,0.0,5.24,67.23,Product Researchers,0,Product Researchers
CUST-103258,2025-03-29,United Kingdom,Desktop,Paid Search,21,115,388.1,0.07,46,4,0,0.0,59,0,0,0.212,1,0.0,0.0,5.48,73.91,Engaged Non-Buyers,0,Product Researchers
CUST-103259,2025-06-12,United States,Tablet,Organic Search,20,100,320.7,0.444,33,6,0,0.0,34,1,0,0.385,1,0.0,0.0,5.0,55.72,Engaged Non-Buyers,0,Product Researchers
CUST-103260,2025-05-05,France,Mobile,Display,1,7,113.3,0.773,7,1,0,0.0,108,0,0,0.147,0,0.0,0.0,7.0,35.36,One-time Visitors,1,Low Engagement / At-Risk Visitors
CUST-103261,2025-06-15,United Kingdom,Mobile,Direct,12,101,379.2,0.246,60,6,1,91.3,14,1,2,0.449,1,0.0833,0.1667,8.42,81.28,Product Researchers,0,Product Researchers
CUST-103262,2025-01-20,United States,Mobile,Email,23,119,227.5,0.543,50,6,2,96.34,25,0,0,0.779,1,0.087,0.3333,5.17,54.36,Deal Seekers,4,Engaged Non-Buyers
CUST-103263,2025-02-01,United Kingdom,Mobile,Direct,29,163,409.2,0.199,74,13,5,502.84,5,0,2,0.207,1,0.1724,0.3846,5.62,78.06,High Value Loyal,2,High Value Loyal Customers
CUST-103264,2025-04-12,India,Desktop,Organic Search,17,91,385.7,0.24,43,1,0,0.0,70,2,0,0.196,1,0.0,0.0,5.35,68.24,Product Researchers,0,Product Researchers
CUST-103265,2025-02-12,Canada,Desktop,Paid Social,14,92,392.8,0.64,53,1,0,0.0,9,1,1,0.349,1,0.0,0.0,6.57,65.49,Product Researchers,0,Product Researchers
CUST-103266,2025-02-28,United Kingdom,Mobile,Email,19,114,549.5,0.462,46,3,2,116.4,48,1,0,0.56,1,0.1053,0.6667,6.0,73.82,Engaged Non-Buyers,4,Engaged Non-Buyers
CUST-103267,2025-05-22,United Kingdom,Mobile,Organic Search,15,98,457.0,0.42,50,4,1,80.3,43,2,0,0.297,1,0.0667,0.25,6.53,73.14,Product Researchers,0,Product Researchers
CUST-103268,2025-02-01,United States,Desktop,Organic Search,15,91,499.9,0.411,54,2,0,0.0,36,1,2,0.26,1,0.0,0.0,6.07,75.29,Product Researchers,0,Product Researchers
CUST-103269,2025-01-26,United States,Desktop,Organic Search,16,109,471.8,0.399,54,2,1,86.24,70,2,1,0.157,1,0.0625,0.5,6.81,76.52,Product Researchers,0,Product Researchers
CUST-103270,2025-06-07,Netherlands,Desktop,Email,35,172,595.0,0.302,72,12,2,219.33,1,2,0,0.022,1,0.0571,0.1667,4.91,82.55,High Value Loyal,2,High Value Loyal Customers
CUST-103271,2025-02-07,United Kingdom,Desktop,Organic Search,21,100,267.5,0.123,40,9,1,85.1,37,2,2,0.761,1,0.0476,0.1111,4.76,62.49,Deal Seekers,4,Engaged Non-Buyers
CUST-103272,2025-06-07,United States,Mobile,Organic Search,4,20,20.0,0.697,6,0,0,0.0,58,0,0,0.474,0,0.0,0.0,5.0,26.04,One-time Visitors,3,Engaged Non-Buyers
CUST-103273,2025-03-02,Germany,Mobile,Paid Search,1,7,134.2,0.835,6,0,0,0.0,144,0,0,0.201,0,0.0,0.0,7.0,34.57,One-time Visitors,1,Low Engagement / At-Risk Visitors
CUST-103274,2025-01-10,Canada,Mobile,Organic Search,16,91,358.3,0.257,42,3,0,0.0,38,1,1,0.191,1,0.0,0.0,5.69,67.2,Engaged Non-Buyers,0,Product Researchers
CUST-103275,2025-04-12,United States,Desktop,Organic Search,10,88,292.1,0.425,53,2,1,92.52,50,4,1,0.366,1,0.1,0.5,8.8,70.28,Product Researchers,0,Product Researchers
CUST-103276,2025-03-03,United Kingdom,Mobile,Paid Search,2,12,32.7,0.66,8,0,0,0.0,143,1,0,0.138,0,0.0,0.0,6.0,31.34,One-time Visitors,3,Engaged Non-Buyers
CUST-103277,2025-01-04,India,Mobile,Referral,4,20,76.6,0.823,7,0,1,41.28,64,0,1,0.119,0,0.25,0.0,5.0,26.04,One-time Visitors,3,Engaged Non-Buyers
CUST-103278,2025-01-27,India,Mobile,Paid Search,5,24,106.2,0.836,4,1,0,0.0,63,0,1,0.216,0,0.0,0.0,4.8,25.64,One-time Visitors,3,Engaged Non-Buyers
CUST-103279,2025-05-31,Australia,Desktop,Paid Social,23,134,447.3,0.289,69,14,7,699.69,2,0,1,0.488,1,0.3043,0.5,5.83,78.34,High Value Loyal,2,High Value Loyal Customers
CUST-103280,2025-04-12,United States,Desktop,Paid Social,14,70,486.0,0.321,34,2,0,0.0,26,2,0,0.095,0,0.0,0.0,5.0,67.36,Engaged Non-Buyers,0,Product Researchers
CUST-103281,2025-06-05,United Kingdom,Desktop,Paid Search,4,13,90.1,0.835,4,1,0,0.0,143,0,0,0.234,1,0.0,0.0,3.25,20.02,One-time Visitors,3,Engaged Non-Buyers
CUST-103282,2025-05-08,United Kingdom,Mobile,Organic Search,4,18,62.4,0.764,7,1,0,0.0,88,0,0,0.204,0,0.0,0.0,4.5,25.24,One-time Visitors,3,Engaged Non-Buyers
CUST-103283,2025-05-08,United States,Mobile,Paid Search,30,138,437.4,0.335,60,12,12,1355.88,8,0,0,0.353,1,0.4,1.0,4.6,71.34,High Value Loyal,2,High Value Loyal Customers
CUST-103284,2025-06-03,United Kingdom,Desktop,Paid Search,19,98,475.0,0.409,38,4,0,0.0,44,1,0,0.312,1,0.0,0.0,5.16,66.35,Engaged Non-Buyers,0,Product Researchers
CUST-103285,2025-04-25,Australia,Mobile,Paid Social,4,12,65.0,0.842,3,1,0,0.0,162,0,0,0.536,1,0.0,0.0,3.0,17.5,One-time Visitors,3,Engaged Non-Buyers
CUST-103286,2025-01-27,United States,Desktop,Organic Search,12,75,240.1,0.353,39,4,2,78.57,12,3,1,0.768,1,0.1667,0.5,6.25,59.7,Deal Seekers,4,Engaged Non-Buyers
CUST-103287,2025-01-04,India,Mobile,Organic Search,3,18,89.2,0.511,7,0,0,0.0,99,0,0,0.233,1,0.0,0.0,6.0,37.6,One-time Visitors,3,Engaged Non-Buyers
CUST-103288,2025-05-11,Australia,Desktop,Email,25,141,609.7,0.09,70,13,3,380.37,11,2,0,0.045,1,0.12,0.2308,5.64,90.37,High Value Loyal,2,High Value Loyal Customers
CUST-103289,2025-06-21,United Kingdom,Mobile,Paid Social,25,159,538.0,0.247,78,11,8,774.1,11,2,3,0.3,1,0.32,0.7273,6.36,85.6,High Value Loyal,2,High Value Loyal Customers
CUST-103290,2025-06-28,United States,Mobile,Paid Search,3,13,20.0,0.773,6,0,0,0.0,139,0,0,0.207,1,0.0,0.0,4.33,22.07,One-time Visitors,3,Engaged Non-Buyers
CUST-103291,2025-01-02,India,Mobile,Email,1,10,22.0,0.713,7,0,0,0.0,74,0,0,0.138,0,0.0,0.0,10.0,35.42,One-time Visitors,1,Low Engagement / At-Risk Visitors
CUST-103292,2025-04-14,Australia,Desktop,Paid Search,15,88,230.2,0.276,43,0,0,0.0,64,2,0,0.232,1,0.0,0.0,5.87,61.17,Product Researchers,0,Product Researchers
CUST-103293,2025-04-24,United States,Mobile,Paid Search,25,140,557.8,0.315,70,10,6,722.85,6,4,1,0.048,1,0.24,0.6,5.6,82.52,High Value Loyal,2,High Value Loyal Customers
CUST-103294,2025-03-22,Germany,Mobile,Direct,16,96,263.2,0.204,47,2,0,0.0,22,2,1,0.459,1,0.0,0.0,6.0,66.28,Deal Seekers,0,Product Researchers
CUST-103295,2025-02-02,United States,Mobile,Paid Search,31,151,521.0,0.142,65,7,5,711.22,3,3,0,0.091,1,0.1613,0.7143,4.87,82.72,High Value Loyal,2,High Value Loyal Customers
CUST-103296,2025-01-31,United States,Mobile,Organic Search,15,102,205.1,0.634,50,9,0,0.0,38,2,1,0.858,1,0.0,0.0,6.8,56.04,Deal Seekers,4,Engaged Non-Buyers
CUST-103297,2025-04-02,United States,Desktop,Paid Search,30,152,597.9,0.233,71,19,4,269.34,5,3,1,0.395,1,0.1333,0.2105,5.07,84.92,High Value Loyal,2,High Value Loyal Customers
CUST-103298,2025-04-10,Germany,Desktop,Organic Search,2,18,110.2,0.86,8,0,0,0.0,51,0,0,0.475,0,0.0,0.0,9.0,36.47,One-time Visitors,1,Low Engagement / At-Risk Visitors
CUST-103299,2025-02-25,India,Mobile,Paid Search,2,16,106.7,0.694,12,0,1,44.56,55,0,0,0.306,0,0.5,0.0,8.0,41.67,One-time Visitors,1,Low Engagement / At-Risk Visitors
CUST-103300,2025-06-15,United Kingdom,Desktop,Paid Social,15,105,369.8,0.192,60,3,1,58.69,30,4,2,0.571,1,0.0667,0.3333,7.0,79.01,Product Researchers,0,Product Researchers
CUST-103301,2025-03-05,India,Mobile,Paid Social,5,19,80.4,0.626,3,1,0,0.0,75,0,0,0.145,1,0.0,0.0,3.8,26.17,One-time Visitors,3,Engaged Non-Buyers
CUST-103302,2025-01-04,United Kingdom,Mobile,Email,31,156,686.5,0.076,71,18,4,247.65,5,1,0,0.484,1,0.129,0.2222,5.03,88.83,High Value Loyal,2,High Value Loyal Customers
CUST-103303,2025-06-12,India,Desktop,Paid Search,23,109,372.4,0.118,41,5,1,28.91,13,3,1,0.05,1,0.0435,0.2,4.74,68.09,Engaged Non-Buyers,0,Product Researchers
CUST-103304,2025-06-16,United States,Tablet,Direct,2,11,105.3,0.864,3,0,0,0.0,89,0,0,0.367,1,0.0,0.0,5.5,26.77,One-time Visitors,3,Engaged Non-Buyers
CUST-103305,2025-04-18,United States,Mobile,Organic Search,36,165,445.8,0.307,66,12,8,692.42,12,2,0,0.122,1,0.2222,0.6667,4.58,73.95,High Value Loyal,2,High Value Loyal Customers
CUST-103306,2025-03-15,France,Mobile,Paid Search,12,97,537.6,0.529,55,2,0,0.0,54,0,1,0.429,0,0.0,0.0,8.08,80.57,Product Researchers,0,Product Researchers
CUST-103307,2025-05-24,United States,Desktop,Direct,12,99,464.8,0.421,58,1,0,0.0,12,2,0,0.306,0,0.0,0.0,8.25,80.56,Product Researchers,0,Product Researchers
CUST-103308,2025-03-04,Germany,Mobile,Organic Search,18,90,550.6,0.377,39,5,0,0.0,54,5,3,0.415,1,0.0,0.0,5.0,70.74,Engaged Non-Buyers,0,Product Researchers
CUST-103309,2025-03-23,United Kingdom,Mobile,Referral,2,21,80.3,0.648,12,0,0,0.0,84,0,0,0.175,0,0.0,0.0,10.5,41.5,One-time Visitors,1,Low Engagement / At-Risk Visitors
CUST-103310,2025-06-21,United States,Mobile,Paid Search,21,145,671.9,0.387,67,14,7,938.87,2,1,0,0.096,1,0.3333,0.5,6.9,86.9,High Value Loyal,2,High Value Loyal Customers
CUST-103311,2025-01-21,India,Mobile,Organic Search,5,18,64.5,0.84,4,0,0,0.0,45,0,0,0.041,0,0.0,0.0,3.6,19.7,One-time Visitors,3,Engaged Non-Buyers
CUST-103312,2025-01-24,France,Desktop,Direct,33,174,529.2,0.37,72,15,3,353.06,14,4,2,0.11,1,0.0909,0.2,5.27,78.69,High Value Loyal,2,High Value Loyal Customers
CUST-103313,2025-05-24,United Kingdom,Mobile,Organic Search,15,105,557.9,0.201,56,2,0,0.0,34,2,1,0.84,1,0.0,0.0,7.0,86.98,Product Researchers,0,Product Researchers
CUST-103314,2025-04-15,United Kingdom,Mobile,Email,11,71,458.6,0.237,37,8,1,78.13,43,3,1,0.399,1,0.0909,0.125,6.45,73.56,Engaged Non-Buyers,0,Product Researchers
CUST-103315,2025-05-29,India,Mobile,Paid Social,17,78,356.3,0.373,33,9,4,276.31,19,5,1,0.73,1,0.2353,0.4444,4.59,57.97,Deal Seekers,4,Engaged Non-Buyers
CUST-103316,2025-03-27,United States,Mobile,Direct,1,15,44.5,0.746,11,0,0,0.0,103,0,0,0.202,0,0.0,0.0,15.0,36.96,One-time Visitors,1,Low Engagement / At-Risk Visitors
CUST-103317,2025-05-24,United Kingdom,Desktop,Direct,16,108,614.3,0.223,54,2,0,0.0,40,4,0,0.422,1,0.0,0.0,6.75,87.13,Product Researchers,0,Product Researchers
CUST-103318,2025-03-02,United Kingdom,Mobile,Direct,26,123,522.7,0.19,60,8,4,393.27,4,0,3,0.099,1,0.1538,0.5,4.73,79.64,High Value Loyal,2,High Value Loyal Customers
CUST-103319,2025-06-26,United Kingdom,Desktop,Organic Search,15,78,571.6,0.214,31,3,0,0.0,46,2,2,0.312,0,0.0,0.0,5.2,74.02,Engaged Non-Buyers,0,Product Researchers
CUST-103320,2025-02-12,India,Tablet,Paid Search,4,22,151.9,0.899,10,0,0,0.0,92,0,0,0.214,0,0.0,0.0,5.5,30.4,One-time Visitors,3,Engaged Non-Buyers
CUST-103321,2025-03-05,India,Mobile,Organic Search,24,114,301.5,0.22,42,5,0,0.0,11,2,1,0.548,1,0.0,0.0,4.75,62.35,Deal Seekers,0,Product Researchers
CUST-103322,2025-04-29,United States,Mobile,Email,19,115,176.0,0.237,43,8,1,95.04,28,4,0,0.572,1,0.0526,0.125,6.05,60.01,Deal Seekers,4,Engaged Non-Buyers
CUST-103323,2025-04-23,United Kingdom,Mobile,Display,24,104,381.5,0.306,38,11,4,338.65,6,2,1,0.902,1,0.1667,0.3636,4.33,61.66,Deal Seekers,4,Engaged Non-Buyers
CUST-103324,2025-06-15,United Kingdom,Mobile,Organic Search,3,13,95.7,0.813,5,1,0,0.0,45,0,0,0.043,0,0.0,0.0,4.33,24.53,One-time Visitors,3,Engaged Non-Buyers
CUST-103325,2025-05-02,India,Desktop,Organic Search,19,104,627.3,0.282,52,3,0,0.0,39,4,1,0.167,1,0.0,0.0,5.47,81.05,Engaged Non-Buyers,0,Product Researchers
CUST-103326,2025-03-14,Canada,Desktop,Organic Search,16,89,516.5,0.092,52,1,0,0.0,9,1,2,0.611,1,0.0,0.0,5.56,81.9,Product Researchers,0,Product Researchers
CUST-103327,2025-02-09,United Kingdom,Mobile,Paid Social,30,161,555.6,0.032,74,7,8,682.9,13,2,0,0.4,1,0.2667,1.0,5.37,88.76,High Value Loyal,2,High Value Loyal Customers
CUST-103328,2025-03-26,United Kingdom,Mobile,Direct,29,146,519.1,0.119,61,9,11,1435.19,9,3,1,0.166,1,0.3793,1.0,5.03,82.49,High Value Loyal,2,High Value Loyal Customers
CUST-103329,2025-06-03,United Kingdom,Mobile,Organic Search,14,79,217.5,0.076,35,8,4,322.89,32,3,1,0.766,1,0.2857,0.5,5.64,62.37,Deal Seekers,4,Engaged Non-Buyers
CUST-103330,2025-01-09,France,Mobile,Direct,3,17,90.5,0.665,7,0,0,0.0,59,0,0,0.291,0,0.0,0.0,5.67,32.76,One-time Visitors,3,Engaged Non-Buyers
CUST-103331,2025-04-13,India,Desktop,Organic Search,20,112,308.2,0.401,50,3,1,74.94,13,2,1,0.838,1,0.05,0.3333,5.6,63.26,Deal Seekers,4,Engaged Non-Buyers
CUST-103332,2025-04-28,France,Mobile,Referral,8,70,434.9,0.384,50,0,1,67.37,31,1,2,0.564,1,0.125,0.0,8.75,77.54,Product Researchers,0,Product Researchers
CUST-103333,2025-06-23,Germany,Desktop,Email,20,130,465.6,0.067,64,12,8,1043.46,10,0,3,0.21,1,0.4,0.6667,6.5,86.62,High Value Loyal,2,High Value Loyal Customers
CUST-103334,2025-05-09,Germany,Mobile,Paid Search,17,127,123.1,0.341,53,9,1,51.22,21,0,0,0.936,1,0.0588,0.1111,7.47,62.27,Deal Seekers,4,Engaged Non-Buyers
CUST-103335,2025-03-22,France,Desktop,Paid Search,2,12,109.1,0.572,5,0,0,0.0,111,0,0,0.209,0,0.0,0.0,6.0,36.44,One-time Visitors,3,Engaged Non-Buyers
CUST-103336,2025-04-01,United Kingdom,Desktop,Organic Search,2,10,76.8,0.606,5,0,0,0.0,178,0,1,0.155,0,0.0,0.0,5.0,30.85,One-time Visitors,3,Engaged Non-Buyers
CUST-103337,2025-02-16,Canada,Mobile,Direct,31,148,502.5,0.385,56,8,11,1051.03,9,3,2,0.459,1,0.3548,1.0,4.77,72.66,High Value Loyal,2,High Value Loyal Customers
CUST-103338,2025-03-19,United States,Mobile,Paid Social,20,98,294.1,0.392,40,5,2,138.09,42,0,0,0.718,1,0.1,0.4,4.9,57.53,Deal Seekers,4,Engaged Non-Buyers
CUST-103339,2025-03-12,Netherlands,Mobile,Paid Search,15,102,291.2,0.161,46,7,5,244.17,27,1,2,0.758,1,0.3333,0.7143,6.8,70.93,Deal Seekers,4,Engaged Non-Buyers
CUST-103340,2025-05-29,Australia,Mobile,Organic Search,19,108,439.0,0.535,43,4,2,130.45,18,0,1,0.457,1,0.1053,0.5,5.68,64.57,Deal Seekers,4,Engaged Non-Buyers
CUST-103341,2025-05-07,France,Mobile,Email,17,92,308.6,0.416,46,5,0,0.0,8,3,1,0.855,0,0.0,0.0,5.41,61.09,Deal Seekers,4,Engaged Non-Buyers
CUST-103342,2025-06-19,United Kingdom,Desktop,Direct,4,19,97.9,0.611,7,0,1,46.16,121,0,0,0.064,0,0.25,0.0,4.75,31.61,One-time Visitors,3,Engaged Non-Buyers
CUST-103343,2025-05-31,India,Mobile,Organic Search,26,149,721.6,0.159,65,13,7,644.73,14,1,3,0.21,1,0.2692,0.5385,5.73,88.94,High Value Loyal,2,High Value Loyal Customers
CUST-103344,2025-02-25,United Kingdom,Desktop,Direct,13,80,343.9,0.357,43,10,0,0.0,43,3,0,0.349,1,0.0,0.0,6.15,65.72,Deal Seekers,0,Product Researchers
CUST-103345,2025-02-28,France,Mobile,Paid Search,13,104,339.4,0.131,58,3,0,0.0,72,2,0,0.549,1,0.0,0.0,8.0,81.55,Product Researchers,0,Product Researchers
CUST-103346,2025-06-07,Australia,Tablet,Referral,3,14,154.5,0.786,6,0,0,0.0,62,1,0,0.501,0,0.0,0.0,4.67,29.5,One-time Visitors,3,Engaged Non-Buyers
CUST-103347,2025-04-14,Canada,Mobile,Organic Search,2,10,97.0,0.645,7,0,0,0.0,65,0,0,0.309,0,0.0,0.0,5.0,31.51,One-time Visitors,3,Engaged Non-Buyers
CUST-103348,2025-04-24,France,Mobile,Paid Social,24,138,637.8,0.043,64,15,6,537.01,14,1,0,0.255,1,0.25,0.4,5.75,91.59,High Value Loyal,2,High Value Loyal Customers
CUST-103349,2025-04-06,United Kingdom,Desktop,Organic Search,16,108,508.8,0.332,62,3,0,0.0,27,2,0,0.214,1,0.0,0.0,6.75,82.31,Product Researchers,0,Product Researchers
CUST-103350,2025-01-21,Germany,Mobile,Direct,4,17,96.2,0.678,5,0,0,0.0,65,0,0,0.198,0,0.0,0.0,4.25,27.68,One-time Visitors,3,Engaged Non-Buyers
CUST-103351,2025-05-24,United States,Mobile,Direct,12,94,557.1,0.235,59,2,0,0.0,56,3,1,0.249,1,0.0,0.0,7.83,89.62,Product Researchers,0,Product Researchers
CUST-103352,2025-05-09,United Kingdom,Tablet,Direct,16,93,526.7,0.391,46,2,1,76.53,33,0,2,0.089,1,0.0625,0.5,5.81,73.87,Engaged Non-Buyers,0,Product Researchers
CUST-103353,2025-05-03,United Kingdom,Desktop,Organic Search,32,156,552.2,0.475,69,14,10,1108.83,5,0,1,0.316,1,0.3125,0.7143,4.88,75.98,High Value Loyal,2,High Value Loyal Customers
CUST-103354,2025-02-21,United Kingdom,Desktop,Email,20,104,515.7,0.409,40,0,0,0.0,28,2,0,0.333,1,0.0,0.0,5.2,69.11,Product Researchers,0,Product Researchers
CUST-103355,2025-06-14,France,Mobile,Display,3,17,115.9,0.792,9,0,0,0.0,134,0,0,0.199,0,0.0,0.0,5.67,31.47,One-time Visitors,3,Engaged Non-Buyers
CUST-103356,2025-06-01,India,Tablet,Paid Search,16,81,536.6,0.413,41,0,0,0.0,17,3,0,0.252,0,0.0,0.0,5.06,69.94,Engaged Non-Buyers,0,Product Researchers
CUST-103357,2025-02-16,Australia,Mobile,Direct,33,161,300.7,0.092,60,14,3,385.12,7,1,1,0.26,1,0.0909,0.2143,4.88,71.43,High Value Loyal,2,High Value Loyal Customers
CUST-103358,2025-05-29,United Kingdom,Mobile,Paid Search,3,13,144.4,0.7,4,1,0,0.0,85,0,0,0.302,0,0.0,0.0,4.33,29.5,One-time Visitors,3,Engaged Non-Buyers
CUST-103359,2025-03-24,United Kingdom,Mobile,Paid Search,16,86,358.5,0.288,37,8,0,0.0,5,3,0,0.957,1,0.0,0.0,5.38,63.92,Deal Seekers,4,Engaged Non-Buyers
CUST-103360,2025-02-10,United States,Mobile,Organic Search,4,20,89.4,0.874,5,0,0,0.0,169,1,0,0.308,0,0.0,0.0,5.0,24.78,One-time Visitors,3,Engaged Non-Buyers
CUST-103361,2025-02-17,Netherlands,Desktop,Direct,11,104,348.6,0.382,65,0,1,89.95,40,1,1,0.527,1,0.0909,0.0,9.45,77.87,Product Researchers,0,Product Researchers
CUST-103362,2025-01-14,United States,Desktop,Direct,5,23,129.8,0.406,7,0,0,0.0,55,0,0,0.514,0,0.0,0.0,4.6,37.88,One-time Visitors,3,Engaged Non-Buyers
CUST-103363,2025-01-19,United Kingdom,Tablet,Referral,15,96,323.6,0.199,46,5,1,74.43,25,4,2,0.749,1,0.0667,0.2,6.4,70.36,Deal Seekers,4,Engaged Non-Buyers
CUST-103364,2025-06-09,India,Desktop,Organic Search,20,97,484.5,0.251,42,2,1,60.21,7,1,0,0.62,1,0.05,0.5,4.85,71.04,Engaged Non-Buyers,4,Engaged Non-Buyers
CUST-103365,2025-01-02,United Kingdom,Desktop,Organic Search,17,99,320.2,0.14,49,1,1,64.05,33,0,2,0.735,0,0.0588,1.0,5.82,70.78,Product Researchers,4,Engaged Non-Buyers
CUST-103366,2025-05-28,Australia,Desktop,Direct,4,16,115.0,0.733,7,0,0,0.0,117,0,1,0.146,0,0.0,0.0,4.0,27.09,One-time Visitors,3,Engaged Non-Buyers
CUST-103367,2025-03-13,United Kingdom,Mobile,Organic Search,14,93,335.7,0.093,42,6,1,62.55,43,1,0,0.811,1,0.0714,0.1667,6.64,73.13,Deal Seekers,4,Engaged Non-Buyers
CUST-103368,2025-04-04,Germany,Mobile,Direct,35,164,430.9,0.105,58,7,4,351.4,2,1,2,0.263,1,0.1143,0.5714,4.69,76.42,High Value Loyal,2,High Value Loyal Customers
CUST-103369,2025-03-26,United States,Mobile,Paid Social,15,94,354.4,0.278,52,8,3,173.67,23,2,2,0.915,0,0.2,0.375,6.27,71.35,Deal Seekers,4,Engaged Non-Buyers
CUST-103370,2025-02-11,Netherlands,Desktop,Paid Search,1,8,88.2,0.72,5,1,0,0.0,71,0,0,0.391,1,0.0,0.0,8.0,37.95,One-time Visitors,1,Low Engagement / At-Risk Visitors
CUST-103371,2025-06-19,Germany,Desktop,Direct,12,86,467.0,0.1,47,3,0,0.0,39,1,2,0.284,1,0.0,0.0,7.17,82.72,Engaged Non-Buyers,0,Product Researchers
CUST-103372,2025-01-04,India,Tablet,Direct,15,102,555.1,0.395,56,0,0,0.0,36,1,0,0.672,1,0.0,0.0,6.8,81.35,Product Researchers,0,Product Researchers
CUST-103373,2025-03-28,United Kingdom,Desktop,Direct,23,118,285.4,0.256,46,5,3,156.84,38,0,0,0.914,1,0.1304,0.6,5.13,63.04,Deal Seekers,4,Engaged Non-Buyers
CUST-103374,2025-01-24,Australia,Desktop,Paid Search,23,105,558.6,0.191,39,4,0,0.0,8,2,2,0.122,1,0.0,0.0,4.57,74.43,Engaged Non-Buyers,0,Product Researchers
CUST-103375,2025-01-06,India,Mobile,Organic Search,3,22,86.5,0.885,8,0,0,0.0,154,0,0,0.67,0,0.0,0.0,7.33,32.57,One-time Visitors,1,Low Engagement / At-Risk Visitors
CUST-103376,2025-03-14,United States,Mobile,Organic Search,14,103,469.9,0.092,55,0,0,0.0,20,2,2,0.341,1,0.0,0.0,7.36,86.1,Product Researchers,0,Product Researchers
CUST-103377,2025-06-02,United Kingdom,Mobile,Email,3,9,98.1,0.51,3,0,0,0.0,152,0,0,0.012,0,0.0,0.0,3.0,27.45,One-time Visitors,3,Engaged Non-Buyers
CUST-103378,2025-01-20,Australia,Mobile,Email,19,105,240.2,0.226,37,7,1,42.19,6,5,2,0.646,1,0.0526,0.1429,5.53,60.02,Deal Seekers,4,Engaged Non-Buyers
CUST-103379,2025-06-09,Canada,Desktop,Organic Search,19,98,328.8,0.279,59,5,1,63.94,63,0,2,0.624,1,0.0526,0.2,5.16,68.73,Product Researchers,4,Engaged Non-Buyers
CUST-103380,2025-02-14,France,Mobile,Email,22,134,423.4,0.334,53,0,0,0.0,53,0,1,0.156,0,0.0,0.0,6.09,73.16,Product Researchers,0,Product Researchers
CUST-103381,2025-03-30,United States,Mobile,Paid Social,12,64,465.4,0.2,33,6,2,37.39,14,2,0,0.723,1,0.1667,0.3333,5.33,70.1,Deal Seekers,4,Engaged Non-Buyers
CUST-103382,2025-01-17,United Kingdom,Mobile,Organic Search,26,161,451.1,0.023,69,9,10,1202.74,12,1,0,0.169,1,0.3846,1.0,6.19,86.33,High Value Loyal,2,High Value Loyal Customers
CUST-103383,2025-03-21,France,Desktop,Paid Search,26,152,308.9,0.138,60,4,4,145.77,5,2,0,0.835,1,0.1538,1.0,5.85,73.72,Deal Seekers,4,Engaged Non-Buyers
CUST-103384,2025-05-11,France,Desktop,Paid Search,2,12,63.8,0.729,6,0,0,0.0,168,0,0,0.4,0,0.0,0.0,6.0,30.57,One-time Visitors,3,Engaged Non-Buyers
CUST-103385,2025-01-20,India,Tablet,Paid Social,3,10,65.6,0.895,2,0,0,0.0,117,0,0,0.144,0,0.0,0.0,3.33,16.93,One-time Visitors,3,Engaged Non-Buyers
CUST-103386,2025-01-05,United Kingdom,Mobile,Email,20,108,367.7,0.384,47,3,0,0.0,19,3,0,0.55,1,0.0,0.0,5.4,65.12,Product Researchers,0,Product Researchers
CUST-103387,2025-03-16,United Kingdom,Tablet,Organic Search,15,79,398.7,0.274,36,2,0,0.0,57,0,2,0.358,1,0.0,0.0,5.27,65.61,Engaged Non-Buyers,0,Product Researchers
CUST-103388,2025-02-01,United States,Mobile,Organic Search,31,140,612.0,0.124,53,14,5,531.48,9,1,0,0.364,1,0.1613,0.3571,4.52,82.33,High Value Loyal,2,High Value Loyal Customers
CUST-103389,2025-04-06,India,Mobile,Email,3,11,123.6,0.673,4,0,0,0.0,109,0,0,0.213,0,0.0,0.0,3.67,27.03,One-time Visitors,3,Engaged Non-Buyers
CUST-103390,2025-02-13,United States,Mobile,Email,4,20,39.8,0.507,5,0,0,0.0,124,0,0,0.087,1,0.0,0.0,5.0,31.47,One-time Visitors,3,Engaged Non-Buyers
CUST-103391,2025-03-17,Australia,Tablet,Organic Search,29,152,354.2,0.116,60,11,5,557.59,1,1,1,0.28,1,0.1724,0.4545,5.24,74.66,High Value Loyal,2,High Value Loyal Customers
CUST-103392,2025-01-10,Netherlands,Desktop,Paid Search,25,106,547.0,0.543,37,2,1,83.81,34,2,0,0.581,1,0.04,0.5,4.24,63.41,Engaged Non-Buyers,4,Engaged Non-Buyers
CUST-103393,2025-03-26,Germany,Desktop,Organic Search,3,21,79.1,0.957,10,1,0,0.0,132,0,0,0.215,0,0.0,0.0,7.0,29.98,One-time Visitors,1,Low Engagement / At-Risk Visitors
CUST-103394,2025-01-06,United Kingdom,Desktop,Paid Search,19,126,494.8,0.283,63,2,1,45.11,62,4,0,0.243,1,0.0526,0.5,6.63,82.77,Product Researchers,0,Product Researchers
CUST-103395,2025-05-31,Canada,Desktop,Referral,16,123,342.7,0.413,61,0,0,0.0,55,2,0,0.635,1,0.0,0.0,7.69,74.6,Product Researchers,0,Product Researchers
CUST-103396,2025-02-19,Canada,Desktop,Direct,1,10,81.0,0.732,5,1,0,0.0,151,1,0,0.227,0,0.0,0.0,10.0,37.28,One-time Visitors,1,Low Engagement / At-Risk Visitors
CUST-103397,2025-01-21,United Kingdom,Desktop,Paid Social,13,88,576.4,0.093,50,1,2,143.71,60,2,0,0.549,0,0.1538,1.0,6.77,88.04,Product Researchers,4,Engaged Non-Buyers
CUST-103398,2025-01-26,United Kingdom,Mobile,Paid Search,28,142,428.0,0.02,55,13,4,501.55,6,0,1,0.334,1,0.1429,0.3077,5.07,78.66,High Value Loyal,2,High Value Loyal Customers
CUST-103399,2025-03-19,France,Mobile,Organic Search,17,88,392.9,0.308,50,3,0,0.0,15,1,0,0.733,1,0.0,0.0,5.18,68.51,Product Researchers,0,Product Researchers
CUST-103400,2025-04-28,Germany,Mobile,Organic Search,20,94,521.2,0.382,35,3,1,83.62,48,6,0,0.22,1,0.05,0.3333,4.7,66.95,Engaged Non-Buyers,0,Product Researchers
CUST-103401,2025-03-29,India,Mobile,Email,9,88,508.7,0.068,55,3,0,0.0,15,2,3,0.37,1,0.0,0.0,9.78,90.67,Product Researchers,0,Product Researchers
CUST-103402,2025-03-20,United Kingdom,Mobile,Paid Social,17,87,331.0,0.113,42,8,2,98.15,40,1,2,0.68,1,0.1176,0.25,5.12,67.63,Deal Seekers,4,Engaged Non-Buyers
CUST-103403,2025-01-13,United Kingdom,Mobile,Paid Search,23,117,640.9,0.127,43,3,0,0.0,16,1,1,0.351,1,0.0,0.0,5.09,80.95,Engaged Non-Buyers,0,Product Researchers
CUST-103404,2025-02-04,Germany,Desktop,Referral,20,118,349.3,0.382,64,0,0,0.0,48,3,0,0.346,0,0.0,0.0,5.9,71.05,Product Researchers,0,Product Researchers
CUST-103405,2025-05-08,Australia,Desktop,Organic Search,22,98,411.1,0.493,41,4,2,54.21,18,1,0,0.673,0,0.0909,0.5,4.45,59.77,Deal Seekers,4,Engaged Non-Buyers
CUST-103406,2025-01-31,United Kingdom,Mobile,Organic Search,3,11,119.0,0.676,5,0,1,26.49,94,0,0,0.134,0,0.3333,0.0,3.67,27.04,One-time Visitors,3,Engaged Non-Buyers
CUST-103407,2025-02-28,United States,Mobile,Paid Social,10,64,273.4,0.472,37,3,1,59.02,9,2,2,0.709,0,0.1,0.3333,6.4,58.25,Deal Seekers,4,Engaged Non-Buyers
CUST-103408,2025-05-18,France,Mobile,Organic Search,4,21,70.9,0.853,6,0,0,0.0,160,0,0,0.212,0,0.0,0.0,5.25,25.48,One-time Visitors,3,Engaged Non-Buyers
CUST-103409,2025-01-01,United Kingdom,Desktop,Organic Search,4,19,115.0,0.548,3,0,0,0.0,101,0,1,0.277,0,0.0,0.0,4.75,32.82,One-time Visitors,3,Engaged Non-Buyers
CUST-103410,2025-03-28,France,Desktop,Direct,18,116,297.7,0.145,49,8,1,64.04,38,3,2,0.755,1,0.0556,0.125,6.44,71.46,Deal Seekers,4,Engaged Non-Buyers
CUST-103411,2025-03-07,United Kingdom,Mobile,Paid Search,19,93,282.9,0.173,39,7,4,229.52,42,0,1,0.842,1,0.2105,0.5714,4.89,62.12,Deal Seekers,4,Engaged Non-Buyers
CUST-103412,2025-02-14,India,Mobile,Organic Search,1,7,58.4,0.697,4,0,0,0.0,122,0,0,0.46,0,0.0,0.0,7.0,33.59,One-time Visitors,1,Low Engagement / At-Risk Visitors
CUST-103413,2025-06-27,India,Mobile,Email,25,132,323.6,0.381,51,8,2,111.17,25,3,2,0.589,0,0.08,0.25,5.28,63.85,Deal Seekers,4,Engaged Non-Buyers
CUST-103414,2025-01-17,India,Mobile,Direct,17,83,388.3,0.091,32,4,0,0.0,19,2,1,0.438,0,0.0,0.0,4.88,67.23,Engaged Non-Buyers,0,Product Researchers
CUST-103415,2025-01-19,United States,Mobile,Paid Search,4,13,87.7,0.751,7,0,1,17.41,119,0,0,0.043,0,0.25,0.0,3.25,22.91,One-time Visitors,3,Engaged Non-Buyers
CUST-103416,2025-05-09,United States,Mobile,Paid Social,26,113,246.4,0.44,39,8,0,0.0,30,2,1,0.664,0,0.0,0.0,4.35,51.9,Deal Seekers,4,Engaged Non-Buyers
CUST-103417,2025-06-14,Canada,Tablet,Paid Search,1,10,57.8,0.708,7,0,0,0.0,52,0,0,0.575,0,0.0,0.0,10.0,37.33,One-time Visitors,1,Low Engagement / At-Risk Visitors
CUST-103418,2025-01-10,Canada,Mobile,Paid Social,12,90,330.0,0.316,46,2,1,54.56,17,1,2,0.488,0,0.0833,0.5,7.5,71.19,Product Researchers,0,Product Researchers
CUST-103419,2025-05-01,Germany,Mobile,Display,16,98,394.7,0.302,48,1,0,0.0,28,2,1,0.128,1,0.0,0.0,6.12,71.1,Product Researchers,0,Product Researchers
CUST-103420,2025-02-17,India,Desktop,Paid Search,2,13,77.1,0.671,7,1,0,0.0,176,1,0,0.149,0,0.0,0.0,6.5,34.54,One-time Visitors,3,Engaged Non-Buyers
CUST-103421,2025-01-29,United Kingdom,Mobile,Direct,21,112,563.2,0.353,50,1,0,0.0,26,2,0,0.205,1,0.0,0.0,5.33,76.38,Product Researchers,0,Product Researchers
CUST-103422,2025-06-05,United States,Desktop,Organic Search,11,102,255.4,0.262,72,5,1,90.49,70,3,0,0.195,1,0.0909,0.2,9.27,76.22,Product Researchers,0,Product Researchers
CUST-103423,2025-04-15,Canada,Mobile,Paid Search,14,94,372.6,0.496,54,0,0,0.0,37,1,0,0.577,1,0.0,0.0,6.71,68.84,Product Researchers,0,Product Researchers
CUST-103424,2025-01-20,United States,Mobile,Paid Social,15,103,431.4,0.439,51,5,0,0.0,57,2,1,0.162,1,0.0,0.0,6.87,72.74,Product Researchers,0,Product Researchers
CUST-103425,2025-05-02,France,Mobile,Paid Social,19,109,312.7,0.15,62,8,9,548.89,12,4,1,0.468,1,0.4737,1.0,5.74,73.89,High Value Loyal,2,High Value Loyal Customers
CUST-103426,2025-01-29,United Kingdom,Mobile,Organic Search,6,20,91.4,0.65,4,0,0,0.0,76,0,0,0.373,0,0.0,0.0,3.33,24.96,One-time Visitors,3,Engaged Non-Buyers
CUST-103427,2025-04-03,India,Mobile,Display,29,168,436.5,0.1,75,13,8,998.2,14,1,0,0.316,1,0.2759,0.6154,5.79,82.43,High Value Loyal,2,High Value Loyal Customers
CUST-103428,2025-03-15,United States,Desktop,Email,15,80,425.4,0.236,45,5,2,154.08,38,5,4,0.568,1,0.1333,0.4,5.33,70.89,Deal Seekers,4,Engaged Non-Buyers
CUST-103429,2025-01-10,United Kingdom,Mobile,Direct,1,8,87.7,0.754,5,0,0,0.0,159,0,0,0.423,0,0.0,0.0,8.0,37.08,One-time Visitors,1,Low Engagement / At-Risk Visitors
CUST-103430,2025-06-14,United States,Mobile,Organic Search,22,109,416.5,0.535,43,8,0,0.0,26,2,1,0.782,1,0.0,0.0,4.95,61.17,Deal Seekers,4,Engaged Non-Buyers
CUST-103431,2025-05-13,United Kingdom,Mobile,Organic Search,3,18,91.0,0.662,6,0,0,0.0,70,0,0,0.48,1,0.0,0.0,6.0,33.59,One-time Visitors,3,Engaged Non-Buyers
CUST-103432,2025-04-16,United States,Mobile,Paid Search,19,112,306.7,0.626,55,6,2,115.01,3,3,0,0.852,1,0.1053,0.3333,5.89,60.02,Deal Seekers,4,Engaged Non-Buyers
CUST-103433,2025-01-26,Germany,Desktop,Paid Search,23,112,566.8,0.171,43,5,2,51.38,26,3,1,0.366,0,0.087,0.4,4.87,77.52,Engaged Non-Buyers,0,Product Researchers
CUST-103434,2025-04-07,United Kingdom,Desktop,Paid Search,21,125,395.9,0.364,51,2,0,0.0,45,3,1,0.204,1,0.0,0.0,5.95,69.98,Engaged Non-Buyers,0,Product Researchers
CUST-103435,2025-05-19,Canada,Mobile,Organic Search,14,79,260.7,0.365,40,7,4,303.56,5,4,1,0.76,1,0.2857,0.5714,5.64,58.84,Deal Seekers,4,Engaged Non-Buyers
CUST-103436,2025-02-05,United Kingdom,Mobile,Direct,21,102,463.1,0.111,44,1,0,0.0,62,1,0,0.517,1,0.0,0.0,4.86,74.1,Engaged Non-Buyers,0,Product Researchers
CUST-103437,2025-03-07,United Kingdom,Mobile,Direct,21,115,446.2,0.112,41,0,0,0.0,34,1,0,0.107,0,0.0,0.0,5.48,74.23,Engaged Non-Buyers,0,Product Researchers
CUST-103438,2025-06-20,Australia,Mobile,Email,16,70,470.3,0.152,38,8,2,89.29,31,1,0,0.711,1,0.125,0.25,4.38,70.09,Deal Seekers,4,Engaged Non-Buyers
CUST-103439,2025-02-25,United Kingdom,Mobile,Paid Social,11,80,292.9,0.375,54,2,2,147.39,18,4,0,0.291,0,0.1818,1.0,7.27,69.62,Product Researchers,4,Engaged Non-Buyers
CUST-103440,2025-03-06,United Kingdom,Mobile,Organic Search,25,136,285.6,0.151,42,12,0,0.0,29,0,1,0.795,1,0.0,0.0,5.44,65.42,Deal Seekers,4,Engaged Non-Buyers
CUST-103441,2025-01-23,United Kingdom,Desktop,Organic Search,16,84,372.8,0.304,43,9,1,52.97,42,8,0,0.529,0,0.0625,0.1111,5.25,65.67,Deal Seekers,4,Engaged Non-Buyers
CUST-103442,2025-02-18,United Kingdom,Mobile,Paid Social,18,98,302.8,0.326,56,1,0,0.0,71,2,4,0.398,1,0.0,0.0,5.44,66.24,Product Researchers,0,Product Researchers
CUST-103443,2025-06-11,United Kingdom,Tablet,Paid Social,22,109,457.7,0.178,48,0,0,0.0,71,1,2,0.377,0,0.0,0.0,4.95,73.68,Product Researchers,0,Product Researchers
CUST-103444,2025-01-04,United Kingdom,Desktop,Paid Search,9,85,363.8,0.348,54,2,0,0.0,45,3,0,0.464,1,0.0,0.0,9.44,76.1,Product Researchers,0,Product Researchers
CUST-103445,2025-03-24,United Kingdom,Mobile,Email,12,78,283.5,0.384,43,4,0,0.0,7,1,5,0.738,1,0.0,0.0,6.5,63.12,Deal Seekers,0,Product Researchers
CUST-103446,2025-06-16,France,Mobile,Organic Search,22,120,378.3,0.171,53,1,0,0.0,29,3,4,0.514,1,0.0,0.0,5.45,73.0,Product Researchers,0,Product Researchers
CUST-103447,2025-03-30,United Kingdom,Mobile,Email,18,93,538.3,0.343,51,2,1,43.94,61,0,0,0.075,0,0.0556,0.5,5.17,75.19,Engaged Non-Buyers,0,Product Researchers
CUST-103448,2025-06-12,Netherlands,Mobile,Organic Search,20,101,343.4,0.5,48,7,0,0.0,30,2,0,0.499,1,0.0,0.0,5.05,60.21,Deal Seekers,0,Product Researchers
CUST-103449,2025-05-13,United States,Mobile,Organic Search,1,9,114.0,0.57,5,0,0,0.0,167,0,0,0.27,1,0.0,0.0,9.0,42.98,One-time Visitors,1,Low Engagement / At-Risk Visitors
CUST-103450,2025-03-30,Canada,Desktop,Organic Search,19,95,213.9,0.379,40,11,3,89.94,35,0,1,0.681,1,0.1579,0.2727,5.0,54.15,Deal Seekers,4,Engaged Non-Buyers
CUST-103451,2025-04-24,United Kingdom,Mobile,Paid Search,2,14,130.1,0.416,9,2,0,0.0,177,0,1,0.343,0,0.0,0.0,7.0,45.76,One-time Visitors,1,Low Engagement / At-Risk Visitors
CUST-103452,2025-03-11,United Kingdom,Desktop,Direct,12,84,479.3,0.329,56,2,1,96.45,46,3,0,0.474,1,0.0833,0.5,7.0,79.84,Product Researchers,0,Product Researchers
CUST-103453,2025-04-12,Canada,Mobile,Paid Social,12,78,407.5,0.158,36,2,1,48.75,41,1,0,0.478,1,0.0833,0.5,6.5,72.81,Engaged Non-Buyers,4,Engaged Non-Buyers
CUST-103454,2025-03-15,United Kingdom,Mobile,Referral,30,152,479.8,0.107,73,12,5,681.18,9,1,1,0.14,1,0.1667,0.4167,5.07,82.15,High Value Loyal,2,High Value Loyal Customers
CUST-103455,2025-05-26,Canada,Desktop,Direct,3,13,97.5,0.791,5,0,0,0.0,90,0,0,0.455,0,0.0,0.0,4.33,25.19,One-time Visitors,3,Engaged Non-Buyers
CUST-103456,2025-01-21,United States,Desktop,Referral,19,107,532.5,0.294,48,3,1,36.81,14,1,0,0.362,0,0.0526,0.3333,5.63,76.64,Product Researchers,0,Product Researchers
CUST-103457,2025-04-10,France,Mobile,Paid Social,23,110,529.6,0.314,44,3,0,0.0,8,3,1,0.538,0,0.0,0.0,4.78,72.12,Product Researchers,0,Product Researchers
CUST-103458,2025-02-21,United Kingdom,Desktop,Referral,19,107,419.1,0.247,56,6,2,98.09,42,1,1,0.687,1,0.1053,0.3333,5.63,74.61,Deal Seekers,4,Engaged Non-Buyers
CUST-103459,2025-02-19,France,Mobile,Email,25,129,503.2,0.361,48,3,1,71.55,64,1,1,0.115,1,0.04,0.3333,5.16,72.03,Engaged Non-Buyers,0,Product Researchers
CUST-103460,2025-03-01,Canada,Desktop,Paid Search,19,97,304.4,0.056,39,10,3,106.79,19,1,1,0.77,1,0.1579,0.3,5.11,66.76,Deal Seekers,4,Engaged Non-Buyers
CUST-103461,2025-05-09,Germany,Mobile,Email,3,20,135.5,0.73,7,1,0,0.0,46,0,0,0.256,0,0.0,0.0,6.67,36.51,One-time Visitors,3,Engaged Non-Buyers
CUST-103462,2025-06-28,India,Desktop,Organic Search,24,120,304.9,0.312,58,25,8,698.07,3,2,0,0.722,1,0.3333,0.32,5.0,65.92,High Value Loyal,2,High Value Loyal Customers
CUST-103463,2025-05-21,Germany,Desktop,Organic Search,21,91,570.1,0.232,38,3,0,0.0,19,1,1,0.323,1,0.0,0.0,4.33,72.93,Engaged Non-Buyers,0,Product Researchers
CUST-103464,2025-06-28,India,Mobile,Display,2,12,87.6,0.78,8,0,0,0.0,160,0,0,0.242,0,0.0,0.0,6.0,31.09,One-time Visitors,3,Engaged Non-Buyers
CUST-103465,2025-01-11,United States,Mobile,Paid Search,2,7,95.1,0.888,2,1,0,0.0,93,0,0,0.047,0,0.0,0.0,3.5,19.12,One-time Visitors,3,Engaged Non-Buyers
CUST-103466,2025-04-30,United Kingdom,Mobile,Email,13,78,498.2,0.527,52,1,0,0.0,58,1,0,0.561,1,0.0,0.0,6.0,71.5,Product Researchers,0,Product Researchers
CUST-103467,2025-03-22,United Kingdom,Desktop,Paid Social,12,97,435.0,0.457,50,1,0,0.0,14,3,2,0.407,1,0.0,0.0,8.08,75.71,Product Researchers,0,Product Researchers
CUST-103468,2025-05-07,India,Mobile,Paid Search,15,97,394.3,0.486,51,5,0,0.0,58,2,1,0.323,0,0.0,0.0,6.47,68.45,Product Researchers,0,Product Researchers
CUST-103469,2025-02-27,Netherlands,Mobile,Email,2,13,92.6,0.428,9,0,0,0.0,159,0,0,0.254,0,0.0,0.0,6.5,42.02,One-time Visitors,3,Engaged Non-Buyers
CUST-103470,2025-06-26,Australia,Desktop,Paid Search,24,139,433.9,0.149,41,1,0,0.0,35,2,2,0.568,1,0.0,0.0,5.79,73.69,Product Researchers,0,Product Researchers
CUST-103471,2025-06-06,Canada,Mobile,Display,17,112,394.6,0.287,50,3,0,0.0,48,4,0,0.532,1,0.0,0.0,6.59,73.53,Engaged Non-Buyers,0,Product Researchers
CUST-103472,2025-04-01,France,Mobile,Organic Search,16,86,179.4,0.228,43,2,1,67.77,29,1,0,0.951,1,0.0625,0.5,5.38,58.31,Deal Seekers,4,Engaged Non-Buyers
CUST-103473,2025-03-27,India,Mobile,Organic Search,14,93,554.5,0.136,45,2,0,0.0,51,2,0,0.253,1,0.0,0.0,6.64,83.94,Engaged Non-Buyers,0,Product Researchers
CUST-103474,2025-05-01,United Kingdom,Mobile,Paid Search,13,75,472.7,0.703,38,9,3,205.46,43,2,0,0.838,1,0.2308,0.3333,5.77,60.77,Deal Seekers,4,Engaged Non-Buyers
CUST-103475,2025-04-15,United Kingdom,Desktop,Organic Search,40,157,482.4,0.335,61,8,7,879.86,9,0,1,0.666,1,0.175,0.875,3.92,71.78,High Value Loyal,2,High Value Loyal Customers
CUST-103476,2025-03-11,Netherlands,Tablet,Referral,31,174,533.1,0.127,70,10,3,333.73,8,1,0,0.205,1,0.0968,0.3,5.61,86.03,High Value Loyal,2,High Value Loyal Customers
CUST-103477,2025-02-26,United Kingdom,Mobile,Organic Search,16,81,284.7,0.242,39,10,1,44.5,3,0,1,0.669,0,0.0625,0.1,5.06,61.0,Deal Seekers,4,Engaged Non-Buyers
CUST-103478,2025-04-02,United States,Mobile,Paid Search,17,95,332.7,0.41,45,3,0,0.0,26,3,0,0.323,1,0.0,0.0,5.59,62.7,Engaged Non-Buyers,0,Product Researchers
CUST-103479,2025-03-25,Canada,Mobile,Organic Search,2,18,62.8,0.819,9,0,0,0.0,84,0,1,0.094,0,0.0,0.0,9.0,35.42,One-time Visitors,1,Low Engagement / At-Risk Visitors
CUST-103480,2025-01-14,United Kingdom,Mobile,Email,5,20,97.2,0.789,7,1,0,0.0,101,0,0,0.057,0,0.0,0.0,4.0,24.79,One-time Visitors,3,Engaged Non-Buyers
CUST-103481,2025-04-24,Germany,Mobile,Paid Search,14,74,309.2,0.186,39,11,3,206.56,14,1,1,0.69,1,0.2143,0.2727,5.29,64.32,Deal Seekers,4,Engaged Non-Buyers
CUST-103482,2025-03-07,United Kingdom,Mobile,Organic Search,20,94,401.8,0.134,37,7,2,153.51,24,0,3,0.688,1,0.1,0.2857,4.7,67.8,Deal Seekers,4,Engaged Non-Buyers
CUST-103483,2025-02-07,Germany,Desktop,Organic Search,19,97,493.4,0.292,41,6,1,68.69,62,2,3,0.249,1,0.0526,0.1667,5.11,70.94,Product Researchers,0,Product Researchers
CUST-103484,2025-05-10,United States,Mobile,Direct,7,36,112.9,0.901,10,0,0,0.0,45,0,0,0.181,0,0.0,0.0,5.14,27.26,One-time Visitors,3,Engaged Non-Buyers
CUST-103485,2025-02-08,France,Mobile,Organic Search,15,75,309.4,0.305,43,6,0,0.0,17,2,0,0.564,1,0.0,0.0,5.0,61.71,Deal Seekers,0,Product Researchers
CUST-103486,2025-04-21,United States,Mobile,Direct,12,74,460.2,0.043,39,1,1,83.95,73,1,1,0.325,1,0.0833,1.0,6.17,78.2,Product Researchers,4,Engaged Non-Buyers
CUST-103487,2025-02-02,France,Mobile,Referral,22,114,476.9,0.65,55,3,0,0.0,39,0,1,0.471,0,0.0,0.0,5.18,65.71,Product Researchers,0,Product Researchers
CUST-103488,2025-06-21,India,Desktop,Referral,2,10,50.3,0.515,5,0,0,0.0,86,0,0,0.105,0,0.0,0.0,5.0,31.8,One-time Visitors,3,Engaged Non-Buyers
CUST-103489,2025-06-03,Australia,Mobile,Paid Search,1,10,122.4,0.872,7,0,0,0.0,158,0,0,0.122,0,0.0,0.0,10.0,36.48,One-time Visitors,1,Low Engagement / At-Risk Visitors
CUST-103490,2025-05-08,France,Mobile,Organic Search,29,170,505.0,0.247,83,10,5,356.68,9,2,0,0.144,1,0.1724,0.5,5.86,82.39,High Value Loyal,2,High Value Loyal Customers
CUST-103491,2025-04-30,Canada,Mobile,Paid Search,18,94,354.5,0.185,44,3,3,246.99,42,3,0,0.878,1,0.1667,1.0,5.22,67.96,Deal Seekers,4,Engaged Non-Buyers
CUST-103492,2025-06-10,United Kingdom,Tablet,Paid Search,7,34,72.4,0.794,6,1,0,0.0,146,0,0,0.177,0,0.0,0.0,4.86,25.8,One-time Visitors,3,Engaged Non-Buyers
CUST-103493,2025-05-18,United Kingdom,Desktop,Organic Search,12,92,531.0,0.192,49,2,0,0.0,16,2,3,0.121,1,0.0,0.0,7.67,85.8,Engaged Non-Buyers,0,Product Researchers
CUST-103494,2025-04-16,United Kingdom,Mobile,Direct,16,89,420.6,0.294,52,0,0,0.0,14,1,1,0.43,1,0.0,0.0,5.56,72.06,Product Researchers,0,Product Researchers
CUST-103495,2025-01-19,United Kingdom,Mobile,Display,14,91,536.5,0.231,42,2,1,65.59,57,0,2,0.112,1,0.0714,0.5,6.5,79.29,Engaged Non-Buyers,0,Product Researchers
CUST-103496,2025-01-10,United States,Mobile,Organic Search,12,75,199.7,0.273,38,6,3,190.63,27,4,1,0.485,0,0.25,0.5,6.25,59.39,Deal Seekers,4,Engaged Non-Buyers
CUST-103497,2025-01-03,India,Tablet,Paid Social,16,87,407.0,0.288,43,4,0,0.0,45,2,0,0.591,1,0.0,0.0,5.44,68.38,Product Researchers,0,Product Researchers
CUST-103498,2025-05-01,Canada,Mobile,Direct,4,17,65.1,0.593,9,0,0,0.0,128,0,0,0.259,0,0.0,0.0,4.25,29.49,One-time Visitors,3,Engaged Non-Buyers
CUST-103499,2025-01-18,United Kingdom,Mobile,Organic Search,22,123,516.5,0.039,54,11,5,483.25,10,0,0,0.289,1,0.2273,0.4545,5.59,83.94,High Value Loyal,2,High Value Loyal Customers
CUST-103500,2025-02-20,United Kingdom,Mobile,Referral,20,116,530.8,0.145,47,2,1,106.12,47,1,1,0.48,1,0.05,0.5,5.8,80.5,Product Researchers,0,Product Researchers
CUST-103501,2025-02-07,United Kingdom,Mobile,Referral,21,104,365.0,0.113,43,4,0,0.0,51,2,0,0.296,1,0.0,0.0,4.95,69.13,Engaged Non-Buyers,0,Product Researchers
CUST-103502,2025-06-21,United Kingdom,Mobile,Organic Search,22,112,476.4,0.277,37,7,2,166.84,8,0,1,0.625,1,0.0909,0.2857,5.09,69.19,Deal Seekers,4,Engaged Non-Buyers
CUST-103503,2025-05-17,Netherlands,Desktop,Email,28,162,417.1,0.186,65,9,4,384.06,13,2,1,0.322,1,0.1429,0.4444,5.79,79.28,High Value Loyal,2,High Value Loyal Customers
CUST-103504,2025-05-11,United States,Tablet,Organic Search,3,20,34.5,0.839,7,0,0,0.0,78,0,0,0.609,0,0.0,0.0,6.67,28.74,One-time Visitors,3,Engaged Non-Buyers
CUST-103505,2025-06-18,United States,Mobile,Display,3,16,84.2,0.739,7,0,0,0.0,105,0,0,0.466,0,0.0,0.0,5.33,29.54,One-time Visitors,3,Engaged Non-Buyers
CUST-103506,2025-05-15,United Kingdom,Mobile,Paid Search,16,103,320.2,0.547,37,6,5,420.31,28,3,0,0.63,0,0.3125,0.8333,6.44,58.85,Deal Seekers,4,Engaged Non-Buyers
CUST-103507,2025-05-23,United States,Mobile,Email,20,125,320.4,0.368,63,7,1,83.01,32,1,0,0.705,1,0.05,0.1429,6.25,70.73,Deal Seekers,4,Engaged Non-Buyers
CUST-103508,2025-05-28,Netherlands,Mobile,Organic Search,22,111,494.4,0.241,43,6,3,269.87,35,3,0,0.621,1,0.1364,0.5,5.05,72.68,Deal Seekers,4,Engaged Non-Buyers
CUST-103509,2025-06-23,India,Mobile,Organic Search,28,156,624.3,0.03,68,16,6,924.31,13,2,4,0.271,1,0.2143,0.375,5.57,91.67,High Value Loyal,2,High Value Loyal Customers
CUST-103510,2025-01-28,Canada,Desktop,Email,4,15,77.8,0.694,4,0,0,0.0,172,0,0,0.234,1,0.0,0.0,3.75,24.48,One-time Visitors,3,Engaged Non-Buyers
CUST-103511,2025-05-03,Canada,Mobile,Direct,18,105,277.6,0.53,42,5,3,155.09,44,0,0,0.816,1,0.1667,0.6,5.83,56.79,Deal Seekers,4,Engaged Non-Buyers
CUST-103512,2025-01-21,Canada,Desktop,Direct,5,22,72.4,0.772,7,0,0,0.0,71,1,0,0.062,0,0.0,0.0,4.4,25.22,One-time Visitors,3,Engaged Non-Buyers
CUST-103513,2025-01-09,United Kingdom,Mobile,Email,1,14,142.7,0.721,8,0,0,0.0,64,0,0,0.169,0,0.0,0.0,14.0,41.56,One-time Visitors,1,Low Engagement / At-Risk Visitors
CUST-103514,2025-05-14,United Kingdom,Mobile,Organic Search,29,158,467.9,0.179,63,14,5,476.76,11,5,2,0.292,1,0.1724,0.3571,5.45,80.32,High Value Loyal,2,High Value Loyal Customers
CUST-103515,2025-04-09,United Kingdom,Desktop,Organic Search,2,18,130.7,0.745,11,0,0,0.0,75,0,1,0.03,0,0.0,0.0,9.0,41.29,One-time Visitors,1,Low Engagement / At-Risk Visitors
CUST-103516,2025-02-26,United States,Desktop,Display,27,150,473.8,0.138,80,11,6,500.6,8,1,2,0.326,1,0.2222,0.5455,5.56,82.61,High Value Loyal,2,High Value Loyal Customers
CUST-103517,2025-04-18,Germany,Mobile,Paid Social,3,11,66.6,0.885,3,0,0,0.0,51,0,0,0.245,0,0.0,0.0,3.67,18.6,One-time Visitors,3,Engaged Non-Buyers
CUST-103518,2025-06-23,United Kingdom,Mobile,Direct,27,160,491.2,0.15,76,6,6,683.16,13,1,1,0.338,1,0.2222,1.0,5.93,84.33,High Value Loyal,2,High Value Loyal Customers
CUST-103519,2025-01-28,Netherlands,Mobile,Direct,3,15,70.3,0.574,3,0,0,0.0,178,1,0,0.185,0,0.0,0.0,5.0,30.71,One-time Visitors,3,Engaged Non-Buyers
CUST-103520,2025-03-31,Germany,Desktop,Display,15,97,444.1,0.319,55,2,0,0.0,63,4,2,0.476,1,0.0,0.0,6.47,76.36,Product Researchers,0,Product Researchers
CUST-103521,2025-04-29,United Kingdom,Desktop,Paid Social,11,90,541.9,0.239,58,0,1,81.15,10,0,1,0.504,1,0.0909,0.0,8.18,88.97,Product Researchers,0,Product Researchers
CUST-103522,2025-01-27,Australia,Mobile,Paid Search,6,26,104.8,0.926,8,1,0,0.0,85,0,0,0.235,0,0.0,0.0,4.33,23.08,One-time Visitors,3,Engaged Non-Buyers
CUST-103523,2025-01-30,United States,Desktop,Paid Search,3,15,131.6,0.74,2,0,0,0.0,153,0,0,0.19,0,0.0,0.0,5.0,29.31,One-time Visitors,3,Engaged Non-Buyers
CUST-103524,2025-01-11,India,Mobile,Paid Search,27,134,560.9,0.164,70,12,5,560.5,8,3,0,0.306,1,0.1852,0.4167,4.96,84.46,High Value Loyal,2,High Value Loyal Customers
CUST-103525,2025-02-09,Canada,Mobile,Organic Search,17,89,502.5,0.195,44,5,2,119.04,12,3,0,0.858,0,0.1176,0.4,5.24,75.16,Deal Seekers,4,Engaged Non-Buyers
CUST-103526,2025-03-12,United States,Mobile,Email,16,89,373.5,0.165,40,2,0,0.0,8,1,1,0.226,1,0.0,0.0,5.56,69.23,Engaged Non-Buyers,0,Product Researchers
CUST-103527,2025-01-28,United States,Desktop,Direct,13,91,344.7,0.213,41,3,0,0.0,55,3,2,0.445,1,0.0,0.0,7.0,71.39,Product Researchers,0,Product Researchers
CUST-103528,2025-06-12,Germany,Mobile,Referral,22,107,290.9,0.324,55,2,0,0.0,58,3,0,0.209,1,0.0,0.0,4.86,63.56,Engaged Non-Buyers,0,Product Researchers
CUST-103529,2025-02-15,United States,Desktop,Organic Search,15,107,660.9,0.338,55,2,1,77.29,58,5,3,0.262,1,0.0667,0.5,7.13,85.77,Product Researchers,0,Product Researchers
CUST-103530,2025-05-19,United States,Tablet,Direct,4,18,71.9,0.85,3,2,0,0.0,56,0,0,0.177,0,0.0,0.0,4.5,22.33,One-time Visitors,3,Engaged Non-Buyers
CUST-103531,2025-02-13,France,Mobile,Organic Search,25,151,347.7,0.121,68,15,3,290.11,8,0,3,0.086,1,0.12,0.2,6.04,78.24,High Value Loyal,2,High Value Loyal Customers
CUST-103532,2025-04-10,India,Tablet,Email,15,96,346.4,0.17,52,2,1,112.84,63,2,5,0.38,0,0.0667,0.5,6.4,74.06,Product Researchers,0,Product Researchers
CUST-103533,2025-02-19,United States,Desktop,Direct,3,9,46.8,0.843,2,2,0,0.0,163,0,0,0.136,0,0.0,0.0,3.0,16.26,One-time Visitors,3,Engaged Non-Buyers
CUST-103534,2025-06-23,Canada,Desktop,Paid Search,11,84,318.9,0.374,49,2,1,88.75,23,1,0,0.631,0,0.0909,0.5,7.64,70.55,Product Researchers,4,Engaged Non-Buyers
CUST-103535,2025-02-17,United Kingdom,Mobile,Email,2,9,125.7,0.838,5,0,0,0.0,105,0,0,0.13,1,0.0,0.0,4.5,25.93,One-time Visitors,3,Engaged Non-Buyers
CUST-103536,2025-03-29,Canada,Desktop,Organic Search,17,97,509.7,0.083,33,0,0,0.0,9,1,0,0.175,0,0.0,0.0,5.71,76.41,Engaged Non-Buyers,0,Product Researchers
CUST-103537,2025-06-08,United Kingdom,Mobile,Referral,3,17,186.1,0.75,6,0,0,0.0,133,1,0,0.154,0,0.0,0.0,5.67,35.1,One-time Visitors,3,Engaged Non-Buyers
CUST-103538,2025-06-26,United Kingdom,Mobile,Organic Search,19,112,404.1,0.375,50,10,2,103.63,35,2,0,0.335,1,0.1053,0.2,5.89,69.63,Deal Seekers,4,Engaged Non-Buyers
CUST-103539,2025-02-28,United Kingdom,Desktop,Email,23,109,462.2,0.26,37,3,0,0.0,28,1,0,0.259,1,0.0,0.0,4.74,67.79,Engaged Non-Buyers,0,Product Researchers
CUST-103540,2025-04-26,Germany,Mobile,Organic Search,3,19,147.1,0.86,8,0,0,0.0,46,0,0,0.505,0,0.0,0.0,6.33,33.11,One-time Visitors,3,Engaged Non-Buyers
CUST-103541,2025-03-17,Netherlands,Tablet,Paid Search,22,117,388.5,0.355,44,6,5,328.02,34,1,0,0.819,0,0.2273,0.8333,5.32,65.71,Deal Seekers,4,Engaged Non-Buyers
CUST-103542,2025-05-11,India,Mobile,Organic Search,3,15,53.0,0.741,8,0,0,0.0,127,0,0,0.038,0,0.0,0.0,5.0,27.22,One-time Visitors,3,Engaged Non-Buyers
CUST-103543,2025-05-26,India,Desktop,Referral,15,81,346.9,0.281,38,10,6,298.91,43,2,0,0.405,0,0.4,0.6,5.4,63.9,Deal Seekers,4,Engaged Non-Buyers
CUST-103544,2025-04-21,Canada,Mobile,Email,23,108,356.5,0.679,39,4,0,0.0,21,1,1,0.74,1,0.0,0.0,4.7,52.53,Deal Seekers,4,Engaged Non-Buyers
CUST-103545,2025-04-02,Netherlands,Desktop,Email,11,107,361.3,0.139,64,2,0,0.0,48,1,2,0.333,0,0.0,0.0,9.73,84.29,Product Researchers,0,Product Researchers
CUST-103546,2025-05-20,United Kingdom,Mobile,Organic Search,13,85,367.4,0.288,43,1,1,54.25,71,6,1,0.155,0,0.0769,1.0,6.54,69.85,Product Researchers,0,Product Researchers
CUST-103547,2025-06-13,United Kingdom,Desktop,Display,22,97,383.8,0.133,42,12,1,39.34,20,1,1,0.601,1,0.0455,0.0833,4.41,67.56,Deal Seekers,4,Engaged Non-Buyers
CUST-103548,2025-06-26,India,Desktop,Organic Search,17,79,415.9,0.117,38,1,0,0.0,9,7,0,0.095,0,0.0,0.0,4.65,69.07,Engaged Non-Buyers,0,Product Researchers
CUST-103549,2025-03-23,United Kingdom,Mobile,Paid Social,3,20,117.5,0.652,6,0,0,0.0,139,0,1,0.436,0,0.0,0.0,6.67,37.26,One-time Visitors,3,Engaged Non-Buyers
CUST-103550,2025-04-03,India,Mobile,Organic Search,21,97,272.3,0.327,44,8,0,0.0,24,0,0,0.844,1,0.0,0.0,4.62,58.43,Deal Seekers,4,Engaged Non-Buyers
CUST-103551,2025-05-01,United States,Desktop,Paid Social,17,96,583.1,0.235,44,6,0,0.0,53,2,0,0.167,0,0.0,0.0,5.65,79.46,Engaged Non-Buyers,0,Product Researchers
CUST-103552,2025-03-15,Canada,Mobile,Direct,28,145,422.0,0.062,68,9,5,419.32,11,0,2,0.588,1,0.1786,0.5556,5.18,80.72,High Value Loyal,2,High Value Loyal Customers
CUST-103553,2025-05-23,United States,Mobile,Paid Search,35,174,631.9,0.177,62,11,8,833.78,14,4,0,0.284,1,0.2286,0.7273,4.97,85.2,High Value Loyal,2,High Value Loyal Customers
CUST-103554,2025-05-20,United Kingdom,Desktop,Direct,4,22,97.7,0.732,7,0,0,0.0,91,0,0,0.356,1,0.0,0.0,5.5,30.92,One-time Visitors,3,Engaged Non-Buyers
CUST-103555,2025-03-31,United Kingdom,Mobile,Display,21,108,381.2,0.089,35,6,1,67.53,36,1,0,0.713,1,0.0476,0.1667,5.14,68.68,Deal Seekers,4,Engaged Non-Buyers
CUST-103556,2025-01-27,United States,Desktop,Referral,23,121,352.1,0.138,48,4,2,145.05,23,3,1,0.491,0,0.087,0.5,5.26,70.35,Deal Seekers,4,Engaged Non-Buyers
CUST-103557,2025-06-10,Netherlands,Mobile,Organic Search,27,139,547.1,0.436,69,7,6,435.69,5,1,1,0.193,1,0.2222,0.8571,5.15,77.54,High Value Loyal,2,High Value Loyal Customers
CUST-103558,2025-06-04,United Kingdom,Mobile,Direct,13,64,285.5,0.32,38,2,2,194.71,4,4,0,0.945,1,0.1538,1.0,4.92,58.35,Deal Seekers,4,Engaged Non-Buyers
CUST-103559,2025-01-21,France,Mobile,Paid Search,32,161,623.1,0.209,59,15,6,723.91,7,0,0,0.234,1,0.1875,0.4,5.03,83.66,High Value Loyal,2,High Value Loyal Customers
CUST-103560,2025-03-02,United States,Mobile,Direct,1,19,88.7,0.579,15,0,1,53.24,151,0,0,0.261,0,1.0,0.0,19.0,44.57,One-time Visitors,1,Low Engagement / At-Risk Visitors
CUST-103561,2025-06-26,United Kingdom,Mobile,Display,25,121,550.3,0.178,51,6,4,346.72,10,3,0,0.075,1,0.16,0.6667,4.84,78.89,High Value Loyal,2,High Value Loyal Customers
CUST-103562,2025-03-13,Australia,Desktop,Email,14,96,463.6,0.385,50,1,0,0.0,43,1,0,0.71,0,0.0,0.0,6.86,75.37,Product Researchers,0,Product Researchers
CUST-103563,2025-01-06,United States,Desktop,Organic Search,17,95,564.4,0.284,49,5,0,0.0,8,1,0,0.354,1,0.0,0.0,5.59,78.67,Engaged Non-Buyers,0,Product Researchers
CUST-103564,2025-01-21,United Kingdom,Desktop,Organic Search,18,116,369.1,0.368,64,1,1,58.73,40,0,1,0.478,1,0.0556,1.0,6.44,74.08,Product Researchers,4,Engaged Non-Buyers
CUST-103565,2025-02-04,United Kingdom,Mobile,Paid Social,28,142,395.6,0.153,48,7,5,384.52,27,2,0,0.923,1,0.1786,0.7143,5.07,71.58,Deal Seekers,4,Engaged Non-Buyers
CUST-103566,2025-06-28,United Kingdom,Mobile,Direct,25,151,670.6,0.119,76,15,3,220.77,3,1,1,0.278,1,0.12,0.2,6.04,90.9,High Value Loyal,2,High Value Loyal Customers
CUST-103567,2025-05-31,France,Mobile,Direct,23,123,489.4,0.35,41,3,0,0.0,25,2,1,0.142,1,0.0,0.0,5.35,70.04,Engaged Non-Buyers,0,Product Researchers
CUST-103568,2025-01-05,United Kingdom,Mobile,Paid Search,24,142,341.2,0.383,75,15,6,1008.2,4,0,1,0.292,1,0.25,0.4,5.92,70.98,High Value Loyal,2,High Value Loyal Customers
CUST-103569,2025-03-31,United Kingdom,Mobile,Organic Search,21,125,464.5,0.367,54,2,2,146.9,21,1,0,0.687,1,0.0952,1.0,5.95,74.28,Product Researchers,4,Engaged Non-Buyers
CUST-103570,2025-04-13,Canada,Mobile,Paid Search,18,117,623.6,0.325,52,4,0,0.0,74,1,2,0.101,1,0.0,0.0,6.5,83.19,Product Researchers,0,Product Researchers
CUST-103571,2025-05-01,United States,Mobile,Organic Search,4,11,54.8,0.697,3,0,0,0.0,45,0,0,0.182,0,0.0,0.0,2.75,19.82,One-time Visitors,3,Engaged Non-Buyers
CUST-103572,2025-06-08,United Kingdom,Mobile,Organic Search,3,11,101.3,0.556,2,0,0,0.0,97,1,0,0.082,0,0.0,0.0,3.67,28.24,One-time Visitors,3,Engaged Non-Buyers
CUST-103573,2025-05-18,United States,Mobile,Organic Search,19,104,445.0,0.472,53,5,0,0.0,32,4,2,0.163,0,0.0,0.0,5.47,68.87,Engaged Non-Buyers,0,Product Researchers
CUST-103574,2025-02-02,France,Mobile,Paid Social,16,80,588.5,0.424,43,3,1,66.05,26,2,0,0.199,1,0.0625,0.3333,5.0,72.67,Engaged Non-Buyers,0,Product Researchers
CUST-103575,2025-05-05,United Kingdom,Mobile,Organic Search,2,18,106.4,0.737,12,1,0,0.0,160,0,0,0.52,0,0.0,0.0,9.0,40.6,One-time Visitors,1,Low Engagement / At-Risk Visitors
CUST-103576,2025-02-22,India,Mobile,Email,10,75,592.2,0.115,48,1,1,76.13,30,0,2,0.368,1,0.1,1.0,7.5,89.93,Product Researchers,4,Engaged Non-Buyers
CUST-103577,2025-01-09,United Kingdom,Mobile,Paid Search,8,95,523.6,0.32,73,1,0,0.0,71,2,3,0.434,1,0.0,0.0,11.88,88.19,Product Researchers,0,Product Researchers
CUST-103578,2025-04-06,India,Desktop,Paid Search,18,88,373.6,0.427,32,5,1,44.35,41,0,2,0.191,1,0.0556,0.2,4.89,58.14,Engaged Non-Buyers,0,Product Researchers
CUST-103579,2025-03-19,Netherlands,Mobile,Paid Social,5,11,109.8,0.86,3,0,1,28.0,49,0,0,0.044,0,0.2,0.0,2.2,16.78,One-time Visitors,3,Engaged Non-Buyers
CUST-103580,2025-02-13,United States,Mobile,Paid Search,2,14,104.6,0.622,8,0,0,0.0,76,0,0,0.284,0,0.0,0.0,7.0,39.01,One-time Visitors,1,Low Engagement / At-Risk Visitors
CUST-103581,2025-06-28,United Kingdom,Mobile,Organic Search,17,101,522.1,0.238,49,4,0,0.0,34,4,2,0.061,0,0.0,0.0,5.94,78.81,Engaged Non-Buyers,0,Product Researchers
CUST-103582,2025-05-12,Germany,Mobile,Referral,13,93,464.2,0.241,51,0,1,34.87,57,0,0,0.368,1,0.0769,0.0,7.15,80.22,Product Researchers,0,Product Researchers
CUST-103583,2025-02-27,Netherlands,Mobile,Direct,15,79,467.4,0.159,36,3,1,75.89,52,2,1,0.452,1,0.0667,0.3333,5.27,71.93,Engaged Non-Buyers,0,Product Researchers
CUST-103584,2025-06-24,Germany,Mobile,Direct,2,9,61.5,0.898,4,0,0,0.0,74,0,0,0.039,0,0.0,0.0,4.5,20.92,One-time Visitors,3,Engaged Non-Buyers
CUST-103585,2025-01-30,Netherlands,Desktop,Direct,13,82,450.8,0.298,39,1,1,60.08,51,2,0,0.433,1,0.0769,1.0,6.31,71.8,Product Researchers,4,Engaged Non-Buyers
CUST-103586,2025-06-08,United States,Mobile,Direct,6,19,73.1,0.455,5,0,0,0.0,115,1,0,0.399,0,0.0,0.0,3.17,28.72,One-time Visitors,3,Engaged Non-Buyers
CUST-103587,2025-03-17,India,Mobile,Email,32,148,358.2,0.069,54,13,9,283.1,4,2,0,0.132,1,0.2812,0.6923,4.62,72.26,High Value Loyal,2,High Value Loyal Customers
CUST-103588,2025-06-28,United Kingdom,Mobile,Email,30,173,502.2,0.234,66,15,6,738.29,7,0,1,0.264,1,0.2,0.4,5.77,82.28,High Value Loyal,2,High Value Loyal Customers
CUST-103589,2025-03-13,Germany,Mobile,Direct,25,117,472.9,0.345,39,3,0,0.0,19,4,2,0.31,0,0.0,0.0,4.68,66.64,Engaged Non-Buyers,0,Product Researchers
CUST-103590,2025-03-13,United Kingdom,Desktop,Paid Social,23,115,318.4,0.394,47,3,0,0.0,40,2,0,0.329,1,0.0,0.0,5.0,61.15,Engaged Non-Buyers,0,Product Researchers
CUST-103591,2025-05-03,United Kingdom,Mobile,Email,13,88,301.8,0.416,59,2,0,0.0,15,2,0,0.833,1,0.0,0.0,6.77,69.0,Product Researchers,0,Product Researchers
CUST-103592,2025-06-15,France,Desktop,Paid Search,18,90,394.0,0.201,49,3,0,0.0,68,2,0,0.48,1,0.0,0.0,5.0,70.37,Product Researchers,0,Product Researchers
CUST-103593,2025-05-06,Netherlands,Mobile,Paid Social,15,87,248.0,0.372,38,7,2,121.69,7,3,0,0.649,1,0.1333,0.2857,5.8,57.92,Deal Seekers,4,Engaged Non-Buyers
CUST-103594,2025-05-28,Germany,Desktop,Paid Search,17,101,483.6,0.287,37,1,0,0.0,42,2,1,0.125,1,0.0,0.0,5.94,71.95,Engaged Non-Buyers,0,Product Researchers
CUST-103595,2025-01-23,United Kingdom,Mobile,Organic Search,16,95,467.1,0.106,40,6,3,234.28,34,4,2,0.885,1,0.1875,0.5,5.94,76.57,Deal Seekers,4,Engaged Non-Buyers
CUST-103596,2025-02-04,United Kingdom,Mobile,Organic Search,2,15,68.8,0.637,8,0,0,0.0,93,0,0,0.164,0,0.0,0.0,7.5,38.41,One-time Visitors,1,Low Engagement / At-Risk Visitors
CUST-103597,2025-03-06,United Kingdom,Desktop,Display,2,14,190.6,0.637,5,1,0,0.0,98,0,0,0.443,0,0.0,0.0,7.0,42.01,One-time Visitors,1,Low Engagement / At-Risk Visitors
CUST-103598,2025-04-20,Netherlands,Mobile,Organic Search,13,98,561.0,0.32,54,2,0,0.0,74,0,1,0.161,1,0.0,0.0,7.54,85.24,Product Researchers,0,Product Researchers
CUST-103599,2025-03-29,India,Mobile,Direct,20,107,431.8,0.335,39,1,0,0.0,35,1,0,0.191,1,0.0,0.0,5.35,66.95,Engaged Non-Buyers,0,Product Researchers
CUST-103600,2025-01-29,India,Mobile,Organic Search,18,119,551.2,0.564,60,2,1,72.79,19,3,2,0.74,1,0.0556,0.5,6.61,77.59,Product Researchers,4,Engaged Non-Buyers
CUST-103601,2025-03-29,France,Mobile,Email,1,11,75.7,0.839,5,0,0,0.0,107,1,0,0.366,0,0.0,0.0,11.0,34.35,One-time Visitors,1,Low Engagement / At-Risk Visitors
CUST-103602,2025-03-10,United Kingdom,Mobile,Display,19,101,480.6,0.437,37,5,2,161.24,37,2,1,0.78,1,0.1053,0.4,5.32,66.11,Deal Seekers,4,Engaged Non-Buyers
CUST-103603,2025-06-14,United Kingdom,Mobile,Organic Search,18,99,524.5,0.195,49,0,0,0.0,28,1,1,0.452,1,0.0,0.0,5.5,78.6,Product Researchers,0,Product Researchers
CUST-103604,2025-01-11,United Kingdom,Mobile,Paid Search,2,10,102.3,0.658,2,0,0,0.0,58,0,0,0.271,0,0.0,0.0,5.0,29.9,One-time Visitors,3,Engaged Non-Buyers
CUST-103605,2025-06-15,Netherlands,Desktop,Display,18,79,316.4,0.233,37,9,1,47.91,3,1,1,0.682,1,0.0556,0.1111,4.39,60.09,Deal Seekers,4,Engaged Non-Buyers
CUST-103606,2025-06-08,United Kingdom,Mobile,Paid Search,14,95,506.8,0.173,50,2,0,0.0,53,1,1,0.153,1,0.0,0.0,6.79,82.6,Engaged Non-Buyers,0,Product Researchers
CUST-103607,2025-03-20,Canada,Tablet,Direct,19,93,441.0,0.211,40,4,1,49.58,28,4,0,0.249,1,0.0526,0.25,4.89,69.38,Engaged Non-Buyers,0,Product Researchers
CUST-103608,2025-03-22,United Kingdom,Mobile,Direct,19,103,437.4,0.078,35,5,0,0.0,27,5,1,0.814,1,0.0,0.0,5.42,72.64,Deal Seekers,0,Product Researchers
CUST-103609,2025-04-09,United Kingdom,Mobile,Paid Search,12,76,480.3,0.256,50,2,1,65.8,27,3,1,0.42,1,0.0833,0.5,6.33,77.79,Product Researchers,0,Product Researchers
CUST-103610,2025-01-22,United Kingdom,Mobile,Paid Search,33,167,493.6,0.185,56,14,5,743.63,1,3,1,0.127,1,0.1515,0.3571,5.06,78.09,High Value Loyal,2,High Value Loyal Customers
CUST-103611,2025-04-03,France,Mobile,Referral,18,102,424.8,0.353,52,0,0,0.0,26,6,1,0.6,1,0.0,0.0,5.67,71.12,Product Researchers,0,Product Researchers
CUST-103612,2025-06-27,France,Mobile,Paid Search,1,12,133.6,0.582,8,0,0,0.0,120,0,0,0.654,0,0.0,0.0,12.0,44.6,One-time Visitors,1,Low Engagement / At-Risk Visitors
CUST-103613,2025-06-08,United Kingdom,Desktop,Paid Search,12,71,501.9,0.229,40,2,1,30.98,6,0,0,0.901,1,0.0833,0.5,5.92,75.16,Deal Seekers,4,Engaged Non-Buyers
CUST-103614,2025-02-01,United Kingdom,Mobile,Direct,22,88,435.9,0.141,38,4,1,42.62,50,2,0,0.211,0,0.0455,0.25,4.0,67.47,Engaged Non-Buyers,0,Product Researchers
CUST-103615,2025-02-03,United Kingdom,Mobile,Direct,15,98,323.4,0.266,47,10,2,159.28,26,2,0,0.619,1,0.1333,0.2,6.53,69.4,Deal Seekers,4,Engaged Non-Buyers
CUST-103616,2025-03-18,Germany,Desktop,Paid Search,14,115,424.5,0.11,61,1,1,85.98,27,3,1,0.563,0,0.0714,1.0,8.21,87.25,Product Researchers,4,Engaged Non-Buyers
CUST-103617,2025-01-28,United Kingdom,Desktop,Organic Search,40,181,590.1,0.12,59,16,4,481.34,11,3,1,0.235,1,0.1,0.25,4.53,83.79,High Value Loyal,2,High Value Loyal Customers
CUST-103618,2025-01-15,India,Mobile,Paid Search,18,91,410.2,0.238,36,9,3,175.92,3,6,1,0.723,0,0.1667,0.3333,5.06,66.43,Deal Seekers,4,Engaged Non-Buyers
CUST-103619,2025-04-22,India,Tablet,Paid Social,2,8,61.7,0.778,4,0,0,0.0,51,0,0,0.319,0,0.0,0.0,4.0,22.37,One-time Visitors,3,Engaged Non-Buyers
CUST-103620,2025-05-30,Canada,Mobile,Paid Search,21,115,250.0,0.065,51,3,0,0.0,41,3,1,0.729,1,0.0,0.0,5.48,68.68,Product Researchers,0,Product Researchers
CUST-103621,2025-06-16,United Kingdom,Mobile,Organic Search,11,84,560.5,0.088,50,3,2,138.08,50,1,0,0.342,1,0.1818,0.6667,7.64,90.06,Engaged Non-Buyers,4,Engaged Non-Buyers
CUST-103622,2025-01-31,India,Desktop,Organic Search,5,20,129.7,0.853,7,0,1,28.92,48,0,0,0.122,0,0.2,0.0,4.0,24.8,One-time Visitors,3,Engaged Non-Buyers
CUST-103623,2025-01-17,United Kingdom,Desktop,Paid Social,19,115,450.5,0.332,51,2,0,0.0,55,6,0,0.14,1,0.0,0.0,6.05,73.84,Product Researchers,0,Product Researchers
CUST-103624,2025-03-07,Australia,Desktop,Direct,28,148,582.6,0.268,69,18,7,986.89,3,0,3,0.062,1,0.25,0.3889,5.29,83.95,High Value Loyal,2,High Value Loyal Customers
CUST-103625,2025-05-08,India,Mobile,Referral,2,14,196.5,0.621,9,0,0,0.0,135,0,0,0.159,1,0.0,0.0,7.0,43.94,One-time Visitors,1,Low Engagement / At-Risk Visitors
CUST-103626,2025-03-10,United States,Mobile,Paid Search,16,105,503.2,0.187,48,1,0,0.0,43,3,0,0.188,1,0.0,0.0,6.56,80.76,Engaged Non-Buyers,0,Product Researchers
CUST-103627,2025-03-04,United States,Desktop,Direct,13,76,328.9,0.32,39,6,1,49.56,11,2,0,0.803,1,0.0769,0.1667,5.85,63.71,Deal Seekers,4,Engaged Non-Buyers
CUST-103628,2025-04-16,Australia,Mobile,Organic Search,33,179,502.3,0.2,70,13,3,375.57,4,3,0,0.284,1,0.0909,0.2308,5.42,82.06,High Value Loyal,2,High Value Loyal Customers
CUST-103629,2025-05-14,Netherlands,Desktop,Organic Search,20,117,560.3,0.247,45,2,2,37.59,13,1,0,0.102,0,0.1,1.0,5.85,78.97,Engaged Non-Buyers,0,Product Researchers
CUST-103630,2025-05-08,France,Tablet,Direct,2,8,76.4,0.78,5,0,0,0.0,148,1,0,0.581,0,0.0,0.0,4.0,23.35,One-time Visitors,3,Engaged Non-Buyers
CUST-103631,2025-03-02,United Kingdom,Mobile,Email,17,104,342.9,0.302,45,3,4,195.5,8,3,0,0.711,1,0.2353,1.0,6.12,67.55,Deal Seekers,4,Engaged Non-Buyers
CUST-103632,2025-02-26,France,Mobile,Paid Social,16,83,291.5,0.41,31,8,2,129.83,41,2,0,0.844,1,0.125,0.25,5.19,55.07,Deal Seekers,4,Engaged Non-Buyers
CUST-103633,2025-04-13,United States,Mobile,Organic Search,13,79,511.2,0.385,40,0,0,0.0,33,1,0,0.507,0,0.0,0.0,6.08,72.23,Product Researchers,0,Product Researchers
CUST-103634,2025-02-26,Netherlands,Mobile,Paid Search,13,93,434.0,0.329,50,5,0,0.0,9,5,0,0.319,1,0.0,0.0,7.15,76.22,Engaged Non-Buyers,0,Product Researchers
CUST-103635,2025-04-06,Germany,Desktop,Paid Search,17,91,299.5,0.186,38,4,3,182.29,11,0,0,0.527,1,0.1765,0.75,5.35,63.76,Deal Seekers,4,Engaged Non-Buyers
CUST-103636,2025-05-11,India,Desktop,Organic Search,3,17,94.3,0.69,5,0,0,0.0,79,0,0,0.238,0,0.0,0.0,5.67,31.72,One-time Visitors,3,Engaged Non-Buyers
CUST-103637,2025-03-23,United Kingdom,Mobile,Direct,18,86,370.2,0.197,37,5,0,0.0,27,4,1,0.805,1,0.0,0.0,4.78,64.89,Deal Seekers,4,Engaged Non-Buyers
CUST-103638,2025-03-04,Canada,Mobile,Direct,5,15,117.4,0.931,2,1,0,0.0,71,0,0,0.417,0,0.0,0.0,3.0,17.6,One-time Visitors,3,Engaged Non-Buyers
CUST-103639,2025-03-12,United Kingdom,Desktop,Direct,14,87,338.3,0.379,52,2,1,93.36,71,2,2,0.74,1,0.0714,0.5,6.21,67.87,Product Researchers,4,Engaged Non-Buyers
CUST-103640,2025-01-15,India,Mobile,Organic Search,13,116,534.1,0.325,70,0,2,138.06,33,2,1,0.717,0,0.1538,0.0,8.92,88.59,Product Researchers,0,Product Researchers
CUST-103641,2025-02-09,United Kingdom,Desktop,Paid Search,34,167,520.3,0.181,75,17,3,469.08,6,0,0,0.124,1,0.0882,0.1765,4.91,81.83,High Value Loyal,2,High Value Loyal Customers
CUST-103642,2025-06-08,France,Mobile,Organic Search,16,101,428.4,0.084,52,3,0,0.0,53,1,0,0.474,1,0.0,0.0,6.31,80.04,Engaged Non-Buyers,0,Product Researchers
CUST-103643,2025-05-18,United Kingdom,Tablet,Paid Search,20,97,474.8,0.265,39,4,0,0.0,38,1,0,0.081,1,0.0,0.0,4.85,69.27,Engaged Non-Buyers,0,Product Researchers
CUST-103644,2025-02-14,Germany,Desktop,Organic Search,18,117,376.3,0.342,61,1,0,0.0,24,3,0,0.471,0,0.0,0.0,6.5,74.35,Product Researchers,0,Product Researchers
CUST-103645,2025-02-26,United Kingdom,Mobile,Direct,13,79,346.0,0.341,43,4,0,0.0,47,1,1,0.504,0,0.0,0.0,6.08,66.0,Product Researchers,0,Product Researchers
CUST-103646,2025-02-26,Germany,Mobile,Organic Search,4,16,156.9,0.745,6,1,0,0.0,61,0,0,0.321,0,0.0,0.0,4.0,28.58,One-time Visitors,3,Engaged Non-Buyers
CUST-103647,2025-01-09,India,Desktop,Paid Search,20,100,392.3,0.375,42,3,1,79.05,43,2,1,0.814,1,0.05,0.3333,5.0,63.79,Deal Seekers,4,Engaged Non-Buyers
CUST-103648,2025-05-23,United Kingdom,Desktop,Paid Search,21,124,494.6,0.334,65,10,7,501.63,6,1,0,0.652,1,0.3333,0.7,5.9,79.83,High Value Loyal,2,High Value Loyal Customers
CUST-103649,2025-01-21,India,Mobile,Paid Search,4,27,20.0,0.779,7,1,0,0.0,173,0,0,0.379,0,0.0,0.0,6.75,29.77,One-time Visitors,3,Engaged Non-Buyers
CUST-103650,2025-02-21,United Kingdom,Desktop,Display,12,102,478.4,0.138,56,2,1,86.33,68,2,1,0.635,1,0.0833,0.5,8.5,87.71,Product Researchers,0,Product Researchers
CUST-103651,2025-05-24,France,Mobile,Organic Search,2,13,99.9,0.952,7,1,0,0.0,82,0,1,0.367,0,0.0,0.0,6.5,28.67,One-time Visitors,3,Engaged Non-Buyers
CUST-103652,2025-06-27,United Kingdom,Mobile,Direct,25,130,672.8,0.166,57,7,3,215.18,9,1,1,0.119,1,0.12,0.4286,5.2,84.64,High Value Loyal,2,High Value Loyal Customers
CUST-103653,2025-02-02,United States,Mobile,Paid Search,24,133,471.5,0.116,48,4,0,0.0,36,3,0,0.275,1,0.0,0.0,5.54,77.75,Engaged Non-Buyers,0,Product Researchers
CUST-103654,2025-03-31,Canada,Mobile,Organic Search,2,15,89.7,0.609,7,0,0,0.0,93,0,0,0.03,1,0.0,0.0,7.5,39.84,One-time Visitors,1,Low Engagement / At-Risk Visitors
CUST-103655,2025-05-30,Australia,Desktop,Paid Social,30,167,516.9,0.198,73,13,4,407.98,3,2,0,0.294,1,0.1333,0.3077,5.57,83.3,High Value Loyal,2,High Value Loyal Customers
CUST-103656,2025-06-08,United Kingdom,Desktop,Direct,3,11,34.8,0.772,3,0,0,0.0,111,0,0,0.129,0,0.0,0.0,3.67,19.82,One-time Visitors,3,Engaged Non-Buyers
CUST-103657,2025-04-01,Netherlands,Mobile,Organic Search,20,100,495.7,0.185,37,0,1,57.16,5,7,0,0.034,0,0.05,0.0,5.0,72.16,Engaged Non-Buyers,0,Product Researchers
CUST-103658,2025-03-01,France,Desktop,Email,17,86,326.1,0.162,36,3,3,259.16,7,1,0,0.78,0,0.1765,1.0,5.06,64.15,Deal Seekers,4,Engaged Non-Buyers
CUST-103659,2025-05-21,India,Mobile,Paid Social,17,72,361.0,0.177,32,3,2,103.86,60,1,0,0.291,1,0.1176,0.6667,4.24,61.71,Engaged Non-Buyers,4,Engaged Non-Buyers
CUST-103660,2025-01-10,United Kingdom,Desktop,Direct,22,107,465.5,0.136,43,2,0,0.0,32,2,0,0.193,0,0.0,0.0,4.86,73.3,Engaged Non-Buyers,0,Product Researchers
CUST-103661,2025-05-18,India,Mobile,Email,21,113,601.3,0.064,48,1,0,0.0,50,0,1,0.314,0,0.0,0.0,5.38,84.99,Engaged Non-Buyers,0,Product Researchers
CUST-103662,2025-05-10,United States,Desktop,Direct,16,108,321.0,0.354,57,3,1,78.79,34,2,1,0.573,0,0.0625,0.3333,6.75,70.84,Product Researchers,0,Product Researchers
CUST-103663,2025-01-28,France,Desktop,Paid Social,13,106,381.0,0.277,70,2,0,0.0,64,0,3,0.29,0,0.0,0.0,8.15,82.12,Product Researchers,0,Product Researchers
CUST-103664,2025-04-14,United States,Mobile,Organic Search,16,100,456.5,0.296,51,2,0,0.0,23,5,0,0.425,0,0.0,0.0,6.25,75.65,Product Researchers,0,Product Researchers
CUST-103665,2025-01-17,Germany,Mobile,Email,4,22,64.4,0.428,6,1,0,0.0,112,1,0,0.032,0,0.0,0.0,5.5,36.55,One-time Visitors,3,Engaged Non-Buyers
CUST-103666,2025-04-18,India,Tablet,Organic Search,30,152,483.8,0.155,60,11,7,410.59,11,4,2,0.456,1,0.2333,0.6364,5.07,79.61,High Value Loyal,2,High Value Loyal Customers
CUST-103667,2025-01-24,France,Mobile,Email,13,100,355.0,0.252,64,0,1,70.46,38,1,1,0.562,1,0.0769,0.0,7.69,80.18,Product Researchers,0,Product Researchers
CUST-103668,2025-06-12,France,Mobile,Paid Search,17,106,437.3,0.21,46,1,1,48.19,18,3,1,0.511,0,0.0588,1.0,6.24,75.25,Product Researchers,4,Engaged Non-Buyers
CUST-103669,2025-05-29,Australia,Mobile,Organic Search,14,87,284.3,0.167,49,6,0,0.0,30,2,0,0.205,1,0.0,0.0,6.21,69.53,Engaged Non-Buyers,0,Product Researchers
CUST-103670,2025-02-21,United Kingdom,Mobile,Direct,13,82,502.6,0.345,45,4,1,71.48,52,3,0,0.42,1,0.0769,0.25,6.31,75.05,Engaged Non-Buyers,0,Product Researchers
CUST-103671,2025-06-15,Australia,Desktop,Organic Search,11,97,464.3,0.304,65,1,0,0.0,22,1,1,0.21,1,0.0,0.0,8.82,85.61,Product Researchers,0,Product Researchers
CUST-103672,2025-05-25,Netherlands,Mobile,Email,2,9,50.2,0.93,4,1,0,0.0,100,0,0,0.171,0,0.0,0.0,4.5,19.56,One-time Visitors,3,Engaged Non-Buyers
CUST-103673,2025-04-10,United Kingdom,Tablet,Organic Search,3,15,106.9,0.662,7,0,0,0.0,121,1,0,0.093,1,0.0,0.0,5.0,31.57,One-time Visitors,3,Engaged Non-Buyers
CUST-103674,2025-05-20,United Kingdom,Desktop,Direct,15,97,576.0,0.583,60,1,0,0.0,53,0,0,0.229,1,0.0,0.0,6.47,77.9,Product Researchers,0,Product Researchers
CUST-103675,2025-03-05,United States,Desktop,Email,22,120,359.8,0.52,49,7,1,38.41,15,3,2,0.606,1,0.0455,0.1429,5.45,62.12,Deal Seekers,4,Engaged Non-Buyers
CUST-103676,2025-04-14,United States,Mobile,Direct,30,129,533.1,0.062,51,13,6,822.04,3,1,0,0.394,1,0.2,0.4615,4.3,79.23,High Value Loyal,2,High Value Loyal Customers
CUST-103677,2025-01-07,United States,Mobile,Direct,12,89,273.2,0.281,54,1,0,0.0,16,1,1,0.355,0,0.0,0.0,7.42,71.42,Product Researchers,0,Product Researchers
CUST-103678,2025-03-08,Australia,Desktop,Paid Social,17,109,262.6,0.099,55,2,0,0.0,54,1,2,0.528,1,0.0,0.0,6.41,72.61,Product Researchers,0,Product Researchers
CUST-103679,2025-03-08,United States,Desktop,Direct,22,124,358.8,0.401,48,6,1,49.82,29,2,2,0.76,1,0.0455,0.1667,5.64,65.3,Deal Seekers,4,Engaged Non-Buyers
CUST-103680,2025-06-26,United Kingdom,Tablet,Direct,22,100,386.8,0.456,47,5,4,281.53,42,1,0,0.855,1,0.1818,0.8,4.55,61.59,Deal Seekers,4,Engaged Non-Buyers
CUST-103681,2025-02-12,United Kingdom,Mobile,Organic Search,36,167,488.6,0.094,60,9,8,1113.49,5,3,0,0.503,1,0.2222,0.8889,4.64,80.05,High Value Loyal,2,High Value Loyal Customers
CUST-103682,2025-03-30,Germany,Desktop,Email,8,84,514.0,0.266,60,2,0,0.0,13,3,0,0.411,1,0.0,0.0,10.5,87.52,Product Researchers,0,Product Researchers
CUST-103683,2025-04-12,United States,Mobile,Organic Search,37,176,568.8,0.102,48,13,6,555.52,5,0,3,0.255,1,0.1622,0.4615,4.76,80.53,High Value Loyal,2,High Value Loyal Customers
CUST-103684,2025-05-13,United States,Mobile,Paid Social,30,136,525.1,0.137,55,13,6,596.52,5,1,0,0.342,1,0.2,0.4615,4.53,78.91,High Value Loyal,2,High Value Loyal Customers
CUST-103685,2025-01-03,United States,Mobile,Email,5,22,124.7,0.832,5,0,0,0.0,66,1,0,0.417,1,0.0,0.0,4.4,25.71,One-time Visitors,3,Engaged Non-Buyers
CUST-103686,2025-02-21,Canada,Mobile,Organic Search,40,183,543.8,0.347,52,10,5,658.35,1,4,1,0.307,1,0.125,0.5,4.58,73.82,High Value Loyal,2,High Value Loyal Customers
CUST-103687,2025-01-25,United Kingdom,Mobile,Direct,3,14,106.2,0.732,7,0,0,0.0,58,0,0,0.164,0,0.0,0.0,4.67,28.74,One-time Visitors,3,Engaged Non-Buyers
CUST-103688,2025-04-01,United Kingdom,Mobile,Direct,21,122,303.3,0.461,55,4,1,72.75,17,3,1,0.572,1,0.0476,0.25,5.81,63.72,Product Researchers,4,Engaged Non-Buyers
CUST-103689,2025-05-02,Canada,Desktop,Organic Search,17,95,397.9,0.479,38,6,1,46.12,20,3,1,0.778,1,0.0588,0.1667,5.59,62.07,Deal Seekers,4,Engaged Non-Buyers
CUST-103690,2025-01-21,India,Mobile,Direct,13,85,520.7,0.288,52,2,0,0.0,58,1,0,0.321,1,0.0,0.0,6.54,80.27,Product Researchers,0,Product Researchers
CUST-103691,2025-04-05,Netherlands,Mobile,Direct,18,102,416.5,0.363,51,3,0,0.0,62,2,0,0.264,0,0.0,0.0,5.67,70.15,Product Researchers,0,Product Researchers
CUST-103692,2025-01-07,United Kingdom,Mobile,Organic Search,23,117,537.9,0.287,39,2,0,0.0,43,2,1,0.253,1,0.0,0.0,5.09,72.61,Engaged Non-Buyers,0,Product Researchers
CUST-103693,2025-04-28,United Kingdom,Mobile,Organic Search,17,97,610.8,0.33,53,0,0,0.0,36,0,0,0.297,1,0.0,0.0,5.71,80.88,Engaged Non-Buyers,0,Product Researchers
CUST-103694,2025-04-08,United Kingdom,Tablet,Organic Search,11,93,418.4,0.094,62,1,0,0.0,46,1,0,0.26,1,0.0,0.0,8.45,87.65,Product Researchers,0,Product Researchers
CUST-103695,2025-03-14,France,Mobile,Paid Social,11,83,473.2,0.432,53,2,0,0.0,41,0,2,0.244,0,0.0,0.0,7.55,77.76,Product Researchers,0,Product Researchers
CUST-103696,2025-05-29,Canada,Mobile,Paid Social,2,12,84.5,0.827,8,1,0,0.0,173,0,0,0.169,0,0.0,0.0,6.0,29.75,One-time Visitors,3,Engaged Non-Buyers
CUST-103697,2025-06-05,United States,Desktop,Paid Search,25,143,457.2,0.173,66,11,4,431.84,3,1,0,0.289,1,0.16,0.3636,5.72,81.42,High Value Loyal,2,High Value Loyal Customers
CUST-103698,2025-01-25,United Kingdom,Mobile,Organic Search,14,91,247.7,0.209,55,1,1,44.83,33,3,0,0.487,1,0.0714,1.0,6.5,69.39,Product Researchers,4,Engaged Non-Buyers
CUST-103699,2025-05-30,Canada,Desktop,Paid Search,28,143,654.6,0.124,66,9,7,647.1,14,0,1,0.363,1,0.25,0.7778,5.11,87.85,High Value Loyal,2,High Value Loyal Customers
CUST-103700,2025-02-06,United Kingdom,Mobile,Direct,22,101,498.5,0.116,45,6,1,73.55,17,1,1,0.492,1,0.0455,0.1667,4.59,75.22,Deal Seekers,0,Product Researchers
CUST-103701,2025-06-04,United Kingdom,Tablet,Paid Search,2,14,82.9,0.924,6,0,0,0.0,49,0,0,0.181,0,0.0,0.0,7.0,29.77,One-time Visitors,1,Low Engagement / At-Risk Visitors
CUST-103702,2025-02-08,Australia,Mobile,Organic Search,5,27,51.0,0.729,7,1,0,0.0,110,0,0,0.499,0,0.0,0.0,5.4,28.34,One-time Visitors,3,Engaged Non-Buyers
CUST-103703,2025-06-05,United States,Mobile,Direct,14,91,486.0,0.226,45,1,1,110.29,8,2,0,0.358,1,0.0714,1.0,6.5,77.81,Product Researchers,4,Engaged Non-Buyers
CUST-103704,2025-02-28,India,Mobile,Paid Search,16,89,364.6,0.605,48,5,1,73.93,23,2,0,0.229,0,0.0625,0.2,5.56,60.25,Engaged Non-Buyers,0,Product Researchers
CUST-103705,2025-04-19,United States,Mobile,Direct,32,170,483.0,0.438,74,15,4,367.04,10,3,1,0.324,1,0.125,0.2667,5.31,74.81,High Value Loyal,2,High Value Loyal Customers
CUST-103706,2025-03-30,United Kingdom,Mobile,Organic Search,21,106,343.4,0.073,41,6,3,278.51,43,2,0,0.438,1,0.1429,0.5,5.05,68.74,Deal Seekers,4,Engaged Non-Buyers
CUST-103707,2025-04-12,India,Desktop,Direct,4,20,108.9,0.834,6,1,0,0.0,82,0,0,0.785,1,0.0,0.0,5.0,27.07,One-time Visitors,3,Engaged Non-Buyers
CUST-103708,2025-01-16,United Kingdom,Mobile,Paid Search,9,85,386.1,0.13,53,3,1,93.51,20,2,2,0.493,1,0.1111,0.3333,9.44,82.36,Product Researchers,0,Product Researchers
CUST-103709,2025-05-30,United Kingdom,Mobile,Paid Search,1,11,86.4,0.667,7,0,0,0.0,62,0,0,0.593,0,0.0,0.0,11.0,39.79,One-time Visitors,1,Low Engagement / At-Risk Visitors
CUST-103710,2025-04-22,United Kingdom,Mobile,Paid Social,31,153,453.6,0.091,79,15,3,383.38,5,2,1,0.192,1,0.0968,0.2,4.94,80.83,High Value Loyal,2,High Value Loyal Customers
CUST-103711,2025-06-24,India,Mobile,Organic Search,4,20,89.6,0.816,4,1,0,0.0,118,1,0,0.198,0,0.0,0.0,5.0,25.94,One-time Visitors,3,Engaged Non-Buyers
CUST-103712,2025-01-02,France,Mobile,Email,18,88,423.4,0.329,47,5,1,70.3,11,3,0,0.752,1,0.0556,0.2,4.89,67.68,Deal Seekers,4,Engaged Non-Buyers
CUST-103713,2025-05-14,France,Mobile,Paid Search,18,105,374.8,0.151,44,6,2,122.31,6,4,2,0.568,0,0.1111,0.3333,5.83,71.74,Deal Seekers,4,Engaged Non-Buyers
CUST-103714,2025-02-11,United States,Desktop,Paid Social,17,82,424.6,0.27,49,5,3,197.07,8,5,1,0.847,1,0.1765,0.6,4.82,69.64,Deal Seekers,4,Engaged Non-Buyers
CUST-103715,2025-06-21,India,Desktop,Organic Search,6,21,91.1,0.84,7,0,0,0.0,161,0,0,0.02,0,0.0,0.0,3.5,21.64,One-time Visitors,3,Engaged Non-Buyers
CUST-103716,2025-05-03,United Kingdom,Mobile,Paid Search,26,139,463.7,0.211,66,8,5,611.8,9,1,0,0.533,1,0.1923,0.625,5.35,79.61,High Value Loyal,2,High Value Loyal Customers
CUST-103717,2025-03-30,India,Mobile,Email,21,102,650.5,0.169,42,5,0,0.0,19,1,1,0.377,0,0.0,0.0,4.86,78.88,Engaged Non-Buyers,0,Product Researchers
CUST-103718,2025-02-18,Germany,Mobile,Paid Social,22,118,350.6,0.483,49,1,1,100.72,21,4,1,0.373,1,0.0455,1.0,5.36,62.3,Product Researchers,4,Engaged Non-Buyers
CUST-103719,2025-01-31,India,Mobile,Referral,14,99,382.8,0.429,52,3,5,380.55,35,2,0,0.963,1,0.3571,1.0,7.07,71.51,Deal Seekers,4,Engaged Non-Buyers
CUST-103720,2025-05-18,Germany,Mobile,Organic Search,16,101,337.3,0.171,50,2,1,96.41,24,2,0,0.663,1,0.0625,0.5,6.31,72.69,Deal Seekers,4,Engaged Non-Buyers
CUST-103721,2025-06-05,India,Mobile,Organic Search,11,90,499.3,0.15,56,0,0,0.0,21,4,0,0.499,1,0.0,0.0,8.18,88.46,Product Researchers,0,Product Researchers
CUST-103722,2025-04-02,United Kingdom,Desktop,Direct,22,119,407.0,0.398,48,3,1,98.04,36,2,1,0.98,1,0.0455,0.3333,5.41,67.08,Deal Seekers,4,Engaged Non-Buyers
CUST-103723,2025-01-31,Germany,Desktop,Email,4,18,142.7,0.791,6,1,0,0.0,94,0,0,0.226,0,0.0,0.0,4.5,28.27,One-time Visitors,3,Engaged Non-Buyers
CUST-103724,2025-03-10,United Kingdom,Desktop,Display,1,10,105.4,0.834,7,0,0,0.0,110,0,0,0.089,1,0.0,0.0,10.0,36.57,One-time Visitors,1,Low Engagement / At-Risk Visitors
CUST-103725,2025-01-14,India,Mobile,Email,5,27,130.5,0.715,5,0,0,0.0,105,0,0,0.215,0,0.0,0.0,5.4,32.06,One-time Visitors,3,Engaged Non-Buyers
CUST-103726,2025-06-25,United Kingdom,Mobile,Paid Social,15,84,510.8,0.427,37,3,0,0.0,28,4,0,0.473,1,0.0,0.0,5.6,68.74,Engaged Non-Buyers,0,Product Researchers
CUST-103727,2025-06-13,United States,Mobile,Paid Search,2,10,54.3,0.775,2,1,0,0.0,155,0,0,0.214,0,0.0,0.0,5.0,24.58,One-time Visitors,3,Engaged Non-Buyers
CUST-103728,2025-04-16,United States,Desktop,Organic Search,17,106,370.2,0.425,49,6,2,115.74,31,0,1,0.88,1,0.1176,0.3333,6.24,67.45,Deal Seekers,4,Engaged Non-Buyers
CUST-103729,2025-05-19,United Kingdom,Mobile,Organic Search,17,88,470.8,0.549,36,9,1,59.9,23,4,0,0.608,1,0.0588,0.1111,5.18,62.08,Deal Seekers,4,Engaged Non-Buyers
CUST-103730,2025-01-18,Canada,Mobile,Paid Search,12,101,443.9,0.48,64,1,0,0.0,24,1,1,0.57,0,0.0,0.0,8.42,79.89,Product Researchers,0,Product Researchers
CUST-103731,2025-05-20,India,Desktop,Paid Social,19,89,275.7,0.234,35,8,4,216.4,27,0,1,0.861,1,0.2105,0.5,4.68,58.35,Deal Seekers,4,Engaged Non-Buyers
CUST-103732,2025-06-16,United States,Desktop,Organic Search,14,109,228.7,0.515,63,2,0,0.0,41,2,1,0.261,1,0.0,0.0,7.79,67.27,Product Researchers,0,Product Researchers
CUST-103733,2025-02-01,United Kingdom,Desktop,Organic Search,20,108,415.2,0.123,55,0,0,0.0,67,5,0,0.311,1,0.0,0.0,5.4,76.48,Product Researchers,0,Product Researchers
CUST-103734,2025-05-24,United Kingdom,Mobile,Organic Search,3,15,33.8,0.768,10,1,0,0.0,128,0,0,0.245,0,0.0,0.0,5.0,26.2,One-time Visitors,3,Engaged Non-Buyers
CUST-103735,2025-01-17,United States,Desktop,Paid Search,10,92,432.0,0.412,60,4,1,34.98,40,2,0,0.601,0,0.1,0.25,9.2,79.76,Product Researchers,0,Product Researchers
CUST-103736,2025-04-28,United Kingdom,Mobile,Display,16,78,488.7,0.266,43,5,0,0.0,37,3,0,0.14,1,0.0,0.0,4.88,71.25,Engaged Non-Buyers,0,Product Researchers
CUST-103737,2025-04-02,United States,Mobile,Organic Search,2,10,139.2,0.637,6,0,0,0.0,63,2,0,0.078,0,0.0,0.0,5.0,33.51,One-time Visitors,3,Engaged Non-Buyers
CUST-103738,2025-05-31,India,Desktop,Organic Search,32,163,530.9,0.147,68,10,2,230.5,9,3,0,0.088,1,0.0625,0.2,5.09,83.79,High Value Loyal,2,High Value Loyal Customers
CUST-103739,2025-01-31,Canada,Mobile,Organic Search,17,101,523.1,0.104,42,3,1,97.87,29,2,1,0.167,1,0.0588,0.3333,5.94,80.05,Engaged Non-Buyers,0,Product Researchers
CUST-103740,2025-01-05,France,Mobile,Referral,36,173,577.8,0.065,65,8,12,1261.09,13,4,1,0.227,1,0.3333,1.0,4.81,87.27,High Value Loyal,2,High Value Loyal Customers
CUST-103741,2025-02-05,United States,Tablet,Direct,16,106,302.5,0.187,54,4,0,0.0,64,2,1,0.605,1,0.0,0.0,6.62,72.78,Product Researchers,0,Product Researchers
CUST-103742,2025-02-25,United States,Desktop,Organic Search,33,171,629.7,0.322,65,12,5,652.76,8,0,2,0.475,1,0.1515,0.4167,5.18,83.14,High Value Loyal,2,High Value Loyal Customers
CUST-103743,2025-02-15,United Kingdom,Mobile,Referral,15,90,273.1,0.106,45,3,1,63.01,66,2,1,0.183,1,0.0667,0.3333,6.0,68.59,Product Researchers,0,Product Researchers
CUST-103744,2025-01-11,United States,Mobile,Paid Search,4,12,86.8,0.852,2,0,0,0.0,161,0,0,0.351,0,0.0,0.0,3.0,18.02,One-time Visitors,3,Engaged Non-Buyers
CUST-103745,2025-04-17,United States,Desktop,Organic Search,27,123,423.5,0.233,47,5,1,80.69,17,1,3,0.718,0,0.037,0.2,4.56,69.05,Deal Seekers,4,Engaged Non-Buyers
CUST-103746,2025-03-02,France,Desktop,Email,24,128,615.7,0.144,38,4,1,49.99,56,1,1,0.368,1,0.0417,0.25,5.33,79.75,Engaged Non-Buyers,0,Product Researchers
CUST-103747,2025-06-29,United Kingdom,Mobile,Direct,32,155,411.7,0.563,55,12,4,354.31,10,2,2,0.29,1,0.125,0.3333,4.84,63.56,High Value Loyal,2,High Value Loyal Customers
CUST-103748,2025-05-09,India,Desktop,Paid Search,17,102,462.3,0.393,44,1,0,0.0,38,2,0,0.132,1,0.0,0.0,6.0,70.58,Engaged Non-Buyers,0,Product Researchers
CUST-103749,2025-06-24,United Kingdom,Desktop,Organic Search,2,9,78.1,0.541,3,0,0,0.0,177,0,0,0.037,0,0.0,0.0,4.5,30.37,One-time Visitors,3,Engaged Non-Buyers
CUST-103750,2025-02-13,India,Mobile,Referral,31,155,630.8,0.064,59,10,6,728.44,13,3,0,0.072,1,0.1935,0.6,5.0,87.18,High Value Loyal,2,High Value Loyal Customers
CUST-103751,2025-05-20,United Kingdom,Mobile,Organic Search,28,141,351.5,0.151,57,14,8,875.11,7,3,2,0.318,1,0.2857,0.5714,5.04,72.08,High Value Loyal,2,High Value Loyal Customers
CUST-103752,2025-01-19,United Kingdom,Tablet,Organic Search,22,135,547.2,0.081,66,14,3,347.3,4,2,0,0.139,1,0.1364,0.2143,6.14,89.51,High Value Loyal,2,High Value Loyal Customers
CUST-103753,2025-01-17,Germany,Desktop,Paid Search,22,113,367.5,0.103,55,0,0,0.0,70,3,1,0.612,1,0.0,0.0,5.14,73.79,Product Researchers,0,Product Researchers
CUST-103754,2025-01-19,United States,Mobile,Paid Search,20,87,404.0,0.348,28,6,1,77.02,9,3,0,0.863,1,0.05,0.1667,4.35,58.7,Deal Seekers,4,Engaged Non-Buyers
CUST-103755,2025-05-31,United Kingdom,Mobile,Organic Search,17,92,438.3,0.238,37,2,1,41.12,28,2,0,0.148,1,0.0588,0.5,5.41,69.27,Engaged Non-Buyers,0,Product Researchers
CUST-103756,2025-03-29,Australia,Desktop,Direct,25,128,409.8,0.028,59,17,5,539.99,13,4,2,0.096,1,0.2,0.2941,5.12,78.95,High Value Loyal,2,High Value Loyal Customers
CUST-103757,2025-03-29,France,Desktop,Organic Search,2,12,109.0,0.739,6,0,0,0.0,107,0,0,0.092,0,0.0,0.0,6.0,32.58,One-time Visitors,3,Engaged Non-Buyers
CUST-103758,2025-05-21,France,Mobile,Display,16,97,425.8,0.156,52,4,0,0.0,66,0,0,0.68,1,0.0,0.0,6.06,77.34,Product Researchers,0,Product Researchers
CUST-103759,2025-02-15,United States,Desktop,Referral,29,171,676.4,0.288,71,13,4,498.61,7,3,1,0.077,1,0.1379,0.3077,5.9,86.23,High Value Loyal,2,High Value Loyal Customers
CUST-103760,2025-01-18,United Kingdom,Mobile,Referral,3,20,22.0,0.708,6,0,0,0.0,88,0,0,0.021,0,0.0,0.0,6.67,31.08,One-time Visitors,3,Engaged Non-Buyers
CUST-103761,2025-05-02,United Kingdom,Mobile,Organic Search,3,18,133.6,0.87,7,0,0,0.0,88,0,0,0.143,0,0.0,0.0,6.0,30.84,One-time Visitors,3,Engaged Non-Buyers
CUST-103762,2025-02-15,Australia,Desktop,Paid Search,16,94,329.9,0.39,46,7,5,342.24,8,2,0,0.934,0,0.3125,0.7143,5.88,64.26,Deal Seekers,4,Engaged Non-Buyers
CUST-103763,2025-02-15,Netherlands,Mobile,Referral,12,84,373.1,0.215,43,4,2,81.25,44,2,0,0.755,1,0.1667,0.5,7.0,73.38,Deal Seekers,4,Engaged Non-Buyers
CUST-103764,2025-01-07,United Kingdom,Desktop,Paid Search,31,160,448.3,0.287,67,14,9,1126.23,3,4,0,0.369,1,0.2903,0.6429,5.16,76.37,High Value Loyal,2,High Value Loyal Customers
CUST-103765,2025-05-07,United Kingdom,Mobile,Organic Search,35,167,507.2,0.406,58,14,5,366.76,13,3,1,0.354,1,0.1429,0.3571,4.77,72.96,High Value Loyal,2,High Value Loyal Customers
CUST-103766,2025-06-21,United States,Desktop,Paid Social,17,105,301.7,0.315,51,3,0,0.0,43,2,2,0.206,0,0.0,0.0,6.18,67.21,Product Researchers,0,Product Researchers
CUST-103767,2025-05-12,Canada,Mobile,Paid Social,13,85,324.7,0.043,44,0,2,182.9,45,6,0,0.473,1,0.1538,0.0,6.54,74.12,Product Researchers,0,Product Researchers
CUST-103768,2025-05-19,Germany,Mobile,Paid Search,16,86,460.1,0.083,42,5,1,41.19,17,3,1,0.831,0,0.0625,0.2,5.38,75.64,Deal Seekers,4,Engaged Non-Buyers
CUST-103769,2025-02-18,France,Desktop,Paid Social,15,85,369.9,0.509,36,5,1,40.81,43,2,2,0.848,1,0.0667,0.2,5.67,59.55,Deal Seekers,4,Engaged Non-Buyers
CUST-103770,2025-05-24,Netherlands,Mobile,Organic Search,20,95,519.9,0.289,41,2,0,0.0,39,0,0,0.393,0,0.0,0.0,4.75,71.22,Engaged Non-Buyers,0,Product Researchers
CUST-103771,2025-02-26,United Kingdom,Desktop,Organic Search,24,88,367.6,0.284,21,10,4,308.26,43,4,0,0.725,1,0.1667,0.4,3.67,54.19,Deal Seekers,4,Engaged Non-Buyers
CUST-103772,2025-05-18,United Kingdom,Mobile,Paid Search,12,95,399.3,0.388,61,1,0,0.0,14,4,0,0.794,1,0.0,0.0,7.92,78.77,Product Researchers,0,Product Researchers
CUST-103773,2025-01-04,Canada,Desktop,Paid Social,25,136,416.3,0.197,77,7,7,1202.59,11,2,0,0.07,1,0.28,1.0,5.44,77.9,High Value Loyal,2,High Value Loyal Customers
CUST-103774,2025-01-14,United Kingdom,Mobile,Paid Social,36,154,564.6,0.3,61,11,5,575.89,1,4,2,0.593,1,0.1389,0.4545,4.28,77.86,High Value Loyal,2,High Value Loyal Customers
CUST-103775,2025-05-26,United States,Desktop,Paid Search,3,17,142.0,0.888,9,0,0,0.0,165,0,0,0.202,0,0.0,0.0,5.67,30.38,One-time Visitors,3,Engaged Non-Buyers
CUST-103776,2025-05-18,Germany,Desktop,Display,23,107,409.9,0.22,39,2,2,98.5,32,1,0,0.83,1,0.087,1.0,4.65,66.53,Deal Seekers,4,Engaged Non-Buyers
CUST-103777,2025-03-03,United States,Mobile,Organic Search,4,11,115.1,0.541,3,2,0,0.0,46,0,0,0.181,0,0.0,0.0,2.75,26.74,One-time Visitors,3,Engaged Non-Buyers
CUST-103778,2025-02-22,India,Mobile,Direct,21,116,310.3,0.225,41,4,2,127.25,35,1,1,0.919,1,0.0952,0.5,5.52,64.77,Deal Seekers,4,Engaged Non-Buyers
CUST-103779,2025-06-19,United States,Desktop,Paid Search,16,99,336.6,0.334,49,1,0,0.0,33,3,0,0.253,1,0.0,0.0,6.19,67.89,Product Researchers,0,Product Researchers
CUST-103780,2025-01-20,United Kingdom,Mobile,Paid Search,2,12,109.4,0.45,4,1,0,0.0,64,0,0,0.118,0,0.0,0.0,6.0,39.19,One-time Visitors,3,Engaged Non-Buyers
CUST-103781,2025-06-01,India,Desktop,Direct,4,14,103.1,0.843,2,1,0,0.0,109,0,0,0.358,0,0.0,0.0,3.5,20.64,One-time Visitors,3,Engaged Non-Buyers
CUST-103782,2025-03-07,United Kingdom,Mobile,Paid Search,15,100,248.7,0.168,43,6,1,59.84,43,1,1,0.787,1,0.0667,0.1667,6.67,67.3,Deal Seekers,4,Engaged Non-Buyers
CUST-103783,2025-03-11,Australia,Tablet,Organic Search,2,8,143.4,0.635,5,1,0,0.0,170,1,1,0.112,0,0.0,0.0,4.0,30.34,One-time Visitors,3,Engaged Non-Buyers
CUST-103784,2025-03-01,United States,Desktop,Organic Search,18,128,454.8,0.126,63,4,0,0.0,19,1,2,0.743,1,0.0,0.0,7.11,86.19,Product Researchers,0,Product Researchers
CUST-103785,2025-05-24,United Kingdom,Mobile,Organic Search,6,16,108.3,0.576,3,0,0,0.0,171,0,0,0.107,0,0.0,0.0,2.67,25.26,One-time Visitors,3,Engaged Non-Buyers
CUST-103786,2025-01-25,United Kingdom,Mobile,Organic Search,4,17,45.7,0.419,8,0,0,0.0,45,0,0,0.287,1,0.0,0.0,4.25,32.54,One-time Visitors,3,Engaged Non-Buyers
CUST-103787,2025-01-13,Canada,Desktop,Paid Social,14,80,484.0,0.005,40,4,0,0.0,30,3,0,0.054,1,0.0,0.0,5.71,79.24,Engaged Non-Buyers,0,Product Researchers
CUST-103788,2025-01-23,United Kingdom,Mobile,Direct,14,90,317.7,0.243,40,7,1,56.8,19,2,1,0.929,1,0.0714,0.1429,6.43,67.22,Deal Seekers,4,Engaged Non-Buyers
CUST-103789,2025-03-28,Netherlands,Mobile,Organic Search,30,151,363.5,0.066,66,13,8,646.67,13,0,2,0.513,1,0.2667,0.6154,5.03,77.26,High Value Loyal,2,High Value Loyal Customers
CUST-103790,2025-01-02,India,Mobile,Direct,28,142,633.1,0.354,62,8,7,667.64,3,0,0,0.318,1,0.25,0.875,5.07,81.08,High Value Loyal,2,High Value Loyal Customers
CUST-103791,2025-01-19,United Kingdom,Mobile,Organic Search,14,82,457.4,0.183,36,2,1,74.29,20,2,0,0.619,1,0.0714,0.5,5.86,72.69,Deal Seekers,4,Engaged Non-Buyers
CUST-103792,2025-04-16,United Kingdom,Mobile,Direct,11,76,514.5,0.251,50,1,0,0.0,15,1,1,0.276,1,0.0,0.0,6.91,81.42,Product Researchers,0,Product Researchers
CUST-103793,2025-04-17,Canada,Mobile,Email,12,82,195.4,0.206,42,4,1,60.3,43,5,1,0.585,1,0.0833,0.25,6.83,63.9,Deal Seekers,4,Engaged Non-Buyers
CUST-103794,2025-05-13,United States,Mobile,Email,18,101,231.8,0.287,37,8,2,127.94,41,0,2,0.697,1,0.1111,0.25,5.61,58.32,Deal Seekers,4,Engaged Non-Buyers
CUST-103795,2025-03-08,United Kingdom,Desktop,Organic Search,13,94,642.0,0.466,55,2,0,0.0,47,1,1,0.354,1,0.0,0.0,7.23,82.87,Product Researchers,0,Product Researchers
CUST-103796,2025-02-07,United States,Mobile,Display,17,88,295.4,0.359,45,8,1,68.35,25,0,1,0.829,1,0.0588,0.125,5.18,60.82,Deal Seekers,4,Engaged Non-Buyers
CUST-103797,2025-03-26,United States,Mobile,Referral,28,140,569.4,0.016,63,7,7,907.23,5,2,1,0.237,1,0.25,1.0,5.0,88.07,High Value Loyal,2,High Value Loyal Customers
CUST-103798,2025-05-04,United States,Mobile,Direct,22,119,557.0,0.262,47,3,0,0.0,35,0,2,0.044,1,0.0,0.0,5.41,77.67,Engaged Non-Buyers,0,Product Researchers
CUST-103799,2025-03-17,India,Desktop,Email,15,88,444.7,0.134,51,1,1,98.34,29,3,1,0.692,1,0.0667,1.0,5.87,77.92,Product Researchers,4,Engaged Non-Buyers
CUST-103800,2025-01-12,United States,Desktop,Email,19,86,380.6,0.314,40,7,2,149.36,39,2,0,0.922,1,0.1053,0.2857,4.53,62.63,Deal Seekers,4,Engaged Non-Buyers
CUST-103801,2025-05-13,United Kingdom,Mobile,Paid Social,13,80,383.1,0.133,40,5,1,62.3,12,2,1,0.674,0,0.0769,0.2,6.15,72.37,Deal Seekers,4,Engaged Non-Buyers
CUST-103802,2025-02-28,Netherlands,Mobile,Organic Search,16,110,459.8,0.472,60,1,0,0.0,62,0,0,0.289,1,0.0,0.0,6.88,76.15,Product Researchers,0,Product Researchers
CUST-103803,2025-02-12,United States,Tablet,Paid Search,32,153,541.9,0.44,65,10,5,665.54,14,2,0,0.094,1,0.1562,0.5,4.78,76.03,High Value Loyal,2,High Value Loyal Customers
CUST-103804,2025-01-12,France,Desktop,Display,17,107,465.5,0.39,52,3,1,68.13,17,3,1,0.529,1,0.0588,0.3333,6.29,74.2,Product Researchers,0,Product Researchers
CUST-103805,2025-03-13,Germany,Mobile,Direct,2,11,78.1,0.926,4,0,0,0.0,167,0,0,0.351,0,0.0,0.0,5.5,24.18,One-time Visitors,3,Engaged Non-Buyers
CUST-103806,2025-06-06,United Kingdom,Tablet,Organic Search,18,83,242.8,0.406,40,8,2,79.88,16,0,0,0.81,1,0.1111,0.25,4.61,53.7,Deal Seekers,4,Engaged Non-Buyers
CUST-103807,2025-02-27,India,Desktop,Organic Search,12,74,563.1,0.373,43,5,0,0.0,12,5,2,0.345,1,0.0,0.0,6.17,76.34,Product Researchers,0,Product Researchers
CUST-103808,2025-01-04,United States,Mobile,Organic Search,16,100,665.1,0.067,55,6,0,0.0,8,2,0,0.524,1,0.0,0.0,6.25,89.77,Engaged Non-Buyers,0,Product Researchers
CUST-103809,2025-02-15,United States,Desktop,Paid Search,5,24,156.3,0.922,7,0,0,0.0,131,0,0,0.082,1,0.0,0.0,4.8,26.91,One-time Visitors,3,Engaged Non-Buyers
CUST-103810,2025-03-08,Germany,Mobile,Paid Search,12,91,342.9,0.23,53,2,0,0.0,60,0,0,0.516,1,0.0,0.0,7.58,76.4,Product Researchers,0,Product Researchers
CUST-103811,2025-04-26,Australia,Mobile,Paid Social,24,118,480.8,0.064,61,9,4,485.62,12,3,0,0.223,1,0.1667,0.4444,4.92,81.58,High Value Loyal,2,High Value Loyal Customers
CUST-103812,2025-06-29,United States,Desktop,Organic Search,25,117,437.1,0.378,35,3,0,0.0,39,2,2,0.091,1,0.0,0.0,4.68,62.8,Engaged Non-Buyers,0,Product Researchers
CUST-103813,2025-02-26,United States,Desktop,Paid Social,19,88,295.7,0.193,41,3,0,0.0,23,0,0,0.244,0,0.0,0.0,4.63,62.04,Engaged Non-Buyers,0,Product Researchers
CUST-103814,2025-05-27,United Kingdom,Desktop,Paid Search,4,16,115.9,0.855,8,1,0,0.0,113,0,0,0.434,0,0.0,0.0,4.0,24.38,One-time Visitors,3,Engaged Non-Buyers
CUST-103815,2025-01-13,United States,Mobile,Organic Search,20,100,362.6,0.362,43,7,1,67.47,42,2,1,0.579,1,0.05,0.1429,5.0,62.94,Deal Seekers,4,Engaged Non-Buyers
CUST-103816,2025-01-01,United Kingdom,Desktop,Paid Search,4,20,56.6,0.535,7,1,0,0.0,138,0,0,0.46,0,0.0,0.0,5.0,32.25,One-time Visitors,3,Engaged Non-Buyers
CUST-103817,2025-05-16,United Kingdom,Desktop,Organic Search,3,16,32.3,0.731,10,1,0,0.0,70,1,0,0.535,0,0.0,0.0,5.33,28.1,One-time Visitors,3,Engaged Non-Buyers
CUST-103818,2025-01-10,United Kingdom,Mobile,Direct,17,100,428.7,0.271,55,2,0,0.0,31,3,0,0.542,1,0.0,0.0,5.88,74.96,Product Researchers,0,Product Researchers
CUST-103819,2025-05-15,United Kingdom,Mobile,Paid Search,15,81,624.5,0.173,34,6,0,0.0,55,0,1,0.424,1,0.0,0.0,5.4,78.02,Engaged Non-Buyers,0,Product Researchers
CUST-103820,2025-06-16,Canada,Desktop,Organic Search,3,11,77.3,0.77,4,2,0,0.0,110,1,0,0.05,0,0.0,0.0,3.67,22.3,One-time Visitors,3,Engaged Non-Buyers
CUST-103821,2025-02-09,Netherlands,Mobile,Direct,23,125,404.8,0.187,63,17,9,965.18,10,2,0,0.075,1,0.3913,0.5294,5.43,76.94,High Value Loyal,2,High Value Loyal Customers
CUST-103822,2025-05-10,Canada,Desktop,Email,19,117,272.0,0.063,49,9,5,261.94,30,1,1,0.667,1,0.2632,0.5556,6.16,71.36,Deal Seekers,4,Engaged Non-Buyers
CUST-103823,2025-03-11,United States,Mobile,Paid Social,18,91,406.2,0.353,36,2,0,0.0,28,5,4,0.106,1,0.0,0.0,5.06,63.37,Engaged Non-Buyers,0,Product Researchers
CUST-103824,2025-06-18,Netherlands,Desktop,Direct,16,83,286.8,0.236,36,5,0,0.0,36,4,1,0.245,1,0.0,0.0,5.19,60.72,Engaged Non-Buyers,0,Product Researchers
CUST-103825,2025-05-23,United Kingdom,Mobile,Referral,14,78,510.6,0.215,40,3,1,45.09,38,3,0,0.111,0,0.0714,0.3333,5.57,74.86,Engaged Non-Buyers,0,Product Researchers
CUST-103826,2025-04-06,India,Desktop,Organic Search,25,120,501.3,0.222,39,9,1,52.33,18,4,3,0.523,1,0.04,0.1111,4.8,71.5,Deal Seekers,0,Product Researchers
CUST-103827,2025-03-09,United Kingdom,Mobile,Paid Search,26,120,222.4,0.16,40,6,1,43.38,34,2,1,0.805,0,0.0385,0.1667,4.62,58.86,Deal Seekers,4,Engaged Non-Buyers
CUST-103828,2025-01-19,United States,Mobile,Direct,3,19,116.5,0.621,7,0,0,0.0,140,0,1,0.323,0,0.0,0.0,6.33,37.24,One-time Visitors,3,Engaged Non-Buyers
CUST-103829,2025-01-12,France,Desktop,Organic Search,22,121,522.8,0.117,69,17,7,883.63,6,2,1,0.138,1,0.3182,0.4118,5.5,85.39,High Value Loyal,2,High Value Loyal Customers
CUST-103830,2025-05-19,Germany,Tablet,Paid Search,25,131,579.2,0.41,50,3,0,0.0,41,0,0,0.166,1,0.0,0.0,5.24,75.48,Engaged Non-Buyers,0,Product Researchers
CUST-103831,2025-02-22,United States,Mobile,Direct,17,112,455.6,0.441,48,1,0,0.0,23,0,2,0.478,1,0.0,0.0,6.59,72.12,Product Researchers,0,Product Researchers
CUST-103832,2025-05-31,Netherlands,Mobile,Paid Search,3,13,31.8,0.842,3,1,0,0.0,157,0,0,0.233,0,0.0,0.0,4.33,20.0,One-time Visitors,3,Engaged Non-Buyers
CUST-103833,2025-04-05,Germany,Mobile,Organic Search,2,12,71.9,0.82,6,1,0,0.0,97,0,0,0.22,0,0.0,0.0,6.0,28.69,One-time Visitors,3,Engaged Non-Buyers
CUST-103834,2025-06-24,Canada,Desktop,Paid Social,27,125,490.6,0.137,49,2,0,0.0,68,1,0,0.619,0,0.0,0.0,4.63,75.66,Product Researchers,0,Product Researchers
CUST-103835,2025-01-15,United States,Tablet,Paid Search,22,115,671.2,0.198,39,2,0,0.0,60,0,1,0.43,0,0.0,0.0,5.23,78.39,Engaged Non-Buyers,0,Product Researchers
CUST-103836,2025-06-01,India,Mobile,Paid Search,16,87,350.3,0.406,42,8,2,74.03,16,0,1,0.824,0,0.125,0.25,5.44,62.28,Deal Seekers,4,Engaged Non-Buyers
CUST-103837,2025-03-06,United States,Desktop,Organic Search,13,92,270.6,0.237,50,1,1,95.51,68,2,0,0.365,1,0.0769,1.0,7.08,70.1,Product Researchers,4,Engaged Non-Buyers
CUST-103838,2025-01-05,United Kingdom,Mobile,Organic Search,17,108,429.7,0.211,55,2,1,105.92,49,4,0,0.064,1,0.0588,0.5,6.35,77.98,Product Researchers,0,Product Researchers
CUST-103839,2025-02-22,India,Tablet,Paid Social,3,15,70.1,0.843,8,0,0,0.0,162,0,0,0.304,0,0.0,0.0,5.0,25.51,One-time Visitors,3,Engaged Non-Buyers
CUST-103840,2025-04-10,United Kingdom,Mobile,Organic Search,1,8,88.2,0.865,3,1,0,0.0,105,0,0,0.128,0,0.0,0.0,8.0,33.71,One-time Visitors,1,Low Engagement / At-Risk Visitors
CUST-103841,2025-05-06,Australia,Mobile,Display,17,111,512.7,0.225,61,1,0,0.0,19,1,0,0.519,0,0.0,0.0,6.53,84.18,Product Researchers,0,Product Researchers
CUST-103842,2025-05-03,United Kingdom,Mobile,Organic Search,17,85,368.6,0.549,36,6,2,170.95,33,0,1,0.855,0,0.1176,0.3333,5.0,56.4,Deal Seekers,4,Engaged Non-Buyers
CUST-103843,2025-04-24,Netherlands,Mobile,Email,13,77,347.7,0.105,29,11,3,201.18,34,4,1,0.909,0,0.2308,0.2727,5.92,67.2,Deal Seekers,4,Engaged Non-Buyers
CUST-103844,2025-04-28,United States,Mobile,Direct,33,161,401.6,0.128,54,12,5,521.65,1,3,0,0.224,1,0.1515,0.4167,4.88,73.74,High Value Loyal,2,High Value Loyal Customers
CUST-103845,2025-04-24,France,Desktop,Email,19,126,431.3,0.16,47,2,1,46.57,29,2,1,0.278,1,0.0526,0.5,6.63,77.74,Product Researchers,0,Product Researchers
CUST-103846,2025-02-12,Canada,Mobile,Organic Search,28,148,409.7,0.179,73,16,5,445.97,7,7,1,0.443,1,0.1786,0.3125,5.29,77.52,High Value Loyal,2,High Value Loyal Customers
CUST-103847,2025-03-11,United Kingdom,Mobile,Display,23,123,444.5,0.272,53,8,2,131.84,12,1,0,0.611,1,0.087,0.25,5.35,73.45,Deal Seekers,4,Engaged Non-Buyers
CUST-103848,2025-01-22,United Kingdom,Mobile,Email,17,89,735.1,0.469,43,2,0,0.0,8,4,1,0.38,1,0.0,0.0,5.24,72.87,Engaged Non-Buyers,0,Product Researchers
CUST-103849,2025-03-06,United Kingdom,Desktop,Email,1,9,89.2,0.738,5,0,0,0.0,108,0,0,0.102,0,0.0,0.0,9.0,37.54,One-time Visitors,1,Low Engagement / At-Risk Visitors
CUST-103850,2025-02-27,United Kingdom,Desktop,Email,18,117,490.8,0.228,69,3,0,0.0,17,5,1,0.477,1,0.0,0.0,6.5,84.16,Product Researchers,0,Product Researchers
CUST-103851,2025-04-17,Canada,Mobile,Organic Search,12,91,423.0,0.278,48,5,0,0.0,51,1,0,0.159,1,0.0,0.0,7.58,77.66,Engaged Non-Buyers,0,Product Researchers
CUST-103852,2025-04-06,United Kingdom,Desktop,Paid Social,15,80,425.1,0.033,37,2,0,0.0,43,4,2,0.33,1,0.0,0.0,5.33,73.47,Engaged Non-Buyers,0,Product Researchers
CUST-103853,2025-04-06,Canada,Mobile,Organic Search,2,10,111.0,0.864,6,2,1,49.18,159,0,0,0.097,0,0.5,0.5,5.0,26.43,One-time Visitors,3,Engaged Non-Buyers
CUST-103854,2025-05-10,United Kingdom,Mobile,Paid Search,19,98,265.9,0.328,48,8,1,73.15,38,0,0,0.555,1,0.0526,0.125,5.16,60.98,Deal Seekers,4,Engaged Non-Buyers
CUST-103855,2025-03-17,France,Desktop,Paid Social,12,82,444.5,0.249,46,2,1,59.64,61,2,0,0.171,0,0.0833,0.5,6.83,76.51,Engaged Non-Buyers,0,Product Researchers
CUST-103856,2025-06-06,Germany,Tablet,Organic Search,5,22,56.8,0.818,8,0,0,0.0,127,0,0,0.141,0,0.0,0.0,4.4,23.59,One-time Visitors,3,Engaged Non-Buyers
CUST-103857,2025-03-20,Germany,Mobile,Paid Search,4,28,138.0,0.401,11,0,0,0.0,83,1,0,0.368,1,0.0,0.0,7.0,47.13,One-time Visitors,1,Low Engagement / At-Risk Visitors
CUST-103858,2025-06-20,United States,Mobile,Email,15,113,521.0,0.422,68,1,0,0.0,15,3,0,0.308,1,0.0,0.0,7.53,84.04,Product Researchers,0,Product Researchers
CUST-103859,2025-05-15,India,Mobile,Paid Social,19,102,348.3,0.314,52,11,2,102.23,32,6,0,0.636,1,0.1053,0.1818,5.37,67.34,Deal Seekers,4,Engaged Non-Buyers
CUST-103860,2025-04-12,Canada,Desktop,Organic Search,17,102,397.3,0.136,48,5,0,0.0,35,1,2,0.639,1,0.0,0.0,6.0,74.99,Deal Seekers,0,Product Researchers
CUST-103861,2025-06-21,Canada,Desktop,Organic Search,16,93,475.7,0.397,45,1,1,37.59,24,4,0,0.437,0,0.0625,1.0,5.81,70.88,Product Researchers,4,Engaged Non-Buyers
CUST-103862,2025-03-11,United Kingdom,Tablet,Paid Search,18,111,508.3,0.465,51,2,1,92.57,48,1,1,0.269,0,0.0556,0.5,6.17,73.76,Product Researchers,0,Product Researchers
CUST-103863,2025-03-29,Netherlands,Mobile,Paid Social,22,131,401.1,0.375,64,1,1,59.41,39,2,1,0.343,1,0.0455,1.0,5.95,74.0,Product Researchers,4,Engaged Non-Buyers
CUST-103864,2025-01-31,United Kingdom,Mobile,Display,1,17,117.1,0.811,15,0,0,0.0,177,0,0,0.108,0,0.0,0.0,17.0,40.21,One-time Visitors,1,Low Engagement / At-Risk Visitors
CUST-103865,2025-04-14,United Kingdom,Desktop,Paid Search,21,112,376.2,0.543,44,7,0,0.0,43,0,0,0.688,1,0.0,0.0,5.33,60.44,Deal Seekers,0,Product Researchers
CUST-103866,2025-06-25,France,Desktop,Email,36,176,313.1,0.117,68,13,6,669.04,11,6,3,0.214,1,0.1667,0.4615,4.89,73.02,High Value Loyal,2,High Value Loyal Customers
CUST-103867,2025-04-08,United States,Desktop,Organic Search,18,91,232.8,0.421,39,9,3,151.49,26,5,0,0.69,1,0.1667,0.3333,5.06,53.91,Deal Seekers,4,Engaged Non-Buyers
CUST-103868,2025-05-14,India,Mobile,Direct,1,13,38.0,0.667,8,0,0,0.0,52,0,0,0.207,0,0.0,0.0,13.0,37.68,One-time Visitors,1,Low Engagement / At-Risk Visitors
CUST-103869,2025-02-02,Germany,Desktop,Email,22,124,330.5,0.199,73,11,9,794.7,8,2,1,0.296,1,0.4091,0.8182,5.64,74.17,High Value Loyal,2,High Value Loyal Customers
CUST-103870,2025-04-11,United Kingdom,Mobile,Paid Search,17,90,415.3,0.133,42,8,4,221.25,33,3,0,0.704,1,0.2353,0.5,5.29,71.91,Deal Seekers,4,Engaged Non-Buyers
CUST-103871,2025-02-06,India,Desktop,Direct,20,96,358.0,0.637,33,4,4,358.3,10,3,1,0.94,1,0.2,1.0,4.8,52.13,Deal Seekers,4,Engaged Non-Buyers
CUST-103872,2025-06-15,United States,Mobile,Paid Search,28,150,363.9,0.042,70,12,5,478.6,3,0,0,0.158,1,0.1786,0.4167,5.36,78.88,High Value Loyal,2,High Value Loyal Customers
CUST-103873,2025-04-28,Germany,Tablet,Paid Search,15,102,484.7,0.311,42,3,1,71.09,25,2,0,0.118,1,0.0667,0.3333,6.8,75.63,Engaged Non-Buyers,0,Product Researchers
CUST-103874,2025-02-12,France,Mobile,Direct,18,109,422.0,0.358,55,0,0,0.0,43,5,2,0.41,1,0.0,0.0,6.06,73.01,Product Researchers,0,Product Researchers
CUST-103875,2025-05-11,France,Tablet,Display,20,93,436.4,0.39,33,3,1,66.48,57,0,1,0.246,1,0.05,0.3333,4.65,61.77,Engaged Non-Buyers,0,Product Researchers
CUST-103876,2025-03-12,United States,Mobile,Organic Search,14,87,522.6,0.445,56,0,1,94.35,50,2,1,0.367,0,0.0714,0.0,6.21,76.67,Product Researchers,0,Product Researchers
CUST-103877,2025-01-19,United Kingdom,Mobile,Organic Search,18,100,498.4,0.457,40,5,0,0.0,49,0,0,0.112,0,0.0,0.0,5.56,68.17,Engaged Non-Buyers,0,Product Researchers
CUST-103878,2025-03-01,Australia,Mobile,Display,29,177,407.2,0.062,84,13,8,758.99,12,1,0,0.322,1,0.2759,0.6154,6.1,82.89,High Value Loyal,2,High Value Loyal Customers
CUST-103879,2025-04-26,India,Mobile,Email,16,96,555.9,0.543,56,4,0,0.0,36,2,0,0.428,1,0.0,0.0,6.0,75.2,Product Researchers,0,Product Researchers
CUST-103880,2025-05-20,United States,Mobile,Organic Search,14,77,232.6,0.138,36,6,1,65.55,37,2,2,0.728,1,0.0714,0.1667,5.5,61.43,Deal Seekers,4,Engaged Non-Buyers
CUST-103881,2025-06-11,United States,Desktop,Direct,3,13,20.0,0.656,5,0,0,0.0,113,0,0,0.176,0,0.0,0.0,4.33,24.68,One-time Visitors,3,Engaged Non-Buyers
CUST-103882,2025-06-15,United States,Mobile,Email,14,81,264.5,0.184,37,9,4,399.09,26,2,0,0.794,1,0.2857,0.4444,5.79,63.08,Deal Seekers,4,Engaged Non-Buyers
CUST-103883,2025-05-07,Netherlands,Desktop,Paid Search,13,98,485.1,0.486,57,1,1,52.14,56,2,0,0.246,1,0.0769,1.0,7.54,78.19,Product Researchers,0,Product Researchers
CUST-103884,2025-02-13,France,Mobile,Referral,12,75,341.1,0.348,43,4,2,153.33,33,2,0,0.79,1,0.1667,0.5,6.25,66.12,Deal Seekers,4,Engaged Non-Buyers
CUST-103885,2025-03-28,United States,Mobile,Organic Search,32,158,630.7,0.073,62,13,8,812.6,13,2,1,0.193,1,0.25,0.6154,4.94,87.69,High Value Loyal,2,High Value Loyal Customers
CUST-103886,2025-04-01,United Kingdom,Tablet,Direct,17,91,546.5,0.077,41,5,1,50.96,29,2,0,0.117,1,0.0588,0.2,5.35,79.75,Engaged Non-Buyers,0,Product Researchers
CUST-103887,2025-03-23,United Kingdom,Desktop,Direct,2,11,109.9,0.633,7,0,1,48.16,174,0,0,0.29,0,0.5,0.0,5.5,34.02,One-time Visitors,3,Engaged Non-Buyers
CUST-103888,2025-01-25,Germany,Mobile,Organic Search,2,11,127.6,0.882,5,0,0,0.0,69,0,0,0.628,1,0.0,0.0,5.5,28.05,One-time Visitors,3,Engaged Non-Buyers
CUST-103889,2025-05-24,Canada,Mobile,Paid Social,18,120,408.6,0.248,46,5,0,0.0,36,1,0,0.589,1,0.0,0.0,6.67,74.21,Engaged Non-Buyers,0,Product Researchers
CUST-103890,2025-04-20,Germany,Tablet,Direct,20,115,393.9,0.247,47,5,0,0.0,25,2,1,0.262,0,0.0,0.0,5.75,70.95,Engaged Non-Buyers,0,Product Researchers
CUST-103891,2025-05-09,United Kingdom,Tablet,Paid Search,27,140,558.8,0.096,60,7,6,607.06,13,2,1,0.058,1,0.2222,0.8571,5.19,85.22,High Value Loyal,2,High Value Loyal Customers
CUST-103892,2025-03-02,United Kingdom,Mobile,Organic Search,17,89,236.2,0.555,38,7,0,0.0,14,2,0,0.972,1,0.0,0.0,5.24,50.97,Deal Seekers,4,Engaged Non-Buyers
CUST-103893,2025-06-06,Australia,Mobile,Direct,21,102,542.4,0.123,49,1,0,0.0,29,1,0,0.635,1,0.0,0.0,4.86,79.3,Product Researchers,0,Product Researchers
CUST-103894,2025-03-30,United Kingdom,Mobile,Paid Search,16,95,587.5,0.202,41,2,0,0.0,50,0,0,0.301,0,0.0,0.0,5.94,80.49,Engaged Non-Buyers,0,Product Researchers
CUST-103895,2025-01-12,United States,Mobile,Referral,24,121,457.8,0.146,54,17,7,1009.59,4,2,0,0.293,1,0.2917,0.4118,5.04,76.61,High Value Loyal,2,High Value Loyal Customers
CUST-103896,2025-01-20,United States,Desktop,Organic Search,3,11,53.8,0.836,4,0,0,0.0,175,1,0,0.141,0,0.0,0.0,3.67,19.49,One-time Visitors,3,Engaged Non-Buyers
CUST-103897,2025-05-04,India,Mobile,Paid Search,27,142,509.0,0.033,59,7,4,293.51,14,0,1,0.378,1,0.1481,0.5714,5.26,84.21,High Value Loyal,2,High Value Loyal Customers
CUST-103898,2025-02-06,United States,Mobile,Referral,25,107,357.9,0.247,38,6,2,143.24,36,2,1,0.736,0,0.08,0.3333,4.28,61.79,Deal Seekers,4,Engaged Non-Buyers
CUST-103899,2025-06-15,France,Mobile,Organic Search,22,102,248.3,0.238,42,2,1,77.11,15,1,1,0.899,1,0.0455,0.5,4.64,58.88,Deal Seekers,4,Engaged Non-Buyers
CUST-103900,2025-06-10,United Kingdom,Mobile,Direct,13,80,438.9,0.291,48,2,0,0.0,10,4,0,0.822,0,0.0,0.0,6.15,73.68,Product Researchers,0,Product Researchers
CUST-103901,2025-05-20,France,Mobile,Email,12,81,514.3,0.331,47,2,0,0.0,64,1,0,0.084,1,0.0,0.0,6.75,77.99,Engaged Non-Buyers,0,Product Researchers
CUST-103902,2025-06-24,United States,Tablet,Email,14,99,494.4,0.13,47,7,0,0.0,33,3,0,0.681,1,0.0,0.0,7.07,83.02,Engaged Non-Buyers,0,Product Researchers
CUST-103903,2025-02-24,United Kingdom,Desktop,Direct,19,96,324.1,0.131,42,5,3,211.31,38,3,3,0.779,1,0.1579,0.6,5.05,66.63,Deal Seekers,4,Engaged Non-Buyers
CUST-103904,2025-04-24,United States,Desktop,Organic Search,18,104,482.7,0.105,43,3,0,0.0,49,2,0,0.203,1,0.0,0.0,5.78,77.79,Engaged Non-Buyers,0,Product Researchers
CUST-103905,2025-04-24,United Kingdom,Mobile,Organic Search,31,149,392.4,0.167,52,15,8,848.64,11,0,0,0.32,1,0.2581,0.5333,4.81,71.46,High Value Loyal,2,High Value Loyal Customers
CUST-103906,2025-04-10,United Kingdom,Mobile,Paid Search,32,161,627.1,0.139,63,11,6,543.24,10,1,0,0.025,1,0.1875,0.5455,5.03,86.64,High Value Loyal,2,High Value Loyal Customers
CUST-103907,2025-05-27,United States,Desktop,Email,20,99,380.2,0.368,49,2,0,0.0,60,3,0,0.529,1,0.0,0.0,4.95,65.34,Product Researchers,0,Product Researchers
CUST-103908,2025-05-19,United Kingdom,Mobile,Organic Search,16,88,399.2,0.674,36,5,1,54.63,5,7,0,0.514,1,0.0625,0.2,5.5,56.36,Deal Seekers,4,Engaged Non-Buyers
CUST-103909,2025-02-28,United States,Tablet,Paid Social,23,92,338.4,0.103,32,2,0,0.0,44,3,0,0.288,1,0.0,0.0,4.0,61.7,Engaged Non-Buyers,0,Product Researchers
CUST-103910,2025-01-24,United Kingdom,Mobile,Email,29,155,463.9,0.204,69,13,6,707.21,10,2,0,0.611,1,0.2069,0.4615,5.34,79.79,High Value Loyal,2,High Value Loyal Customers
CUST-103911,2025-04-26,United Kingdom,Mobile,Direct,17,102,409.2,0.381,52,2,0,0.0,44,2,0,0.272,1,0.0,0.0,6.0,70.67,Engaged Non-Buyers,0,Product Researchers
CUST-103912,2025-04-29,United Kingdom,Mobile,Display,16,76,324.7,0.17,34,1,3,249.5,42,2,0,0.804,1,0.1875,1.0,4.75,62.3,Deal Seekers,4,Engaged Non-Buyers
CUST-103913,2025-01-11,United Kingdom,Mobile,Direct,4,19,155.7,0.714,7,0,0,0.0,102,0,0,0.158,0,0.0,0.0,4.75,31.93,One-time Visitors,3,Engaged Non-Buyers
CUST-103914,2025-02-28,India,Mobile,Email,20,130,419.3,0.053,63,11,5,570.33,8,1,1,0.224,1,0.25,0.4545,6.5,84.33,High Value Loyal,2,High Value Loyal Customers
CUST-103915,2025-02-10,India,Desktop,Display,12,76,600.2,0.062,43,6,0,0.0,39,1,1,0.355,1,0.0,0.0,6.33,86.48,Engaged Non-Buyers,0,Product Researchers
CUST-103916,2025-02-08,India,Desktop,Display,15,101,401.9,0.351,54,4,0,0.0,25,0,0,0.216,0,0.0,0.0,6.73,73.97,Engaged Non-Buyers,0,Product Researchers
CUST-103917,2025-03-27,United Kingdom,Mobile,Organic Search,2,16,64.8,0.799,6,0,0,0.0,141,0,0,0.27,0,0.0,0.0,8.0,35.12,One-time Visitors,1,Low Engagement / At-Risk Visitors
CUST-103918,2025-04-12,United Kingdom,Desktop,Paid Search,14,90,650.5,0.337,38,2,0,0.0,56,2,0,0.267,0,0.0,0.0,6.43,78.36,Engaged Non-Buyers,0,Product Researchers
CUST-103919,2025-02-28,Canada,Mobile,Direct,3,13,147.3,0.701,6,0,0,0.0,169,0,0,0.357,0,0.0,0.0,4.33,30.24,One-time Visitors,3,Engaged Non-Buyers
CUST-103920,2025-01-16,Germany,Tablet,Paid Search,17,96,532.0,0.409,52,4,1,53.61,6,1,1,0.085,0,0.0588,0.25,5.65,75.03,Engaged Non-Buyers,0,Product Researchers
CUST-103921,2025-03-29,Germany,Desktop,Paid Search,2,12,27.2,0.753,7,1,0,0.0,91,0,0,0.056,0,0.0,0.0,6.0,28.44,One-time Visitors,3,Engaged Non-Buyers
CUST-103922,2025-03-05,United Kingdom,Mobile,Paid Search,25,126,411.7,0.383,37,2,0,0.0,19,1,0,0.609,1,0.0,0.0,5.04,63.15,Engaged Non-Buyers,0,Product Researchers
CUST-103923,2025-04-16,United Kingdom,Desktop,Referral,22,149,473.1,0.407,64,3,1,81.01,74,0,2,0.293,0,0.0455,0.3333,6.77,79.34,Product Researchers,0,Product Researchers
CUST-103924,2025-05-18,United Kingdom,Desktop,Direct,2,10,71.5,0.737,7,0,0,0.0,112,0,1,0.146,0,0.0,0.0,5.0,27.92,One-time Visitors,3,Engaged Non-Buyers
CUST-103925,2025-04-25,India,Mobile,Organic Search,18,116,485.4,0.311,57,2,1,63.63,46,1,2,0.556,1,0.0556,0.5,6.44,79.18,Product Researchers,0,Product Researchers
CUST-103926,2025-01-10,United Kingdom,Mobile,Organic Search,22,96,325.8,0.364,45,5,0,0.0,57,1,2,0.226,1,0.0,0.0,4.36,59.68,Engaged Non-Buyers,0,Product Researchers
CUST-103927,2025-03-29,United Kingdom,Mobile,Paid Social,23,132,538.3,0.076,59,14,4,524.55,8,2,2,0.239,1,0.1739,0.2857,5.74,86.11,High Value Loyal,2,High Value Loyal Customers
CUST-103928,2025-03-13,India,Tablet,Paid Search,2,9,62.8,0.712,3,0,0,0.0,140,1,0,0.243,0,0.0,0.0,4.5,25.33,One-time Visitors,3,Engaged Non-Buyers
CUST-103929,2025-03-10,United States,Desktop,Paid Search,17,106,272.7,0.168,41,3,3,189.4,18,2,0,0.863,1,0.1765,1.0,6.24,66.53,Deal Seekers,4,Engaged Non-Buyers
CUST-103930,2025-05-31,Netherlands,Mobile,Paid Social,3,24,128.2,0.693,8,1,0,0.0,51,0,0,0.369,0,0.0,0.0,8.0,41.55,One-time Visitors,1,Low Engagement / At-Risk Visitors
CUST-103931,2025-05-20,United States,Mobile,Direct,12,85,287.0,0.236,39,1,1,61.79,30,3,1,0.951,1,0.0833,1.0,7.08,67.59,Deal Seekers,4,Engaged Non-Buyers
CUST-103932,2025-05-31,United Kingdom,Mobile,Paid Social,18,97,392.6,0.057,38,3,4,214.04,11,2,0,0.802,1,0.2222,1.0,5.39,71.74,Deal Seekers,4,Engaged Non-Buyers
CUST-103933,2025-04-25,United Kingdom,Mobile,Organic Search,2,13,45.6,0.791,6,0,1,54.91,91,1,0,0.321,0,0.5,0.0,6.5,29.67,One-time Visitors,3,Engaged Non-Buyers
CUST-103934,2025-03-05,United States,Mobile,Paid Search,17,104,342.0,0.258,56,3,1,73.65,36,1,0,0.211,0,0.0588,0.3333,6.12,72.01,Product Researchers,0,Product Researchers
CUST-103935,2025-06-04,India,Mobile,Direct,2,10,81.2,0.834,3,0,0,0.0,147,0,0,0.217,0,0.0,0.0,5.0,24.77,One-time Visitors,3,Engaged Non-Buyers
CUST-103936,2025-02-25,India,Desktop,Organic Search,1,7,98.3,0.718,6,2,0,0.0,141,0,0,0.594,0,0.0,0.0,7.0,35.7,One-time Visitors,1,Low Engagement / At-Risk Visitors
CUST-103937,2025-05-09,United States,Mobile,Organic Search,33,156,436.0,0.38,57,11,2,255.92,7,4,3,0.392,1,0.0606,0.1818,4.73,69.61,High Value Loyal,2,High Value Loyal Customers
CUST-103938,2025-06-28,United States,Mobile,Paid Search,2,17,106.7,0.591,2,1,0,0.0,80,0,0,0.193,0,0.0,0.0,8.5,41.17,One-time Visitors,1,Low Engagement / At-Risk Visitors
CUST-103939,2025-04-01,Australia,Desktop,Display,15,84,317.9,0.233,44,3,4,232.31,40,1,1,0.224,1,0.2667,1.0,5.6,66.11,Deal Seekers,4,Engaged Non-Buyers
CUST-103940,2025-02-21,United Kingdom,Mobile,Direct,16,97,462.6,0.257,54,0,0,0.0,35,0,1,0.184,1,0.0,0.0,6.06,77.27,Product Researchers,0,Product Researchers
CUST-103941,2025-03-17,Netherlands,Mobile,Organic Search,20,129,481.0,0.186,68,0,0,0.0,31,1,0,0.467,0,0.0,0.0,6.45,84.55,Product Researchers,0,Product Researchers
CUST-103942,2025-06-16,Australia,Mobile,Paid Social,17,101,410.9,0.459,52,2,1,90.97,20,4,4,0.504,1,0.0588,0.5,5.94,68.64,Product Researchers,4,Engaged Non-Buyers
CUST-103943,2025-03-06,Netherlands,Mobile,Email,16,81,316.1,0.507,38,5,3,293.24,35,1,0,0.878,1,0.1875,0.6,5.06,55.64,Deal Seekers,4,Engaged Non-Buyers
CUST-103944,2025-03-16,United Kingdom,Desktop,Paid Search,22,113,272.2,0.3,53,4,3,165.29,5,4,1,0.992,1,0.1364,0.75,5.14,63.46,Deal Seekers,4,Engaged Non-Buyers
CUST-103945,2025-05-05,Germany,Mobile,Organic Search,6,31,114.7,0.764,10,0,0,0.0,59,0,0,0.219,0,0.0,0.0,5.17,30.85,One-time Visitors,3,Engaged Non-Buyers
CUST-103946,2025-05-27,United Kingdom,Desktop,Organic Search,4,14,47.9,0.376,5,0,0,0.0,66,0,0,0.285,0,0.0,0.0,3.5,30.47,One-time Visitors,3,Engaged Non-Buyers
CUST-103947,2025-04-27,India,Mobile,Organic Search,19,115,452.6,0.319,50,9,1,67.49,8,1,1,0.935,1,0.0526,0.1111,6.05,73.95,Deal Seekers,4,Engaged Non-Buyers
CUST-103948,2025-05-26,United States,Mobile,Paid Social,4,13,145.2,0.695,4,1,0,0.0,137,0,0,0.452,0,0.0,0.0,3.25,26.28,One-time Visitors,3,Engaged Non-Buyers
CUST-103949,2025-05-23,India,Mobile,Direct,25,124,387.7,0.115,53,11,5,590.62,10,1,3,0.254,1,0.2,0.4545,4.96,73.31,High Value Loyal,2,High Value Loyal Customers
CUST-103950,2025-04-03,Australia,Desktop,Organic Search,3,12,61.3,0.656,2,0,0,0.0,164,1,0,0.17,0,0.0,0.0,4.0,24.78,One-time Visitors,3,Engaged Non-Buyers
CUST-103951,2025-06-26,India,Desktop,Paid Search,20,116,326.9,0.315,49,5,1,86.19,20,2,1,0.991,1,0.05,0.2,5.8,66.68,Deal Seekers,4,Engaged Non-Buyers
CUST-103952,2025-01-08,United Kingdom,Mobile,Organic Search,26,113,374.8,0.536,47,5,0,0.0,26,1,1,0.611,1,0.0,0.0,4.35,58.39,Deal Seekers,0,Product Researchers
CUST-103953,2025-03-16,United States,Desktop,Paid Social,1,10,93.8,0.645,6,1,0,0.0,124,0,0,0.161,1,0.0,0.0,10.0,40.4,One-time Visitors,1,Low Engagement / At-Risk Visitors
CUST-103954,2025-03-21,United States,Mobile,Paid Social,15,99,286.1,0.534,58,1,1,64.83,35,2,1,0.247,0,0.0667,1.0,6.6,64.42,Product Researchers,4,Engaged Non-Buyers
CUST-103955,2025-03-29,France,Mobile,Paid Search,14,100,483.0,0.641,59,2,1,45.98,8,2,0,0.087,0,0.0714,0.5,7.14,73.6,Product Researchers,0,Product Researchers
CUST-103956,2025-01-22,United Kingdom,Mobile,Paid Search,16,93,332.4,0.076,51,7,1,58.51,14,1,0,0.703,1,0.0625,0.1429,5.81,73.59,Deal Seekers,4,Engaged Non-Buyers
CUST-103957,2025-05-25,India,Mobile,Direct,4,20,20.0,0.701,5,0,0,0.0,130,1,0,0.061,0,0.0,0.0,5.0,25.64,One-time Visitors,3,Engaged Non-Buyers
CUST-103958,2025-02-10,United Kingdom,Mobile,Paid Search,17,110,216.5,0.307,42,7,3,184.79,27,3,2,0.564,1,0.1765,0.4286,6.47,61.28,Deal Seekers,4,Engaged Non-Buyers
CUST-103959,2025-04-27,United States,Mobile,Organic Search,4,23,42.2,0.762,10,0,0,0.0,102,0,0,0.369,0,0.0,0.0,5.75,29.1,One-time Visitors,3,Engaged Non-Buyers
CUST-103960,2025-03-03,France,Desktop,Direct,26,159,760.8,0.106,73,14,6,689.67,8,2,0,0.346,1,0.2308,0.4286,6.12,91.45,High Value Loyal,2,High Value Loyal Customers
CUST-103961,2025-04-01,United States,Desktop,Organic Search,21,89,558.2,0.241,29,5,1,49.99,47,2,1,0.252,1,0.0476,0.2,4.24,69.06,Engaged Non-Buyers,0,Product Researchers
CUST-103962,2025-02-07,Australia,Mobile,Paid Social,21,109,597.6,0.226,51,7,0,0.0,47,2,0,0.232,1,0.0,0.0,5.19,81.15,Engaged Non-Buyers,0,Product Researchers
CUST-103963,2025-01-17,France,Desktop,Direct,16,86,439.1,0.285,40,8,2,126.85,5,3,0,0.861,1,0.125,0.25,5.38,68.93,Deal Seekers,4,Engaged Non-Buyers
CUST-103964,2025-04-23,Germany,Desktop,Paid Search,15,100,378.8,0.354,54,1,0,0.0,63,0,1,0.443,1,0.0,0.0,6.67,72.54,Product Researchers,0,Product Researchers
CUST-103965,2025-03-25,United Kingdom,Mobile,Organic Search,23,124,487.2,0.071,55,9,9,743.05,10,0,0,0.65,1,0.3913,1.0,5.39,81.35,High Value Loyal,2,High Value Loyal Customers
CUST-103966,2025-01-11,Netherlands,Desktop,Paid Social,14,103,390.5,0.28,66,1,2,146.25,11,0,0,0.474,1,0.1429,1.0,7.36,80.5,Product Researchers,4,Engaged Non-Buyers
CUST-103967,2025-02-10,United States,Desktop,Organic Search,17,86,687.2,0.413,46,3,1,53.16,46,3,0,0.252,1,0.0588,0.3333,5.06,74.64,Engaged Non-Buyers,0,Product Researchers
CUST-103968,2025-05-12,Germany,Mobile,Paid Search,4,20,118.3,0.8,4,1,0,0.0,142,0,0,0.208,0,0.0,0.0,5.0,27.77,One-time Visitors,3,Engaged Non-Buyers
CUST-103969,2025-02-19,India,Mobile,Paid Search,26,135,477.5,0.194,59,13,8,1223.95,10,0,0,0.358,1,0.3077,0.6154,5.19,78.42,High Value Loyal,2,High Value Loyal Customers
CUST-103970,2025-05-19,United States,Desktop,Organic Search,14,80,338.8,0.141,46,1,0,0.0,11,2,1,0.271,0,0.0,0.0,5.71,70.43,Engaged Non-Buyers,0,Product Researchers
CUST-103971,2025-05-24,United Kingdom,Mobile,Paid Search,24,123,475.7,0.305,56,3,1,70.1,39,3,1,0.215,0,0.0417,0.3333,5.12,74.42,Product Researchers,0,Product Researchers
CUST-103972,2025-01-09,United Kingdom,Desktop,Organic Search,39,168,475.2,0.115,61,10,4,520.59,12,1,0,0.217,1,0.1026,0.4,4.31,78.11,High Value Loyal,2,High Value Loyal Customers
CUST-103973,2025-04-27,Germany,Mobile,Referral,14,85,512.3,0.479,44,3,1,65.54,74,1,2,0.222,1,0.0714,0.3333,6.07,71.15,Product Researchers,0,Product Researchers
CUST-103974,2025-04-05,United States,Desktop,Organic Search,30,164,665.8,0.422,65,12,4,422.42,5,4,1,0.069,1,0.1333,0.3333,5.47,81.54,High Value Loyal,2,High Value Loyal Customers
CUST-103975,2025-03-13,United Kingdom,Desktop,Email,20,93,578.3,0.198,41,3,1,40.85,19,2,0,0.288,1,0.05,0.3333,4.65,76.12,Engaged Non-Buyers,0,Product Researchers
CUST-103976,2025-06-07,United Kingdom,Mobile,Direct,16,109,277.7,0.754,59,0,1,98.36,73,0,0,0.653,1,0.0625,0.0,6.81,59.47,Product Researchers,0,Product Researchers
CUST-103977,2025-01-08,United Kingdom,Desktop,Organic Search,15,97,510.3,0.347,49,4,0,0.0,68,2,1,0.502,1,0.0,0.0,6.47,77.13,Product Researchers,0,Product Researchers
CUST-103978,2025-01-05,France,Tablet,Paid Search,16,92,491.1,0.429,35,3,0,0.0,24,2,2,0.26,1,0.0,0.0,5.75,67.58,Engaged Non-Buyers,0,Product Researchers
CUST-103979,2025-03-07,United Kingdom,Desktop,Paid Search,13,92,351.5,0.229,54,2,0,0.0,14,1,3,0.476,1,0.0,0.0,7.08,75.58,Product Researchers,0,Product Researchers
CUST-103980,2025-03-20,United States,Mobile,Paid Social,26,146,542.0,0.131,75,6,5,443.15,14,0,3,0.063,1,0.1923,0.8333,5.62,86.37,High Value Loyal,2,High Value Loyal Customers
CUST-103981,2025-05-05,India,Mobile,Organic Search,26,141,596.2,0.178,64,10,7,823.97,9,0,0,0.205,1,0.2692,0.7,5.42,86.99,High Value Loyal,2,High Value Loyal Customers
CUST-103982,2025-02-16,United Kingdom,Mobile,Paid Social,16,86,426.0,0.265,48,4,2,159.07,19,2,1,0.779,1,0.125,0.5,5.38,71.24,Deal Seekers,4,Engaged Non-Buyers
CUST-103983,2025-01-05,United Kingdom,Mobile,Email,2,12,104.5,0.731,7,0,0,0.0,87,0,0,0.49,0,0.0,0.0,6.0,32.84,One-time Visitors,3,Engaged Non-Buyers
CUST-103984,2025-06-16,United States,Desktop,Organic Search,1,5,149.6,0.619,2,0,0,0.0,170,0,0,0.191,0,0.0,0.0,5.0,33.24,One-time Visitors,3,Engaged Non-Buyers
CUST-103985,2025-02-09,India,Mobile,Organic Search,18,89,479.6,0.076,44,5,3,195.28,12,0,2,0.874,1,0.1667,0.6,4.94,76.07,Deal Seekers,4,Engaged Non-Buyers
CUST-103986,2025-05-04,United Kingdom,Mobile,Paid Search,14,80,384.7,0.385,42,6,3,138.35,27,3,1,0.887,1,0.2143,0.5,5.71,65.39,Deal Seekers,4,Engaged Non-Buyers
CUST-103987,2025-01-08,United States,Mobile,Email,24,123,504.9,0.082,55,6,5,405.6,6,3,3,0.303,1,0.2083,0.8333,5.12,81.14,High Value Loyal,2,High Value Loyal Customers
CUST-103988,2025-06-23,United Kingdom,Mobile,Paid Social,25,145,434.8,0.189,63,8,6,505.7,5,0,0,0.422,1,0.24,0.75,5.8,79.53,High Value Loyal,2,High Value Loyal Customers
CUST-103989,2025-01-16,Netherlands,Mobile,Paid Search,2,13,102.8,0.587,5,0,0,0.0,107,2,0,0.221,1,0.0,0.0,6.5,37.32,One-time Visitors,3,Engaged Non-Buyers
CUST-103990,2025-03-06,Netherlands,Desktop,Direct,3,15,131.4,0.824,3,1,0,0.0,51,0,0,0.294,1,0.0,0.0,5.0,27.51,One-time Visitors,3,Engaged Non-Buyers
CUST-103991,2025-02-25,United States,Mobile,Paid Search,17,105,529.8,0.263,59,1,0,0.0,32,2,0,0.429,1,0.0,0.0,6.18,82.37,Product Researchers,0,Product Researchers
CUST-103992,2025-01-26,India,Desktop,Direct,2,14,132.2,0.541,2,0,0,0.0,117,0,0,0.389,0,0.0,0.0,7.0,40.59,One-time Visitors,1,Low Engagement / At-Risk Visitors
CUST-103993,2025-04-21,India,Desktop,Referral,17,98,291.9,0.081,50,1,1,79.45,43,1,2,0.46,1,0.0588,1.0,5.76,70.97,Product Researchers,4,Engaged Non-Buyers
CUST-103994,2025-04-13,United States,Desktop,Direct,26,130,502.1,0.216,63,15,5,446.47,14,2,3,0.377,1,0.1923,0.3333,5.0,79.72,High Value Loyal,2,High Value Loyal Customers
CUST-103995,2025-05-07,United States,Mobile,Organic Search,36,176,605.8,0.208,63,15,4,480.37,10,0,0,0.32,1,0.1111,0.2667,4.89,84.45,High Value Loyal,2,High Value Loyal Customers
CUST-103996,2025-01-08,United Kingdom,Desktop,Direct,2,21,48.7,0.895,9,0,0,0.0,146,1,0,0.042,0,0.0,0.0,10.5,32.82,One-time Visitors,1,Low Engagement / At-Risk Visitors
CUST-103997,2025-03-07,United Kingdom,Desktop,Paid Search,22,110,611.1,0.394,44,1,1,113.77,20,2,1,0.326,1,0.0455,1.0,5.0,74.31,Engaged Non-Buyers,4,Engaged Non-Buyers
CUST-103998,2025-04-21,Australia,Mobile,Organic Search,22,111,521.2,0.234,45,3,0,0.0,47,3,0,0.304,1,0.0,0.0,5.05,74.82,Engaged Non-Buyers,0,Product Researchers
CUST-103999,2025-05-31,United Kingdom,Mobile,Organic Search,20,101,364.8,0.323,40,7,0,0.0,8,1,2,0.625,1,0.0,0.0,5.05,63.26,Deal Seekers,0,Product Researchers
CUST-104000,2025-02-17,United Kingdom,Mobile,Paid Social,5,25,20.0,0.811,4,0,0,0.0,168,0,0,0.234,0,0.0,0.0,5.0,22.57,One-time Visitors,3,Engaged Non-Buyers
CUST-104001,2025-04-22,India,Mobile,Direct,2,9,71.4,0.86,4,0,0,0.0,75,0,0,0.598,0,0.0,0.0,4.5,22.36,One-time Visitors,3,Engaged Non-Buyers
CUST-104002,2025-04-17,India,Mobile,Paid Search,1,6,129.8,0.78,4,1,0,0.0,115,0,0,0.328,0,0.0,0.0,6.0,31.97,One-time Visitors,3,Engaged Non-Buyers
CUST-104003,2025-06-04,Canada,Mobile,Paid Search,22,119,552.2,0.281,54,2,0,0.0,19,1,0,0.541,1,0.0,0.0,5.41,79.1,Engaged Non-Buyers,0,Product Researchers
CUST-104004,2025-03-11,Germany,Mobile,Paid Search,19,102,538.7,0.129,36,1,0,0.0,60,2,3,0.4,1,0.0,0.0,5.37,76.56,Engaged Non-Buyers,0,Product Researchers
CUST-104005,2025-03-07,United Kingdom,Tablet,Direct,17,102,362.7,0.238,41,10,1,79.06,13,3,0,0.832,1,0.0588,0.1,6.0,68.55,Deal Seekers,4,Engaged Non-Buyers
CUST-104006,2025-02-10,United Kingdom,Mobile,Direct,1,15,77.8,0.899,6,1,0,0.0,45,0,0,0.226,0,0.0,0.0,15.0,33.26,One-time Visitors,1,Low Engagement / At-Risk Visitors
CUST-104007,2025-04-27,United States,Desktop,Organic Search,12,97,270.2,0.405,65,2,0,0.0,53,2,0,0.624,1,0.0,0.0,8.08,73.39,Product Researchers,0,Product Researchers
CUST-104008,2025-06-11,India,Mobile,Organic Search,20,98,481.5,0.169,39,5,0,0.0,63,4,1,0.067,1,0.0,0.0,4.9,72.16,Engaged Non-Buyers,0,Product Researchers
CUST-104009,2025-06-13,United Kingdom,Mobile,Paid Search,14,77,389.9,0.483,34,2,0,0.0,34,2,2,0.382,1,0.0,0.0,5.5,60.06,Engaged Non-Buyers,0,Product Researchers
CUST-104010,2025-05-28,Germany,Mobile,Paid Search,20,107,480.5,0.087,45,1,0,0.0,59,1,1,0.555,1,0.0,0.0,5.35,77.42,Engaged Non-Buyers,0,Product Researchers
CUST-104011,2025-06-29,France,Tablet,Organic Search,1,6,65.5,0.879,5,0,0,0.0,78,0,0,0.032,0,0.0,0.0,6.0,26.6,One-time Visitors,3,Engaged Non-Buyers
CUST-104012,2025-04-22,United Kingdom,Mobile,Organic Search,16,97,475.5,0.234,57,6,0,0.0,32,2,1,0.333,1,0.0,0.0,6.06,79.4,Engaged Non-Buyers,0,Product Researchers
CUST-104013,2025-04-20,India,Desktop,Organic Search,29,139,583.1,0.073,60,7,3,257.49,4,2,0,0.302,1,0.1034,0.4286,4.79,85.76,High Value Loyal,2,High Value Loyal Customers
CUST-104014,2025-01-19,Australia,Mobile,Organic Search,32,156,421.3,0.07,60,13,5,721.93,2,3,0,0.266,1,0.1562,0.3846,4.88,78.02,High Value Loyal,2,High Value Loyal Customers
CUST-104015,2025-02-10,United Kingdom,Desktop,Organic Search,13,73,304.4,0.609,42,1,0,0.0,70,2,1,0.505,1,0.0,0.0,5.62,55.46,Product Researchers,0,Product Researchers
CUST-104016,2025-06-03,Canada,Mobile,Paid Search,1,10,91.9,0.885,7,0,0,0.0,108,1,0,0.194,1,0.0,0.0,10.0,34.62,One-time Visitors,1,Low Engagement / At-Risk Visitors
CUST-104017,2025-02-20,United Kingdom,Desktop,Referral,5,14,104.6,0.839,4,0,0,0.0,140,0,0,0.112,0,0.0,0.0,2.8,19.23,One-time Visitors,3,Engaged Non-Buyers
CUST-104018,2025-02-06,Germany,Mobile,Paid Search,13,83,396.4,0.506,52,1,1,58.55,10,3,1,0.08,1,0.0769,1.0,6.38,68.13,Engaged Non-Buyers,4,Engaged Non-Buyers
CUST-104019,2025-03-05,France,Mobile,Organic Search,36,180,646.2,0.113,78,12,5,347.97,7,7,1,0.296,1,0.1389,0.4167,5.0,87.79,High Value Loyal,2,High Value Loyal Customers
CUST-104020,2025-06-21,Australia,Mobile,Organic Search,3,15,49.0,0.848,7,1,0,0.0,122,0,0,0.285,0,0.0,0.0,5.0,24.03,One-time Visitors,3,Engaged Non-Buyers
CUST-104021,2025-05-13,India,Mobile,Organic Search,14,87,461.2,0.114,46,1,2,115.05,74,3,1,0.415,0,0.1429,1.0,6.21,78.77,Product Researchers,4,Engaged Non-Buyers
CUST-104022,2025-06-17,United Kingdom,Mobile,Organic Search,14,88,407.5,0.541,39,6,4,148.73,17,4,1,0.658,1,0.2857,0.6667,6.29,63.49,Deal Seekers,4,Engaged Non-Buyers
CUST-104023,2025-02-04,United Kingdom,Mobile,Direct,10,87,426.9,0.135,51,4,0,0.0,51,1,1,0.557,0,0.0,0.0,8.7,83.66,Product Researchers,0,Product Researchers
CUST-104024,2025-01-22,United States,Mobile,Organic Search,2,3,68.2,0.947,3,0,0,0.0,53,0,0,0.309,0,0.0,0.0,1.5,10.34,One-time Visitors,3,Engaged Non-Buyers
CUST-104025,2025-03-01,United States,Mobile,Referral,13,84,350.5,0.278,49,5,1,83.49,44,4,1,0.723,1,0.0769,0.2,6.46,70.83,Deal Seekers,4,Engaged Non-Buyers
CUST-104026,2025-06-21,Australia,Desktop,Paid Social,21,110,516.8,0.473,46,3,0,0.0,50,0,0,0.511,0,0.0,0.0,5.24,69.53,Engaged Non-Buyers,0,Product Researchers
CUST-104027,2025-01-13,United Kingdom,Mobile,Paid Search,19,94,306.9,0.235,36,3,2,128.48,29,3,2,0.896,1,0.1053,0.6667,4.95,61.0,Deal Seekers,4,Engaged Non-Buyers
CUST-104028,2025-05-05,United States,Tablet,Direct,23,141,466.4,0.129,62,16,10,762.29,6,1,1,0.153,1,0.4348,0.625,6.13,83.34,High Value Loyal,2,High Value Loyal Customers
CUST-104029,2025-05-18,United Kingdom,Desktop,Direct,19,106,356.3,0.046,57,2,1,98.32,29,0,1,0.323,1,0.0526,0.5,5.58,76.63,Product Researchers,0,Product Researchers
CUST-104030,2025-05-28,India,Mobile,Organic Search,2,11,146.3,0.726,6,0,0,0.0,67,1,0,0.272,0,0.0,0.0,5.5,33.2,One-time Visitors,3,Engaged Non-Buyers
CUST-104031,2025-04-07,United States,Mobile,Email,2,9,99.4,0.826,4,0,0,0.0,128,0,0,0.118,0,0.0,0.0,4.5,24.62,One-time Visitors,3,Engaged Non-Buyers
CUST-104032,2025-03-06,United Kingdom,Desktop,Paid Search,19,87,475.1,0.268,43,4,0,0.0,47,5,1,0.177,1,0.0,0.0,4.58,69.61,Engaged Non-Buyers,0,Product Researchers
CUST-104033,2025-04-30,United States,Mobile,Direct,17,88,375.2,0.025,33,8,4,382.41,24,3,0,0.841,1,0.2353,0.5,5.18,69.48,Deal Seekers,4,Engaged Non-Buyers
CUST-104034,2025-03-20,Canada,Mobile,Email,14,100,368.8,0.233,51,7,4,174.12,6,1,1,0.858,1,0.2857,0.5714,7.14,75.62,Deal Seekers,4,Engaged Non-Buyers
CUST-104035,2025-02-10,India,Mobile,Organic Search,20,107,372.2,0.165,49,9,2,126.17,15,1,1,0.813,1,0.1,0.2222,5.35,71.28,Deal Seekers,4,Engaged Non-Buyers
CUST-104036,2025-02-16,United Kingdom,Mobile,Direct,23,92,434.4,0.239,32,9,4,254.87,29,2,1,0.578,0,0.1739,0.4444,4.0,63.1,Deal Seekers,4,Engaged Non-Buyers
CUST-104037,2025-03-21,India,Mobile,Paid Search,14,84,459.0,0.143,45,2,0,0.0,27,0,2,0.686,0,0.0,0.0,6.0,76.96,Product Researchers,0,Product Researchers
CUST-104038,2025-01-06,United Kingdom,Mobile,Display,18,98,504.2,0.343,38,2,0,0.0,42,2,1,0.229,1,0.0,0.0,5.44,70.35,Engaged Non-Buyers,0,Product Researchers
CUST-104039,2025-06-14,United States,Mobile,Referral,3,13,146.4,0.599,4,0,1,28.99,56,0,0,0.045,0,0.3333,0.0,4.33,32.11,One-time Visitors,3,Engaged Non-Buyers
CUST-104040,2025-04-05,United Kingdom,Mobile,Paid Search,20,106,348.1,0.432,43,8,2,172.4,41,3,3,0.649,1,0.1,0.25,5.3,61.41,Deal Seekers,4,Engaged Non-Buyers
CUST-104041,2025-03-07,India,Mobile,Organic Search,14,87,746.5,0.39,47,1,0,0.0,53,1,0,0.246,1,0.0,0.0,6.21,79.13,Engaged Non-Buyers,0,Product Researchers
CUST-104042,2025-03-02,United States,Mobile,Organic Search,17,120,448.6,0.57,62,3,1,83.89,46,1,1,0.644,1,0.0588,0.3333,7.06,74.31,Product Researchers,0,Product Researchers
CUST-104043,2025-02-12,Australia,Mobile,Paid Search,26,157,413.4,0.141,69,10,8,792.27,8,0,0,0.245,1,0.3077,0.8,6.04,81.01,High Value Loyal,2,High Value Loyal Customers
CUST-104044,2025-02-03,United Kingdom,Mobile,Organic Search,30,156,483.2,0.236,72,13,7,777.05,6,3,0,0.22,1,0.2333,0.5385,5.2,79.52,High Value Loyal,2,High Value Loyal Customers
CUST-104045,2025-06-16,Canada,Desktop,Direct,14,97,461.5,0.698,57,3,0,0.0,69,1,2,0.501,1,0.0,0.0,6.93,69.82,Product Researchers,0,Product Researchers
CUST-104046,2025-06-11,India,Tablet,Paid Social,18,85,487.0,0.092,38,7,2,127.86,15,1,1,0.837,1,0.1111,0.2857,4.72,73.5,Deal Seekers,4,Engaged Non-Buyers
CUST-104047,2025-02-14,United Kingdom,Mobile,Paid Search,13,73,382.5,0.183,45,3,2,183.62,39,3,1,0.572,1,0.1538,0.6667,5.62,70.95,Deal Seekers,4,Engaged Non-Buyers
CUST-104048,2025-04-23,United States,Desktop,Organic Search,14,86,515.5,0.233,42,1,1,91.12,36,3,3,0.451,1,0.0714,1.0,6.14,77.08,Product Researchers,4,Engaged Non-Buyers
CUST-104049,2025-04-14,United Kingdom,Mobile,Direct,2,16,68.9,0.935,9,0,1,64.71,178,1,0,0.303,0,0.5,0.0,8.0,32.85,One-time Visitors,1,Low Engagement / At-Risk Visitors
CUST-104050,2025-06-10,Germany,Desktop,Organic Search,17,90,519.7,0.421,38,1,0,0.0,32,3,0,0.264,1,0.0,0.0,5.29,68.7,Engaged Non-Buyers,0,Product Researchers
CUST-104051,2025-03-03,Germany,Desktop,Organic Search,39,178,435.0,0.299,67,10,4,375.79,8,1,0,0.25,1,0.1026,0.4,4.56,73.54,High Value Loyal,2,High Value Loyal Customers
CUST-104052,2025-03-23,United States,Mobile,Paid Search,21,102,609.3,0.25,39,4,0,0.0,40,0,1,0.46,0,0.0,0.0,4.86,75.93,Engaged Non-Buyers,0,Product Researchers
CUST-104053,2025-06-13,United Kingdom,Mobile,Display,9,79,372.7,0.358,60,3,0,0.0,23,3,0,0.156,1,0.0,0.0,8.78,78.16,Product Researchers,0,Product Researchers
CUST-104054,2025-05-30,United Kingdom,Mobile,Direct,24,109,242.7,0.233,36,2,5,418.13,22,2,0,0.64,1,0.2083,1.0,4.54,56.58,Deal Seekers,4,Engaged Non-Buyers
CUST-104055,2025-06-24,Canada,Mobile,Paid Social,19,103,358.7,0.251,33,6,1,73.16,29,1,1,0.79,0,0.0526,0.1667,5.42,63.76,Deal Seekers,4,Engaged Non-Buyers
CUST-104056,2025-05-18,Netherlands,Mobile,Paid Social,17,96,371.6,0.256,35,12,1,43.1,29,3,2,0.897,1,0.0588,0.0833,5.65,65.6,Deal Seekers,4,Engaged Non-Buyers
CUST-104057,2025-01-01,United Kingdom,Mobile,Organic Search,15,78,625.4,0.25,47,2,1,107.69,49,1,1,0.503,0,0.0667,0.5,5.2,79.47,Product Researchers,0,Product Researchers
CUST-104058,2025-03-25,United States,Desktop,Organic Search,21,98,461.7,0.329,50,3,1,71.64,32,4,0,0.527,1,0.0476,0.3333,4.67,69.82,Product Researchers,4,Engaged Non-Buyers
CUST-104059,2025-04-07,United States,Tablet,Referral,16,93,593.4,0.183,48,1,0,0.0,34,1,0,0.119,0,0.0,0.0,5.81,83.02,Engaged Non-Buyers,0,Product Researchers
CUST-104060,2025-06-26,France,Mobile,Organic Search,20,98,290.7,0.167,38,9,3,231.22,43,2,2,0.985,0,0.15,0.3333,4.9,62.37,Deal Seekers,4,Engaged Non-Buyers
CUST-104061,2025-04-27,Canada,Mobile,Organic Search,18,101,303.9,0.403,42,7,2,126.46,9,1,0,0.36,1,0.1111,0.2857,5.61,60.59,Deal Seekers,4,Engaged Non-Buyers
CUST-104062,2025-03-31,Netherlands,Desktop,Organic Search,20,91,478.4,0.294,37,5,0,0.0,63,2,2,0.4,1,0.0,0.0,4.55,67.18,Engaged Non-Buyers,0,Product Researchers
CUST-104063,2025-02-21,United States,Desktop,Email,2,13,87.0,0.745,5,1,0,0.0,77,0,0,0.61,0,0.0,0.0,6.5,32.58,One-time Visitors,3,Engaged Non-Buyers
CUST-104064,2025-06-20,France,Desktop,Paid Search,33,162,508.7,0.033,53,20,5,493.79,5,1,0,0.264,1,0.1515,0.25,4.91,81.26,High Value Loyal,2,High Value Loyal Customers
CUST-104065,2025-05-11,India,Tablet,Referral,16,93,313.6,0.04,41,1,0,0.0,40,4,0,0.259,1,0.0,0.0,5.81,70.45,Product Researchers,0,Product Researchers
CUST-104066,2025-04-30,India,Desktop,Paid Search,3,13,103.0,0.791,4,1,0,0.0,150,1,0,0.199,0,0.0,0.0,4.33,25.14,One-time Visitors,3,Engaged Non-Buyers
CUST-104067,2025-03-15,Canada,Mobile,Direct,28,133,500.4,0.068,40,17,7,753.73,4,2,1,0.231,1,0.25,0.4118,4.75,75.48,High Value Loyal,2,High Value Loyal Customers
CUST-104068,2025-05-28,Germany,Mobile,Direct,12,65,404.2,0.136,36,10,1,67.2,43,4,2,0.895,1,0.0833,0.1,5.42,69.81,Deal Seekers,4,Engaged Non-Buyers
CUST-104069,2025-06-06,United Kingdom,Mobile,Direct,19,94,417.8,0.054,36,7,4,208.96,37,2,0,0.815,1,0.2105,0.5714,4.95,71.07,Deal Seekers,4,Engaged Non-Buyers
CUST-104070,2025-03-08,Canada,Mobile,Organic Search,26,127,486.0,0.271,62,13,3,234.64,14,2,0,0.356,1,0.1154,0.2308,4.88,76.86,High Value Loyal,2,High Value Loyal Customers
CUST-104071,2025-05-04,India,Tablet,Organic Search,13,97,482.0,0.342,54,1,0,0.0,25,0,0,0.575,1,0.0,0.0,7.46,80.48,Product Researchers,0,Product Researchers
CUST-104072,2025-01-25,United States,Mobile,Organic Search,26,132,501.0,0.175,70,7,8,773.39,6,3,0,0.272,1,0.3077,1.0,5.08,81.55,High Value Loyal,2,High Value Loyal Customers
CUST-104073,2025-04-12,United Kingdom,Mobile,Email,18,128,418.5,0.214,55,2,1,86.82,37,3,0,0.774,1,0.0556,0.5,7.11,79.73,Product Researchers,4,Engaged Non-Buyers
CUST-104074,2025-03-23,United States,Desktop,Paid Search,19,105,497.7,0.425,55,6,1,82.71,27,1,1,0.446,1,0.0526,0.1667,5.53,73.46,Product Researchers,0,Product Researchers
CUST-104075,2025-02-10,United Kingdom,Mobile,Organic Search,2,8,71.5,0.56,5,1,0,0.0,107,0,0,0.584,0,0.0,0.0,4.0,28.6,One-time Visitors,3,Engaged Non-Buyers
CUST-104076,2025-03-30,United Kingdom,Mobile,Organic Search,21,102,315.4,0.206,45,4,0,0.0,29,1,2,0.14,1,0.0,0.0,4.86,64.64,Engaged Non-Buyers,0,Product Researchers
CUST-104077,2025-03-18,Netherlands,Mobile,Organic Search,34,162,430.1,0.241,69,11,7,796.05,1,1,0,0.143,1,0.2059,0.6364,4.76,75.38,High Value Loyal,2,High Value Loyal Customers
CUST-104078,2025-02-13,Germany,Tablet,Direct,14,81,353.2,0.254,36,7,1,81.25,23,3,0,0.8,1,0.0714,0.1429,5.79,65.46,Deal Seekers,4,Engaged Non-Buyers
CUST-104079,2025-04-09,United States,Desktop,Organic Search,4,16,79.5,0.809,5,0,0,0.0,107,0,0,0.191,1,0.0,0.0,4.0,22.8,One-time Visitors,3,Engaged Non-Buyers
CUST-104080,2025-03-21,United Kingdom,Desktop,Referral,19,125,540.6,0.294,63,3,0,0.0,61,1,0,0.391,1,0.0,0.0,6.58,84.62,Product Researchers,0,Product Researchers
CUST-104081,2025-03-02,United Kingdom,Mobile,Direct,13,67,237.4,0.428,38,6,1,53.6,36,1,2,0.747,1,0.0769,0.1667,5.15,53.96,Deal Seekers,4,Engaged Non-Buyers
CUST-104082,2025-06-20,United Kingdom,Mobile,Paid Search,20,100,361.5,0.118,43,7,1,54.54,43,3,0,0.894,1,0.05,0.1429,5.0,68.97,Deal Seekers,4,Engaged Non-Buyers
CUST-104083,2025-05-05,United Kingdom,Mobile,Direct,13,73,317.0,0.091,38,3,2,135.13,24,3,0,0.877,1,0.1538,0.6667,5.62,67.82,Deal Seekers,4,Engaged Non-Buyers
CUST-104084,2025-01-18,United Kingdom,Tablet,Email,19,100,488.4,0.464,36,2,1,48.22,13,3,1,0.041,1,0.0526,0.5,5.26,65.35,Engaged Non-Buyers,0,Product Researchers
CUST-104085,2025-06-07,United Kingdom,Mobile,Direct,13,102,329.2,0.201,57,3,0,0.0,61,1,1,0.216,1,0.0,0.0,7.85,78.49,Product Researchers,0,Product Researchers
CUST-104086,2025-01-05,Germany,Desktop,Paid Search,12,93,313.1,0.201,57,1,0,0.0,20,1,0,0.393,0,0.0,0.0,7.75,77.38,Product Researchers,0,Product Researchers
CUST-104087,2025-03-22,United States,Mobile,Paid Search,13,95,429.1,0.212,58,3,0,0.0,58,0,1,0.721,0,0.0,0.0,7.31,81.84,Product Researchers,0,Product Researchers
CUST-104088,2025-01-30,France,Mobile,Paid Search,10,43,66.4,0.657,6,1,0,0.0,114,0,0,0.224,0,0.0,0.0,4.3,27.17,One-time Visitors,3,Engaged Non-Buyers
CUST-104089,2025-06-03,India,Tablet,Paid Search,15,94,431.4,0.201,47,2,1,51.31,42,2,4,0.343,1,0.0667,0.5,6.27,75.59,Product Researchers,0,Product Researchers
CUST-104090,2025-03-24,United States,Desktop,Paid Search,19,98,483.3,0.324,42,3,0,0.0,41,2,1,0.437,0,0.0,0.0,5.16,70.09,Product Researchers,0,Product Researchers
CUST-104091,2025-05-12,Germany,Mobile,Organic Search,3,10,168.7,0.832,5,0,0,0.0,169,1,0,0.311,0,0.0,0.0,3.33,24.58,One-time Visitors,3,Engaged Non-Buyers
CUST-104092,2025-06-25,United Kingdom,Tablet,Direct,17,89,327.2,0.165,41,5,2,132.43,29,3,2,0.719,1,0.1176,0.4,5.24,66.21,Deal Seekers,4,Engaged Non-Buyers
CUST-104093,2025-04-02,India,Desktop,Direct,30,140,439.2,0.119,61,14,8,726.19,6,0,1,0.336,1,0.2667,0.5714,4.67,77.35,High Value Loyal,2,High Value Loyal Customers
CUST-104094,2025-03-25,India,Mobile,Display,23,111,364.3,0.183,42,3,0,0.0,61,1,0,0.355,1,0.0,0.0,4.83,66.65,Engaged Non-Buyers,0,Product Researchers
CUST-104095,2025-04-22,United Kingdom,Mobile,Organic Search,13,92,431.0,0.631,44,0,1,28.48,48,4,0,0.287,1,0.0769,0.0,7.08,66.43,Engaged Non-Buyers,0,Product Researchers
CUST-104096,2025-01-12,India,Mobile,Organic Search,16,120,568.7,0.264,63,2,1,50.76,47,4,1,0.285,1,0.0625,0.5,7.5,89.66,Product Researchers,0,Product Researchers
CUST-104097,2025-06-16,United States,Mobile,Direct,2,10,116.0,0.739,7,0,0,0.0,88,0,0,0.347,0,0.0,0.0,5.0,30.11,One-time Visitors,3,Engaged Non-Buyers
CUST-104098,2025-02-15,United Kingdom,Mobile,Direct,2,11,100.7,0.862,10,0,1,62.98,170,0,0,0.216,0,0.5,0.0,5.5,28.74,One-time Visitors,3,Engaged Non-Buyers
CUST-104099,2025-05-31,United Kingdom,Mobile,Email,19,115,328.6,0.199,49,1,0,0.0,45,3,1,0.368,1,0.0,0.0,6.05,70.44,Product Researchers,0,Product Researchers
CUST-104100,2025-02-20,United Kingdom,Mobile,Paid Social,15,77,400.1,0.19,38,6,4,196.54,40,4,1,0.664,1,0.2667,0.6667,5.13,67.99,Deal Seekers,4,Engaged Non-Buyers
CUST-104101,2025-06-13,Netherlands,Mobile,Organic Search,24,142,604.2,0.054,71,11,7,865.48,1,2,0,0.101,1,0.2917,0.6364,5.92,92.13,High Value Loyal,2,High Value Loyal Customers
CUST-104102,2025-05-01,Australia,Desktop,Organic Search,15,87,444.9,0.188,45,3,0,0.0,48,3,1,0.365,1,0.0,0.0,5.8,74.51,Engaged Non-Buyers,0,Product Researchers
CUST-104103,2025-02-16,United Kingdom,Mobile,Direct,22,109,488.4,0.241,48,6,1,51.02,43,3,0,0.116,1,0.0455,0.1667,4.95,73.64,Engaged Non-Buyers,0,Product Researchers
CUST-104104,2025-01-20,Canada,Desktop,Referral,18,127,538.6,0.217,72,0,0,0.0,48,3,2,0.587,1,0.0,0.0,7.06,88.56,Product Researchers,0,Product Researchers
CUST-104105,2025-01-09,India,Mobile,Paid Social,20,91,379.5,0.185,31,3,0,0.0,34,3,1,0.401,1,0.0,0.0,4.55,63.1,Engaged Non-Buyers,0,Product Researchers
CUST-104106,2025-05-30,United Kingdom,Mobile,Paid Search,18,117,673.7,0.206,55,1,2,187.59,22,3,0,0.6,1,0.1111,1.0,6.5,87.1,Product Researchers,4,Engaged Non-Buyers
CUST-104107,2025-03-13,United Kingdom,Mobile,Display,15,108,565.8,0.179,67,0,0,0.0,59,1,0,0.227,1,0.0,0.0,7.2,91.32,Product Researchers,0,Product Researchers
CUST-104108,2025-04-07,United Kingdom,Mobile,Organic Search,12,84,360.4,0.088,52,9,2,120.42,14,0,2,0.822,1,0.1667,0.2222,7.0,78.68,Deal Seekers,4,Engaged Non-Buyers
CUST-104109,2025-01-01,United Kingdom,Tablet,Organic Search,17,130,239.6,0.576,65,1,0,0.0,10,3,1,0.303,1,0.0,0.0,7.65,66.46,Product Researchers,0,Product Researchers
CUST-104110,2025-02-11,India,Tablet,Organic Search,15,95,445.4,0.182,57,1,1,81.16,63,4,1,0.617,0,0.0667,1.0,6.33,80.06,Product Researchers,4,Engaged Non-Buyers
CUST-104111,2025-06-29,United States,Desktop,Organic Search,19,89,506.1,0.37,38,4,0,0.0,29,1,1,0.365,1,0.0,0.0,4.68,67.38,Engaged Non-Buyers,0,Product Researchers
CUST-104112,2025-04-19,United States,Mobile,Paid Search,15,97,442.8,0.33,50,3,0,0.0,18,1,1,0.442,0,0.0,0.0,6.47,74.48,Engaged Non-Buyers,0,Product Researchers
CUST-104113,2025-05-23,India,Desktop,Organic Search,3,22,56.3,0.514,10,0,0,0.0,171,1,0,0.155,1,0.0,0.0,7.33,40.95,One-time Visitors,1,Low Engagement / At-Risk Visitors
CUST-104114,2025-05-18,India,Desktop,Direct,16,115,388.3,0.23,58,0,0,0.0,32,2,2,0.196,1,0.0,0.0,7.19,78.97,Product Researchers,0,Product Researchers
CUST-104115,2025-04-16,United Kingdom,Mobile,Paid Search,16,108,393.1,0.245,52,3,1,56.04,47,2,0,0.126,0,0.0625,0.3333,6.75,75.62,Product Researchers,0,Product Researchers
CUST-104116,2025-02-18,France,Desktop,Organic Search,16,94,382.1,0.382,45,0,0,0.0,48,0,3,0.351,1,0.0,0.0,5.88,66.77,Engaged Non-Buyers,0,Product Researchers
CUST-104117,2025-05-06,United States,Desktop,Direct,3,16,109.4,0.714,2,0,0,0.0,103,0,0,0.212,0,0.0,0.0,5.33,29.9,One-time Visitors,3,Engaged Non-Buyers
CUST-104118,2025-01-03,United Kingdom,Mobile,Direct,1,11,109.8,0.355,5,1,1,55.79,106,0,0,0.099,0,1.0,1.0,11.0,48.14,One-time Visitors,1,Low Engagement / At-Risk Visitors
CUST-104119,2025-04-03,United Kingdom,Mobile,Paid Social,19,127,556.2,0.287,69,19,3,460.61,12,1,2,0.245,1,0.1579,0.1579,6.68,86.52,High Value Loyal,2,High Value Loyal Customers
CUST-104120,2025-01-06,United Kingdom,Mobile,Organic Search,19,109,353.2,0.172,47,4,1,52.28,11,2,1,0.076,0,0.0526,0.25,5.74,70.75,Engaged Non-Buyers,0,Product Researchers
CUST-104121,2025-03-21,India,Mobile,Email,18,93,216.6,0.186,40,10,5,314.72,5,2,1,0.899,1,0.2778,0.5,5.17,59.62,Deal Seekers,4,Engaged Non-Buyers
CUST-104122,2025-03-15,Australia,Desktop,Paid Search,15,100,459.8,0.254,57,1,0,0.0,43,2,1,0.252,0,0.0,0.0,6.67,80.01,Product Researchers,0,Product Researchers
CUST-104123,2025-02-04,Australia,Mobile,Organic Search,11,76,289.5,0.119,47,4,3,165.32,5,0,0,0.66,0,0.2727,0.75,6.91,72.55,Deal Seekers,4,Engaged Non-Buyers
CUST-104124,2025-05-23,Germany,Mobile,Paid Search,16,112,470.0,0.393,48,5,1,54.99,56,2,1,0.365,1,0.0625,0.2,7.0,75.31,Engaged Non-Buyers,0,Product Researchers
CUST-104125,2025-05-07,France,Mobile,Organic Search,18,107,629.4,0.086,48,0,1,36.52,14,3,3,0.23,0,0.0556,0.0,5.94,86.19,Engaged Non-Buyers,0,Product Researchers
CUST-104126,2025-02-20,India,Mobile,Referral,15,98,566.9,0.172,53,4,1,63.67,49,2,2,0.653,0,0.0667,0.25,6.53,85.76,Product Researchers,0,Product Researchers
CUST-104127,2025-02-25,Canada,Desktop,Paid Search,5,19,167.2,0.589,3,0,0,0.0,151,0,0,0.274,0,0.0,0.0,3.8,31.43,One-time Visitors,3,Engaged Non-Buyers
CUST-104128,2025-06-14,United Kingdom,Mobile,Paid Search,16,96,476.1,0.24,45,3,0,0.0,35,1,0,0.242,1,0.0,0.0,6.0,75.39,Engaged Non-Buyers,0,Product Researchers
CUST-104129,2025-04-13,United Kingdom,Desktop,Email,20,106,594.6,0.147,47,1,1,44.57,42,2,1,0.248,1,0.05,1.0,5.3,82.09,Engaged Non-Buyers,4,Engaged Non-Buyers
CUST-104130,2025-06-26,Netherlands,Mobile,Paid Search,30,141,442.0,0.194,63,14,5,421.14,2,3,0,0.248,1,0.1667,0.3571,4.7,76.31,High Value Loyal,2,High Value Loyal Customers
CUST-104131,2025-04-20,United Kingdom,Desktop,Display,29,150,517.2,0.012,55,16,7,911.88,12,2,1,0.246,1,0.2414,0.4375,5.17,83.64,High Value Loyal,2,High Value Loyal Customers
CUST-104132,2025-05-27,United Kingdom,Mobile,Email,13,77,475.9,0.257,37,10,3,167.59,42,1,0,0.735,1,0.2308,0.3,5.92,72.25,Deal Seekers,4,Engaged Non-Buyers
CUST-104133,2025-05-25,France,Mobile,Paid Social,11,87,400.1,0.16,58,2,1,93.73,51,4,5,0.313,1,0.0909,0.5,7.91,83.58,Product Researchers,0,Product Researchers
CUST-104134,2025-02-19,United States,Mobile,Referral,18,96,228.4,0.294,41,5,0,0.0,36,1,2,0.826,1,0.0,0.0,5.33,58.34,Deal Seekers,4,Engaged Non-Buyers
CUST-104135,2025-05-24,United Kingdom,Mobile,Organic Search,26,158,596.9,0.22,68,12,6,618.04,10,0,1,0.35,1,0.2308,0.5,6.08,88.33,High Value Loyal,2,High Value Loyal Customers
CUST-104136,2025-04-27,India,Mobile,Organic Search,11,75,368.2,0.306,34,9,3,165.45,43,1,0,0.8,1,0.2727,0.3333,6.82,67.53,Deal Seekers,4,Engaged Non-Buyers
CUST-104137,2025-03-24,United Kingdom,Mobile,Paid Search,17,103,564.4,0.255,50,0,0,0.0,49,3,1,0.318,1,0.0,0.0,6.06,81.17,Engaged Non-Buyers,0,Product Researchers
CUST-104138,2025-03-07,Germany,Mobile,Paid Social,5,15,33.7,0.758,6,0,0,0.0,161,0,0,0.292,0,0.0,0.0,3.0,18.95,One-time Visitors,3,Engaged Non-Buyers
CUST-104139,2025-05-04,United Kingdom,Tablet,Referral,31,154,509.1,0.177,62,11,3,266.63,2,1,0,0.117,1,0.0968,0.2727,4.97,80.64,High Value Loyal,2,High Value Loyal Customers
CUST-104140,2025-06-11,India,Mobile,Organic Search,17,91,445.9,0.411,45,1,0,0.0,41,3,2,0.82,1,0.0,0.0,5.35,67.6,Product Researchers,0,Product Researchers
CUST-104141,2025-01-10,United Kingdom,Desktop,Organic Search,17,87,491.3,0.234,39,4,0,0.0,50,2,0,0.319,1,0.0,0.0,5.12,71.71,Engaged Non-Buyers,0,Product Researchers
CUST-104142,2025-06-07,United States,Desktop,Paid Search,16,95,306.8,0.198,49,7,0,0.0,28,3,3,0.588,1,0.0,0.0,5.94,69.03,Deal Seekers,0,Product Researchers
CUST-104143,2025-02-24,United States,Desktop,Organic Search,19,114,320.7,0.397,59,0,0,0.0,54,1,0,0.356,0,0.0,0.0,6.0,68.01,Product Researchers,0,Product Researchers
CUST-104144,2025-06-27,Germany,Mobile,Organic Search,18,109,356.6,0.412,43,6,1,72.39,29,4,1,0.576,1,0.0556,0.1667,6.06,64.69,Deal Seekers,4,Engaged Non-Buyers
CUST-104145,2025-04-16,United States,Mobile,Paid Social,18,91,356.3,0.391,30,1,0,0.0,38,1,0,0.373,1,0.0,0.0,5.06,58.06,Engaged Non-Buyers,0,Product Researchers
CUST-104146,2025-02-20,France,Mobile,Email,17,97,336.2,0.333,51,4,2,154.68,70,3,0,0.32,1,0.1176,0.5,5.71,67.02,Product Researchers,4,Engaged Non-Buyers
CUST-104147,2025-06-10,United Kingdom,Mobile,Organic Search,17,101,406.3,0.34,44,5,1,46.5,26,3,2,0.867,1,0.0588,0.2,5.94,68.92,Deal Seekers,4,Engaged Non-Buyers
CUST-104148,2025-04-10,India,Mobile,Organic Search,2,10,91.9,0.653,5,1,0,0.0,146,0,0,0.061,1,0.0,0.0,5.0,30.42,One-time Visitors,3,Engaged Non-Buyers
CUST-104149,2025-01-18,United States,Desktop,Organic Search,17,85,417.8,0.417,38,4,1,66.16,21,1,1,0.872,1,0.0588,0.25,5.0,62.78,Deal Seekers,4,Engaged Non-Buyers
CUST-104150,2025-05-22,United Kingdom,Mobile,Paid Social,19,114,277.2,0.227,48,8,1,75.84,33,1,1,0.599,1,0.0526,0.125,6.0,66.7,Deal Seekers,4,Engaged Non-Buyers
CUST-104151,2025-04-24,India,Mobile,Direct,20,85,325.9,0.518,36,3,0,0.0,63,1,0,0.107,1,0.0,0.0,4.25,52.7,Engaged Non-Buyers,0,Product Researchers
CUST-104152,2025-05-24,Netherlands,Desktop,Organic Search,16,89,500.2,0.177,38,2,0,0.0,38,5,1,0.227,0,0.0,0.0,5.56,74.66,Engaged Non-Buyers,0,Product Researchers
CUST-104153,2025-05-12,France,Mobile,Organic Search,19,107,402.0,0.325,40,5,2,135.11,44,1,0,0.474,1,0.1053,0.4,5.63,66.88,Deal Seekers,4,Engaged Non-Buyers
CUST-104154,2025-03-31,Netherlands,Mobile,Organic Search,32,159,479.3,0.121,67,15,6,605.43,12,2,0,0.63,1,0.1875,0.4,4.97,81.47,High Value Loyal,2,High Value Loyal Customers
CUST-104155,2025-02-21,United Kingdom,Mobile,Organic Search,19,118,554.7,0.205,47,0,0,0.0,38,1,2,0.314,1,0.0,0.0,6.21,81.47,Engaged Non-Buyers,0,Product Researchers
CUST-104156,2025-02-23,United States,Mobile,Paid Social,17,100,463.5,0.322,54,1,0,0.0,11,3,1,0.732,1,0.0,0.0,5.88,75.13,Product Researchers,0,Product Researchers
CUST-104157,2025-04-25,India,Desktop,Organic Search,4,15,82.8,0.549,8,1,0,0.0,60,0,0,0.468,0,0.0,0.0,3.75,29.59,One-time Visitors,3,Engaged Non-Buyers
CUST-104158,2025-04-09,United States,Mobile,Email,22,103,316.9,0.332,42,3,1,68.22,29,4,1,0.764,1,0.0455,0.3333,4.68,60.1,Deal Seekers,4,Engaged Non-Buyers
CUST-104159,2025-03-31,France,Tablet,Paid Social,30,150,516.7,0.087,66,16,2,225.13,2,5,0,0.199,1,0.0667,0.125,5.0,84.29,High Value Loyal,2,High Value Loyal Customers
CUST-104160,2025-02-13,India,Desktop,Direct,35,166,427.0,0.265,77,12,13,875.22,10,2,0,0.366,1,0.3714,1.0,4.74,74.55,High Value Loyal,2,High Value Loyal Customers
CUST-104161,2025-05-19,India,Mobile,Organic Search,19,114,380.8,0.355,58,1,0,0.0,44,4,2,0.106,1,0.0,0.0,6.0,71.76,Product Researchers,0,Product Researchers
CUST-104162,2025-02-24,Canada,Mobile,Paid Social,2,14,109.4,0.825,10,1,0,0.0,45,0,0,0.256,0,0.0,0.0,7.0,34.81,One-time Visitors,1,Low Engagement / At-Risk Visitors
CUST-104163,2025-05-17,United States,Mobile,Referral,19,87,679.1,0.401,42,2,0,0.0,8,1,3,0.127,1,0.0,0.0,4.58,72.21,Engaged Non-Buyers,0,Product Researchers
CUST-104164,2025-01-27,United Kingdom,Mobile,Paid Social,15,81,281.1,0.187,41,6,1,40.9,34,2,1,0.96,1,0.0667,0.1667,5.4,63.88,Deal Seekers,4,Engaged Non-Buyers
CUST-104165,2025-04-14,India,Mobile,Organic Search,14,105,388.3,0.221,51,1,0,0.0,45,2,2,0.435,1,0.0,0.0,7.5,78.01,Product Researchers,0,Product Researchers
CUST-104166,2025-03-25,Germany,Mobile,Paid Social,2,14,85.9,0.772,7,1,0,0.0,127,1,0,0.132,1,0.0,0.0,7.0,34.03,One-time Visitors,1,Low Engagement / At-Risk Visitors
CUST-104167,2025-04-10,Netherlands,Mobile,Direct,2,13,85.5,0.65,5,0,0,0.0,123,0,0,0.203,0,0.0,0.0,6.5,34.87,One-time Visitors,3,Engaged Non-Buyers
CUST-104168,2025-02-19,India,Mobile,Display,3,16,99.9,0.772,7,0,0,0.0,82,1,0,0.268,0,0.0,0.0,5.33,29.5,One-time Visitors,3,Engaged Non-Buyers
CUST-104169,2025-06-19,United Kingdom,Mobile,Direct,1,13,75.2,0.856,9,0,0,0.0,155,1,0,0.198,0,0.0,0.0,13.0,35.12,One-time Visitors,1,Low Engagement / At-Risk Visitors
CUST-104170,2025-02-23,Germany,Desktop,Referral,18,102,434.3,0.124,55,1,0,0.0,26,3,0,0.38,1,0.0,0.0,5.67,78.26,Product Researchers,0,Product Researchers
CUST-104171,2025-04-04,France,Mobile,Paid Search,3,15,105.8,0.734,8,0,0,0.0,162,0,0,0.061,0,0.0,0.0,5.0,30.03,One-time Visitors,3,Engaged Non-Buyers
CUST-104172,2025-06-25,Netherlands,Tablet,Paid Social,20,115,356.3,0.211,63,3,0,0.0,69,0,1,0.76,1,0.0,0.0,5.75,74.9,Product Researchers,0,Product Researchers
CUST-104173,2025-01-10,United Kingdom,Mobile,Referral,3,19,82.3,0.798,8,0,0,0.0,163,0,0,0.059,0,0.0,0.0,6.33,31.42,One-time Visitors,3,Engaged Non-Buyers
CUST-104174,2025-06-05,United States,Desktop,Direct,21,115,462.1,0.478,49,1,1,92.84,47,2,0,0.405,0,0.0476,1.0,5.48,68.34,Product Researchers,4,Engaged Non-Buyers
CUST-104175,2025-02-03,Germany,Mobile,Direct,34,166,587.7,0.116,74,15,6,629.83,13,0,0,0.315,1,0.1765,0.4,4.88,86.74,High Value Loyal,2,High Value Loyal Customers
CUST-104176,2025-06-01,France,Mobile,Paid Social,4,23,102.9,0.571,7,0,0,0.0,104,0,0,0.176,0,0.0,0.0,5.75,35.99,One-time Visitors,3,Engaged Non-Buyers
CUST-104177,2025-02-16,India,Tablet,Referral,28,165,407.8,0.106,61,10,8,668.43,11,3,1,0.395,1,0.2857,0.8,5.89,79.93,High Value Loyal,2,High Value Loyal Customers
CUST-104178,2025-05-18,Netherlands,Tablet,Paid Search,14,93,384.6,0.424,59,2,0,0.0,59,1,0,0.529,1,0.0,0.0,6.64,72.55,Product Researchers,0,Product Researchers
CUST-104179,2025-01-03,France,Mobile,Paid Social,4,17,104.4,0.39,7,0,0,0.0,129,0,0,0.541,0,0.0,0.0,4.25,35.9,One-time Visitors,3,Engaged Non-Buyers
CUST-104180,2025-04-10,Australia,Mobile,Direct,1,9,72.2,0.871,5,0,0,0.0,124,0,0,0.175,0,0.0,0.0,9.0,33.36,One-time Visitors,1,Low Engagement / At-Risk Visitors
CUST-104181,2025-03-10,United States,Tablet,Direct,11,85,468.9,0.311,53,3,0,0.0,12,4,0,0.485,1,0.0,0.0,7.73,81.13,Product Researchers,0,Product Researchers
CUST-104182,2025-05-03,United Kingdom,Mobile,Referral,18,98,553.8,0.183,48,8,0,0.0,58,1,0,0.299,1,0.0,0.0,5.44,79.91,Engaged Non-Buyers,0,Product Researchers
CUST-104183,2025-05-15,France,Desktop,Organic Search,23,120,321.4,0.421,42,6,0,0.0,24,1,0,0.838,1,0.0,0.0,5.22,59.78,Deal Seekers,4,Engaged Non-Buyers
CUST-104184,2025-03-30,United Kingdom,Desktop,Organic Search,16,109,339.0,0.321,55,1,0,0.0,17,1,0,0.355,1,0.0,0.0,6.81,72.15,Product Researchers,0,Product Researchers
CUST-104185,2025-04-02,Netherlands,Desktop,Email,2,11,80.0,0.615,8,1,0,0.0,106,0,0,0.586,0,0.0,0.0,5.5,33.27,One-time Visitors,3,Engaged Non-Buyers
CUST-104186,2025-06-21,India,Desktop,Paid Search,13,87,364.7,0.24,52,2,1,66.11,25,1,0,0.312,1,0.0769,0.5,6.69,74.15,Engaged Non-Buyers,0,Product Researchers
CUST-104187,2025-05-31,Netherlands,Desktop,Direct,17,87,235.4,0.413,33,9,2,125.89,8,2,0,0.859,0,0.1176,0.2222,5.12,52.6,Deal Seekers,4,Engaged Non-Buyers
CUST-104188,2025-05-17,Canada,Mobile,Direct,28,158,428.2,0.127,75,6,3,179.79,7,3,3,0.279,1,0.1071,0.5,5.64,80.86,High Value Loyal,2,High Value Loyal Customers
CUST-104189,2025-06-09,United Kingdom,Desktop,Organic Search,4,15,78.5,0.753,11,1,0,0.0,160,0,0,0.073,0,0.0,0.0,3.75,25.2,One-time Visitors,3,Engaged Non-Buyers
CUST-104190,2025-04-05,United Kingdom,Mobile,Email,3,17,138.9,0.854,6,0,1,51.39,77,0,0,0.419,0,0.3333,0.0,5.67,30.15,One-time Visitors,3,Engaged Non-Buyers
CUST-104191,2025-01-21,India,Mobile,Email,13,89,488.6,0.143,45,0,0,0.0,50,1,2,0.252,1,0.0,0.0,6.85,81.1,Product Researchers,0,Product Researchers
CUST-104192,2025-01-04,India,Mobile,Direct,18,92,572.9,0.233,36,3,1,52.76,20,5,0,0.313,1,0.0556,0.3333,5.11,74.88,Engaged Non-Buyers,0,Product Researchers
CUST-104193,2025-05-29,United Kingdom,Desktop,Organic Search,15,92,497.9,0.069,47,3,0,0.0,24,2,1,0.107,1,0.0,0.0,6.13,81.79,Engaged Non-Buyers,0,Product Researchers
CUST-104194,2025-01-24,United Kingdom,Tablet,Direct,11,87,520.0,0.527,51,5,1,89.25,20,1,3,0.301,0,0.0909,0.2,7.91,78.23,Product Researchers,0,Product Researchers
CUST-104195,2025-01-30,Netherlands,Desktop,Paid Social,17,106,505.1,0.107,52,1,1,61.63,50,3,1,0.608,1,0.0588,1.0,6.24,83.07,Product Researchers,4,Engaged Non-Buyers
CUST-104196,2025-02-10,United States,Desktop,Paid Search,16,114,496.9,0.308,56,1,0,0.0,44,3,0,0.428,1,0.0,0.0,7.12,81.64,Product Researchers,0,Product Researchers
CUST-104197,2025-02-11,United Kingdom,Mobile,Paid Social,17,110,373.2,0.53,53,3,1,49.69,33,3,0,0.44,0,0.0588,0.3333,6.47,66.94,Product Researchers,0,Product Researchers
CUST-104198,2025-02-25,United States,Mobile,Paid Search,20,131,424.2,0.278,67,3,2,103.02,59,1,1,0.288,1,0.1,0.6667,6.55,79.73,Product Researchers,0,Product Researchers
CUST-104199,2025-03-29,France,Desktop,Paid Search,15,88,381.2,0.351,50,5,0,0.0,22,1,2,0.663,1,0.0,0.0,5.87,69.01,Deal Seekers,0,Product Researchers
CUST-104200,2025-03-05,Canada,Desktop,Email,20,109,333.9,0.165,44,2,0,0.0,24,2,2,0.196,1,0.0,0.0,5.45,68.14,Engaged Non-Buyers,0,Product Researchers
CUST-104201,2025-02-23,Canada,Desktop,Organic Search,13,83,593.0,0.367,52,3,0,0.0,27,0,1,0.32,1,0.0,0.0,6.38,81.42,Product Researchers,0,Product Researchers
CUST-104202,2025-02-05,United States,Tablet,Organic Search,18,89,406.9,0.441,41,3,1,66.35,27,3,1,0.537,1,0.0556,0.3333,4.94,62.38,Engaged Non-Buyers,4,Engaged Non-Buyers
CUST-104203,2025-05-16,United Kingdom,Mobile,Paid Social,19,77,526.3,0.342,32,1,0,0.0,18,4,0,0.313,1,0.0,0.0,4.05,65.28,Engaged Non-Buyers,0,Product Researchers
CUST-104204,2025-06-10,India,Mobile,Organic Search,13,65,470.6,0.119,42,1,2,126.95,33,2,0,0.61,1,0.1538,1.0,5.0,74.11,Product Researchers,4,Engaged Non-Buyers
CUST-104205,2025-06-02,United States,Mobile,Paid Search,16,88,407.9,0.356,47,7,1,71.81,32,4,1,0.888,1,0.0625,0.1429,5.5,68.13,Deal Seekers,4,Engaged Non-Buyers
CUST-104206,2025-01-27,Netherlands,Desktop,Paid Search,36,160,492.4,0.089,52,6,9,1126.62,4,4,2,0.172,1,0.25,1.0,4.44,77.28,High Value Loyal,2,High Value Loyal Customers
CUST-104207,2025-04-20,India,Mobile,Direct,26,123,432.9,0.46,45,11,2,122.56,44,3,1,0.569,1,0.0769,0.1818,4.73,63.78,Deal Seekers,4,Engaged Non-Buyers
CUST-104208,2025-03-15,United Kingdom,Desktop,Direct,5,19,101.4,0.534,5,0,1,19.27,60,0,0,0.085,0,0.2,0.0,3.8,30.12,One-time Visitors,3,Engaged Non-Buyers
CUST-104209,2025-05-19,India,Desktop,Organic Search,18,113,228.3,0.557,56,3,1,76.24,30,1,0,0.578,0,0.0556,0.3333,6.28,59.34,Product Researchers,4,Engaged Non-Buyers
CUST-104210,2025-05-26,United Kingdom,Desktop,Paid Search,3,16,79.7,0.912,10,0,0,0.0,60,0,0,0.387,0,0.0,0.0,5.33,25.93,One-time Visitors,3,Engaged Non-Buyers
CUST-104211,2025-03-25,United Kingdom,Mobile,Direct,30,154,360.8,0.126,54,8,13,1559.96,12,0,0,0.321,1,0.4333,1.0,5.13,72.55,High Value Loyal,2,High Value Loyal Customers
CUST-104212,2025-04-18,United Kingdom,Mobile,Email,2,16,38.7,0.89,8,0,0,0.0,106,0,0,0.128,1,0.0,0.0,8.0,32.15,One-time Visitors,1,Low Engagement / At-Risk Visitors
CUST-104213,2025-04-29,India,Tablet,Direct,18,92,577.9,0.299,45,4,0,0.0,28,2,0,0.264,0,0.0,0.0,5.11,76.24,Engaged Non-Buyers,0,Product Researchers
CUST-104214,2025-06-16,India,Mobile,Paid Search,33,168,629.8,0.07,65,9,4,422.24,12,0,1,0.28,1,0.1212,0.4444,5.09,89.16,High Value Loyal,2,High Value Loyal Customers
CUST-104215,2025-05-30,United States,Desktop,Paid Search,26,143,597.1,0.205,64,13,5,429.93,10,1,1,0.217,1,0.1923,0.3846,5.5,86.62,High Value Loyal,2,High Value Loyal Customers
CUST-104216,2025-05-02,France,Desktop,Organic Search,20,97,581.2,0.311,39,3,0,0.0,39,2,1,0.23,1,0.0,0.0,4.85,73.44,Engaged Non-Buyers,0,Product Researchers
CUST-104217,2025-04-19,United Kingdom,Mobile,Organic Search,15,107,616.7,0.47,59,1,1,76.78,54,5,1,0.56,1,0.0667,1.0,7.13,83.7,Product Researchers,4,Engaged Non-Buyers
CUST-104218,2025-01-08,Canada,Mobile,Paid Search,21,107,293.2,0.186,38,6,3,150.53,16,4,1,0.985,1,0.1429,0.5,5.1,62.64,Deal Seekers,4,Engaged Non-Buyers
CUST-104219,2025-03-30,India,Mobile,Paid Social,18,76,550.4,0.209,36,4,1,35.57,56,1,0,0.623,1,0.0556,0.25,4.22,71.58,Engaged Non-Buyers,4,Engaged Non-Buyers
CUST-104220,2025-03-03,India,Mobile,Paid Social,29,129,532.0,0.157,46,6,0,0.0,52,2,0,0.618,0,0.0,0.0,4.45,75.73,Engaged Non-Buyers,0,Product Researchers
CUST-104221,2025-04-17,India,Tablet,Paid Search,16,89,451.9,0.196,38,2,0,0.0,35,1,1,0.424,1,0.0,0.0,5.56,71.78,Engaged Non-Buyers,0,Product Researchers
CUST-104222,2025-03-16,India,Desktop,Paid Search,22,100,463.8,0.153,39,5,0,0.0,15,3,1,0.716,1,0.0,0.0,4.55,70.57,Deal Seekers,0,Product Researchers
CUST-104223,2025-06-20,India,Mobile,Organic Search,14,89,373.2,0.591,63,4,1,91.35,49,2,1,0.247,0,0.0714,0.25,6.36,68.13,Product Researchers,0,Product Researchers
CUST-104224,2025-03-15,India,Mobile,Direct,22,142,520.7,0.399,68,11,4,673.19,5,1,0,0.17,1,0.1818,0.3636,6.45,81.22,High Value Loyal,2,High Value Loyal Customers
CUST-104225,2025-05-08,United Kingdom,Mobile,Organic Search,16,104,436.6,0.22,48,5,0,0.0,65,1,1,0.444,0,0.0,0.0,6.5,76.42,Product Researchers,0,Product Researchers
CUST-104226,2025-06-23,United Kingdom,Mobile,Display,17,80,375.4,0.374,40,3,0,0.0,10,3,3,0.149,1,0.0,0.0,4.71,61.44,Engaged Non-Buyers,0,Product Researchers
CUST-104227,2025-05-13,United Kingdom,Tablet,Organic Search,18,84,343.5,0.437,41,1,2,122.33,23,1,0,0.744,1,0.1111,1.0,4.67,58.44,Deal Seekers,4,Engaged Non-Buyers
CUST-104228,2025-04-13,United States,Mobile,Organic Search,18,98,578.3,0.546,48,1,1,97.32,29,4,1,0.391,1,0.0556,1.0,5.44,72.06,Product Researchers,4,Engaged Non-Buyers
CUST-104229,2025-03-21,United States,Mobile,Direct,1,6,35.8,0.75,4,0,0,0.0,76,0,0,0.112,0,0.0,0.0,6.0,28.03,One-time Visitors,3,Engaged Non-Buyers
CUST-104230,2025-06-10,United Kingdom,Tablet,Organic Search,34,180,594.6,0.044,67,16,6,598.1,8,1,0,0.23,1,0.1765,0.375,5.29,90.18,High Value Loyal,2,High Value Loyal Customers
CUST-104231,2025-01-26,United Kingdom,Mobile,Direct,16,71,395.8,0.229,30,8,1,60.37,7,2,1,0.709,0,0.0625,0.125,4.44,62.17,Deal Seekers,4,Engaged Non-Buyers
CUST-104232,2025-01-11,United States,Desktop,Paid Search,17,102,463.3,0.464,58,0,0,0.0,35,2,0,0.589,1,0.0,0.0,6.0,73.16,Product Researchers,0,Product Researchers
CUST-104233,2025-05-08,India,Tablet,Email,19,102,616.2,0.313,44,2,0,0.0,16,4,0,0.443,1,0.0,0.0,5.37,77.48,Engaged Non-Buyers,0,Product Researchers
CUST-104234,2025-06-29,India,Mobile,Organic Search,3,15,143.0,0.649,7,1,0,0.0,54,0,0,0.375,1,0.0,0.0,5.0,33.7,One-time Visitors,3,Engaged Non-Buyers
CUST-104235,2025-04-05,India,Mobile,Email,3,18,96.3,0.642,8,0,0,0.0,77,1,1,0.242,0,0.0,0.0,6.0,34.97,One-time Visitors,3,Engaged Non-Buyers
CUST-104236,2025-03-21,United States,Desktop,Email,21,95,495.8,0.19,38,4,2,130.22,37,4,0,0.935,1,0.0952,0.5,4.52,70.87,Deal Seekers,4,Engaged Non-Buyers
CUST-104237,2025-06-27,Canada,Desktop,Paid Social,28,130,555.2,0.175,42,1,0,0.0,61,4,0,0.085,1,0.0,0.0,4.64,75.81,Engaged Non-Buyers,0,Product Researchers
CUST-104238,2025-06-12,United Kingdom,Mobile,Direct,18,96,182.2,0.361,40,8,2,75.87,12,2,3,0.576,1,0.1111,0.25,5.33,54.06,Deal Seekers,4,Engaged Non-Buyers
CUST-104239,2025-03-27,United States,Desktop,Paid Search,1,10,134.7,0.771,5,1,0,0.0,148,0,0,0.447,0,0.0,0.0,10.0,38.99,One-time Visitors,1,Low Engagement / At-Risk Visitors
CUST-104240,2025-02-24,Netherlands,Mobile,Paid Search,19,98,238.4,0.174,46,8,1,61.29,28,3,0,0.804,1,0.0526,0.125,5.16,62.84,Deal Seekers,4,Engaged Non-Buyers
CUST-104241,2025-05-30,Netherlands,Desktop,Referral,15,86,657.4,0.17,41,2,0,0.0,18,5,2,0.03,1,0.0,0.0,5.73,81.28,Engaged Non-Buyers,0,Product Researchers
CUST-104242,2025-05-04,Netherlands,Desktop,Direct,30,153,514.4,0.417,69,14,5,543.0,14,4,0,0.357,1,0.1667,0.3571,5.1,76.24,High Value Loyal,2,High Value Loyal Customers
CUST-104243,2025-05-20,United Kingdom,Mobile,Organic Search,37,153,406.8,0.191,61,9,5,577.57,2,4,0,0.116,1,0.1351,0.5556,4.14,72.27,High Value Loyal,2,High Value Loyal Customers
CUST-104244,2025-04-04,Canada,Desktop,Paid Search,21,96,439.5,0.305,33,2,0,0.0,9,1,1,0.103,0,0.0,0.0,4.57,63.79,Engaged Non-Buyers,0,Product Researchers
CUST-104245,2025-05-10,United Kingdom,Desktop,Referral,8,60,426.8,0.254,39,3,3,146.58,26,3,1,0.69,0,0.375,1.0,7.5,75.42,Deal Seekers,4,Engaged Non-Buyers
CUST-104246,2025-02-16,United Kingdom,Mobile,Organic Search,1,9,60.5,0.666,4,1,0,0.0,67,0,0,0.225,0,0.0,0.0,9.0,37.61,One-time Visitors,1,Low Engagement / At-Risk Visitors
CUST-104247,2025-05-26,United Kingdom,Desktop,Paid Search,13,88,400.0,0.085,44,9,2,58.33,10,1,1,0.872,1,0.1538,0.2222,6.77,77.56,Deal Seekers,4,Engaged Non-Buyers
CUST-104248,2025-05-11,United Kingdom,Desktop,Organic Search,19,106,430.7,0.25,54,2,1,73.25,67,1,1,0.294,1,0.0526,0.5,5.58,74.33,Product Researchers,0,Product Researchers
CUST-104249,2025-05-02,United Kingdom,Mobile,Paid Social,4,21,64.4,0.476,8,0,0,0.0,130,0,0,0.168,0,0.0,0.0,5.25,35.18,One-time Visitors,3,Engaged Non-Buyers
CUST-104250,2025-03-03,Germany,Tablet,Referral,17,119,569.2,0.141,72,2,1,75.34,37,3,0,0.588,1,0.0588,0.5,7.0,91.8,Product Researchers,0,Product Researchers
CUST-104251,2025-01-20,United Kingdom,Tablet,Organic Search,14,91,614.3,0.259,53,1,1,94.63,41,3,0,0.369,0,0.0714,1.0,6.5,85.14,Product Researchers,4,Engaged Non-Buyers
CUST-104252,2025-05-27,France,Desktop,Email,3,20,78.8,0.948,10,0,0,0.0,94,0,0,0.358,0,0.0,0.0,6.67,29.16,One-time Visitors,3,Engaged Non-Buyers
CUST-104253,2025-05-04,United States,Desktop,Paid Search,25,105,380.9,0.425,41,5,1,38.34,3,0,0,0.678,1,0.04,0.2,4.2,59.15,Deal Seekers,4,Engaged Non-Buyers
CUST-104254,2025-02-16,France,Mobile,Paid Search,1,7,95.0,0.732,6,1,0,0.0,97,0,0,0.298,0,0.0,0.0,7.0,35.16,One-time Visitors,1,Low Engagement / At-Risk Visitors
CUST-104255,2025-02-11,United Kingdom,Mobile,Paid Search,35,168,531.9,0.108,68,18,8,894.25,3,1,0,0.451,1,0.2286,0.4444,4.8,83.89,High Value Loyal,2,High Value Loyal Customers
CUST-104256,2025-02-08,India,Desktop,Paid Search,3,12,94.1,0.951,6,0,0,0.0,45,0,0,0.241,1,0.0,0.0,4.0,20.27,One-time Visitors,3,Engaged Non-Buyers
CUST-104257,2025-01-27,United Kingdom,Desktop,Direct,13,91,443.5,0.469,56,0,1,81.11,70,1,1,0.158,1,0.0769,0.0,7.0,74.56,Product Researchers,0,Product Researchers
CUST-104258,2025-01-17,India,Tablet,Organic Search,2,11,94.9,0.625,3,0,0,0.0,142,0,0,0.471,0,0.0,0.0,5.5,32.24,One-time Visitors,3,Engaged Non-Buyers
CUST-104259,2025-02-11,United States,Mobile,Referral,32,155,418.5,0.507,57,12,9,845.41,7,2,1,0.251,1,0.2812,0.75,4.84,65.93,High Value Loyal,2,High Value Loyal Customers
CUST-104260,2025-01-29,Australia,Mobile,Direct,17,94,467.5,0.358,36,5,0,0.0,41,4,0,0.258,0,0.0,0.0,5.53,67.78,Engaged Non-Buyers,0,Product Researchers
CUST-104261,2025-01-02,United Kingdom,Desktop,Paid Search,26,133,387.4,0.187,49,6,0,0.0,63,1,0,0.055,1,0.0,0.0,5.12,70.77,Engaged Non-Buyers,0,Product Researchers
CUST-104262,2025-02-08,Australia,Desktop,Organic Search,21,111,399.6,0.289,36,6,1,49.95,45,0,1,0.099,1,0.0476,0.1667,5.29,65.34,Engaged Non-Buyers,0,Product Researchers
CUST-104263,2025-03-27,France,Mobile,Paid Search,3,15,35.2,0.686,5,1,1,63.86,137,3,0,0.239,1,0.3333,1.0,5.0,26.78,One-time Visitors,3,Engaged Non-Buyers
CUST-104264,2025-03-14,United States,Mobile,Organic Search,3,19,109.8,0.743,8,0,0,0.0,103,0,0,0.553,0,0.0,0.0,6.33,34.16,One-time Visitors,3,Engaged Non-Buyers
CUST-104265,2025-01-26,France,Desktop,Paid Social,30,152,422.7,0.132,61,12,8,885.05,4,2,1,0.112,1,0.2667,0.6667,5.07,77.44,High Value Loyal,2,High Value Loyal Customers
CUST-104266,2025-01-14,France,Mobile,Referral,17,100,362.9,0.151,53,3,2,106.65,55,5,2,0.438,1,0.1176,0.6667,5.88,74.06,Product Researchers,4,Engaged Non-Buyers
CUST-104267,2025-02-09,Canada,Mobile,Organic Search,22,114,225.8,0.415,41,6,4,259.34,33,3,0,0.939,0,0.1818,0.6667,5.18,54.72,Deal Seekers,4,Engaged Non-Buyers
CUST-104268,2025-04-20,Germany,Desktop,Organic Search,26,122,363.8,0.152,47,9,5,424.9,6,4,0,0.07,1,0.1923,0.5556,4.69,68.52,High Value Loyal,2,High Value Loyal Customers
CUST-104269,2025-04-20,United Kingdom,Mobile,Display,3,10,101.5,0.871,4,0,0,0.0,88,0,0,0.17,1,0.0,0.0,3.33,19.95,One-time Visitors,3,Engaged Non-Buyers
CUST-104270,2025-06-12,United Kingdom,Desktop,Paid Social,26,133,460.1,0.561,54,1,1,52.42,28,3,0,0.413,0,0.0385,1.0,5.12,66.58,Engaged Non-Buyers,4,Engaged Non-Buyers
CUST-104271,2025-04-29,Australia,Mobile,Organic Search,16,81,574.4,0.491,33,2,1,60.59,28,1,2,0.056,1,0.0625,0.5,5.06,67.42,Engaged Non-Buyers,0,Product Researchers
CUST-104272,2025-01-19,Germany,Mobile,Email,14,92,512.1,0.343,50,2,0,0.0,53,2,2,0.806,0,0.0,0.0,6.57,77.95,Product Researchers,0,Product Researchers
CUST-104273,2025-01-27,France,Mobile,Referral,25,133,314.0,0.502,48,6,6,418.22,32,5,1,0.783,1,0.24,1.0,5.32,59.54,Deal Seekers,4,Engaged Non-Buyers
CUST-104274,2025-04-17,Australia,Mobile,Paid Search,1,11,71.8,0.76,9,1,0,0.0,111,0,0,0.254,0,0.0,0.0,11.0,37.35,One-time Visitors,1,Low Engagement / At-Risk Visitors
CUST-104275,2025-02-19,France,Mobile,Referral,26,135,528.4,0.087,67,14,5,411.05,7,3,3,0.104,1,0.1923,0.3571,5.19,85.47,High Value Loyal,2,High Value Loyal Customers
CUST-104276,2025-06-29,India,Mobile,Paid Search,3,19,124.1,0.928,9,0,0,0.0,127,0,0,0.524,0,0.0,0.0,6.33,30.56,One-time Visitors,3,Engaged Non-Buyers
CUST-104277,2025-05-17,United States,Mobile,Referral,19,101,374.2,0.525,46,1,0,0.0,60,2,1,0.186,0,0.0,0.0,5.32,61.35,Engaged Non-Buyers,0,Product Researchers
CUST-104278,2025-05-06,Canada,Tablet,Paid Social,2,10,137.4,0.886,4,0,0,0.0,101,1,0,0.238,1,0.0,0.0,5.0,26.57,One-time Visitors,3,Engaged Non-Buyers
CUST-104279,2025-03-29,United Kingdom,Desktop,Paid Search,20,121,547.7,0.177,49,2,1,46.6,7,0,2,0.36,1,0.05,0.5,6.05,81.95,Engaged Non-Buyers,0,Product Researchers
CUST-104280,2025-03-25,Canada,Mobile,Referral,16,94,368.7,0.497,52,10,3,245.72,26,5,1,0.929,0,0.1875,0.3,5.88,65.36,Deal Seekers,4,Engaged Non-Buyers
CUST-104281,2025-06-26,France,Tablet,Paid Search,20,117,334.8,0.335,52,1,1,88.92,45,1,0,0.14,0,0.05,1.0,5.85,67.64,Engaged Non-Buyers,4,Engaged Non-Buyers
CUST-104282,2025-02-16,Germany,Desktop,Paid Search,12,69,400.6,0.101,37,10,1,82.68,16,2,0,0.775,1,0.0833,0.1,5.75,71.85,Deal Seekers,4,Engaged Non-Buyers
CUST-104283,2025-03-11,United States,Desktop,Direct,15,86,372.2,0.536,50,2,0,0.0,45,2,1,0.571,1,0.0,0.0,5.73,63.51,Product Researchers,0,Product Researchers
CUST-104284,2025-01-23,Netherlands,Mobile,Paid Social,20,110,583.8,0.145,41,3,0,0.0,59,2,0,0.313,1,0.0,0.0,5.5,80.36,Engaged Non-Buyers,0,Product Researchers
CUST-104285,2025-06-16,United States,Mobile,Paid Search,10,92,645.1,0.181,63,2,0,0.0,47,2,2,0.465,1,0.0,0.0,9.2,94.86,Product Researchers,0,Product Researchers
CUST-104286,2025-05-03,India,Desktop,Organic Search,3,14,128.3,0.941,8,0,0,0.0,116,0,0,0.284,1,0.0,0.0,4.67,24.94,One-time Visitors,3,Engaged Non-Buyers
CUST-104287,2025-04-12,India,Tablet,Direct,22,113,344.7,0.152,43,5,2,130.12,24,3,1,0.822,1,0.0909,0.4,5.14,67.72,Deal Seekers,4,Engaged Non-Buyers
CUST-104288,2025-06-27,United Kingdom,Mobile,Referral,21,127,527.6,0.059,70,14,3,434.2,2,2,1,0.07,1,0.1429,0.2143,6.05,88.8,High Value Loyal,2,High Value Loyal Customers
CUST-104289,2025-06-09,United States,Mobile,Direct,15,100,469.8,0.471,48,4,0,0.0,42,2,0,0.191,1,0.0,0.0,6.67,72.31,Engaged Non-Buyers,0,Product Researchers
CUST-104290,2025-01-03,United Kingdom,Mobile,Email,18,92,485.3,0.113,40,3,0,0.0,26,1,0,0.273,1,0.0,0.0,5.11,74.73,Engaged Non-Buyers,0,Product Researchers
CUST-104291,2025-06-19,Netherlands,Mobile,Paid Search,2,15,88.3,0.796,6,0,0,0.0,139,0,0,0.095,1,0.0,0.0,7.5,34.79,One-time Visitors,1,Low Engagement / At-Risk Visitors
CUST-104292,2025-03-06,United States,Desktop,Direct,12,94,545.3,0.259,55,3,0,0.0,71,2,0,0.408,0,0.0,0.0,7.83,87.2,Product Researchers,0,Product Researchers
CUST-104293,2025-04-24,India,Desktop,Organic Search,16,79,295.8,0.245,34,5,3,187.81,28,1,0,0.666,1,0.1875,0.6,4.94,59.55,Deal Seekers,4,Engaged Non-Buyers
CUST-104294,2025-02-14,France,Mobile,Organic Search,27,157,512.4,0.136,64,13,7,999.32,9,0,0,0.513,1,0.2593,0.5385,5.81,85.09,High Value Loyal,2,High Value Loyal Customers
CUST-104295,2025-06-29,Australia,Mobile,Organic Search,16,76,574.6,0.234,38,6,0,0.0,12,2,0,0.328,1,0.0,0.0,4.75,74.41,Engaged Non-Buyers,0,Product Researchers
CUST-104296,2025-03-01,United States,Mobile,Email,21,108,540.9,0.177,40,2,0,0.0,51,2,0,0.406,1,0.0,0.0,5.14,75.99,Engaged Non-Buyers,0,Product Researchers
CUST-104297,2025-06-02,United States,Tablet,Referral,17,85,264.6,0.274,36,3,4,259.8,19,0,1,0.759,1,0.2353,1.0,5.0,58.07,Deal Seekers,4,Engaged Non-Buyers
CUST-104298,2025-06-04,United Kingdom,Mobile,Paid Search,1,8,67.7,0.506,7,0,0,0.0,88,0,0,0.258,0,0.0,0.0,8.0,42.89,One-time Visitors,1,Low Engagement / At-Risk Visitors
CUST-104299,2025-03-29,United Kingdom,Mobile,Referral,21,122,445.7,0.282,55,3,1,58.62,53,2,1,0.253,1,0.0476,0.3333,5.81,75.33,Product Researchers,0,Product Researchers
CUST-104300,2025-05-23,India,Desktop,Direct,17,110,287.5,0.38,58,1,0,0.0,32,4,1,0.708,1,0.0,0.0,6.47,67.95,Product Researchers,0,Product Researchers
CUST-104301,2025-02-26,Canada,Mobile,Paid Social,15,90,391.9,0.471,52,3,0,0.0,10,0,0,0.521,1,0.0,0.0,6.0,67.56,Product Researchers,0,Product Researchers
CUST-104302,2025-03-14,United States,Mobile,Referral,14,93,317.1,0.302,49,1,0,0.0,61,2,0,0.222,1,0.0,0.0,6.64,69.15,Product Researchers,0,Product Researchers
CUST-104303,2025-05-30,Australia,Desktop,Paid Search,30,159,811.8,0.217,64,11,12,1704.23,8,2,2,0.043,1,0.4,1.0,5.3,85.83,High Value Loyal,2,High Value Loyal Customers
CUST-104304,2025-06-17,United States,Desktop,Organic Search,16,87,402.3,0.387,38,3,4,201.56,42,1,1,0.782,1,0.25,1.0,5.44,64.11,Deal Seekers,4,Engaged Non-Buyers
CUST-104305,2025-02-07,United States,Mobile,Direct,13,83,321.2,0.1,45,5,1,41.75,6,4,2,0.826,1,0.0769,0.2,6.38,72.35,Deal Seekers,4,Engaged Non-Buyers
CUST-104306,2025-03-06,India,Mobile,Email,11,92,248.7,0.201,56,0,2,96.58,16,3,1,0.295,0,0.1818,0.0,8.36,74.64,Product Researchers,0,Product Researchers
CUST-104307,2025-01-18,Canada,Desktop,Paid Social,17,96,438.5,0.434,49,1,0,0.0,47,4,1,0.211,1,0.0,0.0,5.65,68.8,Product Researchers,0,Product Researchers
CUST-104308,2025-03-05,India,Mobile,Paid Search,15,79,395.2,0.254,38,2,1,76.38,62,3,0,0.366,1,0.0667,0.5,5.27,66.55,Engaged Non-Buyers,0,Product Researchers
CUST-104309,2025-01-02,France,Desktop,Organic Search,19,87,492.5,0.083,44,4,0,0.0,20,1,0,0.203,0,0.0,0.0,4.58,75.39,Engaged Non-Buyers,0,Product Researchers
CUST-104310,2025-01-04,India,Mobile,Paid Search,2,18,83.5,0.766,7,0,0,0.0,128,0,0,0.316,0,0.0,0.0,9.0,37.19,One-time Visitors,1,Low Engagement / At-Risk Visitors
CUST-104311,2025-01-14,France,Mobile,Organic Search,15,108,481.4,0.291,60,3,0,0.0,73,3,0,0.413,0,0.0,0.0,7.2,82.75,Product Researchers,0,Product Researchers
CUST-104312,2025-03-18,United Kingdom,Mobile,Paid Social,18,129,420.9,0.19,59,3,0,0.0,24,1,0,0.341,1,0.0,0.0,7.17,81.84,Product Researchers,0,Product Researchers
CUST-104313,2025-05-05,United Kingdom,Desktop,Organic Search,15,83,316.1,0.167,46,3,0,0.0,11,0,1,0.516,0,0.0,0.0,5.53,68.07,Product Researchers,0,Product Researchers
CUST-104314,2025-01-28,United Kingdom,Mobile,Organic Search,14,114,353.6,0.183,56,2,0,0.0,63,2,1,0.527,1,0.0,0.0,8.14,80.33,Product Researchers,0,Product Researchers
CUST-104315,2025-02-28,United Kingdom,Mobile,Direct,19,79,616.2,0.444,31,3,1,43.43,60,1,0,0.575,0,0.0526,0.3333,4.16,66.43,Engaged Non-Buyers,0,Product Researchers
CUST-104316,2025-06-22,Canada,Mobile,Paid Social,1,12,106.6,0.697,9,0,0,0.0,149,0,0,0.189,0,0.0,0.0,12.0,40.69,One-time Visitors,1,Low Engagement / At-Risk Visitors
CUST-104317,2025-06-11,United States,Desktop,Paid Social,4,20,140.6,0.622,7,1,0,0.0,118,0,0,0.234,0,0.0,0.0,5.0,34.26,One-time Visitors,3,Engaged Non-Buyers
CUST-104318,2025-02-21,United Kingdom,Desktop,Paid Search,14,90,265.0,0.256,50,1,0,0.0,72,1,1,0.515,1,0.0,0.0,6.43,67.33,Product Researchers,0,Product Researchers
CUST-104319,2025-03-09,India,Mobile,Direct,13,107,481.2,0.245,61,3,1,118.45,70,4,0,0.358,1,0.0769,0.3333,8.23,86.69,Product Researchers,0,Product Researchers
CUST-104320,2025-04-05,Germany,Tablet,Direct,11,90,570.7,0.378,55,1,0,0.0,71,1,1,0.6,1,0.0,0.0,8.18,86.0,Product Researchers,0,Product Researchers
CUST-104321,2025-01-20,United States,Mobile,Organic Search,4,12,87.3,0.741,4,1,0,0.0,165,0,0,0.17,0,0.0,0.0,3.0,21.44,One-time Visitors,3,Engaged Non-Buyers
CUST-104322,2025-04-16,United States,Mobile,Organic Search,4,21,115.8,0.614,9,0,0,0.0,126,0,0,0.322,0,0.0,0.0,5.25,34.61,One-time Visitors,3,Engaged Non-Buyers
CUST-104323,2025-04-28,India,Desktop,Direct,3,13,157.1,0.704,3,0,0,0.0,137,0,0,0.078,0,0.0,0.0,4.33,29.73,One-time Visitors,3,Engaged Non-Buyers
CUST-104324,2025-03-30,India,Mobile,Paid Social,13,81,535.2,0.644,44,0,0,0.0,63,1,0,0.52,1,0.0,0.0,6.23,68.67,Product Researchers,0,Product Researchers
CUST-104325,2025-04-16,United States,Desktop,Direct,15,97,226.6,0.263,46,10,0,0.0,25,2,1,0.88,0,0.0,0.0,6.47,64.12,Deal Seekers,4,Engaged Non-Buyers
CUST-104326,2025-04-28,Netherlands,Desktop,Direct,2,7,160.0,0.804,4,0,0,0.0,47,0,0,0.559,0,0.0,0.0,3.5,25.07,One-time Visitors,3,Engaged Non-Buyers
CUST-104327,2025-01-24,Canada,Desktop,Organic Search,2,14,107.4,0.536,5,0,0,0.0,165,1,0,0.104,0,0.0,0.0,7.0,40.39,One-time Visitors,1,Low Engagement / At-Risk Visitors
CUST-104328,2025-05-09,United States,Desktop,Paid Search,18,105,514.8,0.304,41,4,0,0.0,27,3,0,0.484,1,0.0,0.0,5.83,73.98,Engaged Non-Buyers,0,Product Researchers
CUST-104329,2025-06-02,Australia,Mobile,Organic Search,13,101,278.7,0.264,58,4,2,106.41,30,1,1,0.584,1,0.1538,0.5,7.77,74.46,Product Researchers,4,Engaged Non-Buyers
CUST-104330,2025-06-15,United Kingdom,Mobile,Paid Social,24,114,331.1,0.394,48,4,1,55.72,39,1,0,0.577,1,0.0417,0.25,4.75,61.31,Deal Seekers,4,Engaged Non-Buyers
CUST-104331,2025-03-25,Netherlands,Desktop,Organic Search,18,96,451.7,0.441,46,4,0,0.0,37,2,1,0.167,1,0.0,0.0,5.33,67.37,Engaged Non-Buyers,0,Product Researchers
CUST-104332,2025-03-29,Netherlands,Desktop,Paid Search,26,140,538.4,0.101,72,20,5,565.17,4,2,1,0.13,1,0.1923,0.25,5.38,86.22,High Value Loyal,2,High Value Loyal Customers
CUST-104333,2025-03-16,United Kingdom,Mobile,Direct,26,132,666.6,0.442,56,11,9,1109.74,5,0,2,0.468,1,0.3462,0.8182,5.08,77.05,High Value Loyal,2,High Value Loyal Customers
CUST-104334,2025-05-25,United States,Desktop,Referral,3,16,135.1,0.749,5,1,0,0.0,127,0,0,0.12,0,0.0,0.0,5.33,31.23,One-time Visitors,3,Engaged Non-Buyers
CUST-104335,2025-04-03,United Kingdom,Desktop,Paid Search,1,11,103.1,0.875,6,0,0,0.0,50,0,0,0.09,0,0.0,0.0,11.0,35.12,One-time Visitors,1,Low Engagement / At-Risk Visitors
CUST-104336,2025-04-24,United Kingdom,Desktop,Organic Search,17,92,177.8,0.403,40,10,4,307.16,40,3,0,0.876,1,0.2353,0.4,5.41,53.03,Deal Seekers,4,Engaged Non-Buyers
CUST-104337,2025-04-10,United Kingdom,Desktop,Paid Search,24,138,614.6,0.181,69,13,6,406.84,14,3,1,0.367,1,0.25,0.4615,5.75,88.45,High Value Loyal,2,High Value Loyal Customers
CUST-104338,2025-01-02,United Kingdom,Desktop,Paid Social,14,88,491.7,0.378,51,1,1,80.23,28,1,0,0.45,1,0.0714,1.0,6.29,75.48,Product Researchers,4,Engaged Non-Buyers
CUST-104339,2025-05-23,United Kingdom,Mobile,Email,2,8,141.4,0.656,4,1,0,0.0,47,0,0,0.205,0,0.0,0.0,4.0,29.4,One-time Visitors,3,Engaged Non-Buyers
CUST-104340,2025-03-04,United States,Desktop,Direct,22,103,319.3,0.102,34,2,0,0.0,8,1,1,0.507,1,0.0,0.0,4.68,63.52,Engaged Non-Buyers,0,Product Researchers
CUST-104341,2025-04-29,India,Mobile,Direct,16,89,201.6,0.413,43,4,1,45.66,41,0,0,0.45,1,0.0625,0.25,5.56,55.37,Deal Seekers,4,Engaged Non-Buyers
CUST-104342,2025-05-09,India,Mobile,Paid Social,19,108,350.8,0.213,45,7,3,211.27,37,1,1,0.556,1,0.1579,0.4286,5.68,68.83,Deal Seekers,4,Engaged Non-Buyers
CUST-104343,2025-06-09,United States,Mobile,Direct,5,24,58.2,0.69,8,0,0,0.0,118,1,0,0.162,0,0.0,0.0,4.8,28.12,One-time Visitors,3,Engaged Non-Buyers
CUST-104344,2025-04-15,Netherlands,Desktop,Email,5,21,108.2,0.562,4,0,0,0.0,85,0,0,0.338,1,0.0,0.0,4.2,30.72,One-time Visitors,3,Engaged Non-Buyers
CUST-104345,2025-05-30,Netherlands,Mobile,Paid Search,18,79,323.2,0.196,38,5,4,284.82,16,4,1,0.868,1,0.2222,0.8,4.39,61.66,Deal Seekers,4,Engaged Non-Buyers
CUST-104346,2025-01-19,Canada,Mobile,Paid Search,26,158,760.4,0.042,69,16,6,778.47,12,2,1,0.185,1,0.2308,0.375,6.08,92.93,High Value Loyal,2,High Value Loyal Customers
CUST-104347,2025-05-11,United Kingdom,Mobile,Paid Social,22,115,417.3,0.166,40,6,3,117.4,13,1,1,0.746,1,0.1364,0.5,5.23,70.35,Deal Seekers,4,Engaged Non-Buyers
CUST-104348,2025-01-07,United States,Desktop,Display,23,105,350.3,0.485,39,8,4,225.73,3,0,2,0.95,1,0.1739,0.5,4.57,56.65,Deal Seekers,4,Engaged Non-Buyers
CUST-104349,2025-03-28,United Kingdom,Mobile,Organic Search,18,106,408.0,0.337,51,2,0,0.0,39,5,2,0.514,0,0.0,0.0,5.89,71.08,Product Researchers,0,Product Researchers
CUST-104350,2025-01-14,United Kingdom,Mobile,Paid Social,15,87,384.4,0.293,42,8,2,129.28,16,2,3,0.778,0,0.1333,0.25,5.8,67.95,Deal Seekers,4,Engaged Non-Buyers
CUST-104351,2025-06-02,United States,Mobile,Paid Search,28,146,505.8,0.313,63,10,3,251.05,8,3,0,0.362,1,0.1071,0.3,5.21,78.15,High Value Loyal,2,High Value Loyal Customers
CUST-104352,2025-01-26,India,Mobile,Direct,12,77,572.4,0.201,36,1,0,0.0,8,2,0,0.17,1,0.0,0.0,6.42,79.73,Engaged Non-Buyers,0,Product Researchers
CUST-104353,2025-02-18,India,Mobile,Direct,4,11,109.4,0.792,5,0,0,0.0,144,0,0,0.077,0,0.0,0.0,2.75,20.81,One-time Visitors,3,Engaged Non-Buyers
CUST-104354,2025-05-06,United Kingdom,Mobile,Display,38,165,592.5,0.26,58,12,7,802.2,9,0,0,0.337,1,0.1842,0.5833,4.34,79.53,High Value Loyal,2,High Value Loyal Customers
CUST-104355,2025-04-09,United Kingdom,Mobile,Display,2,16,140.0,0.885,8,1,0,0.0,50,0,0,0.06,0,0.0,0.0,8.0,37.33,One-time Visitors,1,Low Engagement / At-Risk Visitors
CUST-104356,2025-05-13,United Kingdom,Mobile,Organic Search,25,110,494.5,0.596,37,6,2,130.57,44,1,0,0.685,1,0.08,0.3333,4.4,59.96,Deal Seekers,4,Engaged Non-Buyers
CUST-104357,2025-01-07,Australia,Mobile,Paid Search,16,104,505.5,0.343,61,2,1,86.78,72,2,0,0.422,0,0.0625,0.5,6.5,80.79,Product Researchers,0,Product Researchers
CUST-104358,2025-01-11,United States,Mobile,Paid Social,20,107,386.4,0.208,51,2,0,0.0,8,3,2,0.69,1,0.0,0.0,5.35,71.52,Product Researchers,0,Product Researchers
CUST-104359,2025-03-14,United Kingdom,Mobile,Direct,1,6,81.4,0.864,3,1,0,0.0,50,0,0,0.128,0,0.0,0.0,6.0,27.14,One-time Visitors,3,Engaged Non-Buyers
CUST-104360,2025-05-31,United Kingdom,Mobile,Email,21,108,504.9,0.247,44,2,0,0.0,37,2,0,0.184,1,0.0,0.0,5.14,73.67,Engaged Non-Buyers,0,Product Researchers
CUST-104361,2025-06-16,United States,Desktop,Direct,14,78,349.3,0.263,39,9,4,338.14,30,3,2,0.832,1,0.2857,0.4444,5.57,65.3,Deal Seekers,4,Engaged Non-Buyers
CUST-104362,2025-03-23,Canada,Mobile,Organic Search,38,162,661.9,0.308,60,14,3,372.2,10,5,0,0.409,1,0.0789,0.2143,4.26,79.07,High Value Loyal,2,High Value Loyal Customers
CUST-104363,2025-04-05,Australia,Tablet,Paid Search,22,126,316.2,0.268,48,6,0,0.0,29,4,2,0.842,1,0.0,0.0,5.73,66.78,Deal Seekers,4,Engaged Non-Buyers
CUST-104364,2025-01-08,Netherlands,Desktop,Paid Social,18,105,420.1,0.15,44,10,2,125.97,9,0,0,0.824,1,0.1111,0.2,5.83,74.01,Deal Seekers,4,Engaged Non-Buyers
CUST-104365,2025-04-11,United States,Mobile,Paid Search,16,97,259.8,0.341,48,5,0,0.0,13,2,0,0.577,1,0.0,0.0,6.06,63.17,Deal Seekers,0,Product Researchers
CUST-104366,2025-05-13,United States,Tablet,Organic Search,14,96,559.2,0.18,55,0,0,0.0,24,1,2,0.288,1,0.0,0.0,6.86,86.81,Product Researchers,0,Product Researchers
CUST-104367,2025-06-01,United States,Desktop,Display,14,94,269.4,0.23,51,3,2,100.71,69,4,0,0.462,1,0.1429,0.6667,6.71,69.39,Product Researchers,4,Engaged Non-Buyers
CUST-104368,2025-03-05,United States,Desktop,Display,13,86,367.7,0.288,41,1,1,39.15,31,3,0,0.207,1,0.0769,1.0,6.62,69.47,Engaged Non-Buyers,4,Engaged Non-Buyers
CUST-104369,2025-04-24,France,Desktop,Organic Search,20,89,593.0,0.297,32,3,0,0.0,34,1,0,0.226,1,0.0,0.0,4.45,70.98,Engaged Non-Buyers,0,Product Researchers
CUST-104370,2025-03-11,United Kingdom,Mobile,Paid Search,15,78,417.8,0.612,38,1,1,93.39,47,2,0,0.285,1,0.0667,1.0,5.2,58.54,Product Researchers,4,Engaged Non-Buyers
CUST-104371,2025-03-23,Canada,Desktop,Paid Search,14,77,376.5,0.093,41,5,0,0.0,29,4,1,0.409,1,0.0,0.0,5.5,71.31,Product Researchers,0,Product Researchers
CUST-104372,2025-02-11,Germany,Mobile,Direct,16,92,420.7,0.093,41,3,0,0.0,13,2,1,0.16,0,0.0,0.0,5.75,74.29,Engaged Non-Buyers,0,Product Researchers
CUST-104373,2025-05-25,United Kingdom,Mobile,Direct,4,24,45.7,0.554,12,0,0,0.0,145,0,0,0.399,0,0.0,0.0,6.0,35.89,One-time Visitors,3,Engaged Non-Buyers
CUST-104374,2025-04-24,United Kingdom,Mobile,Display,18,97,425.2,0.309,45,4,0,0.0,23,2,0,0.058,1,0.0,0.0,5.39,69.22,Engaged Non-Buyers,0,Product Researchers
CUST-104375,2025-02-25,Germany,Mobile,Direct,19,115,427.9,0.295,64,0,0,0.0,70,3,0,0.57,0,0.0,0.0,6.05,77.63,Product Researchers,0,Product Researchers
CUST-104376,2025-03-03,United Kingdom,Mobile,Direct,31,131,628.8,0.097,61,18,2,259.45,5,2,0,0.657,1,0.0645,0.1111,4.23,84.56,High Value Loyal,2,High Value Loyal Customers
CUST-104377,2025-04-01,Germany,Mobile,Paid Search,22,109,257.3,0.129,34,6,3,165.43,6,1,0,0.792,1,0.1364,0.5,4.95,60.6,Deal Seekers,4,Engaged Non-Buyers
CUST-104378,2025-03-29,India,Desktop,Email,22,119,326.3,0.086,54,3,1,83.81,22,2,2,0.815,0,0.0455,0.3333,5.41,72.67,Deal Seekers,4,Engaged Non-Buyers
CUST-104379,2025-03-02,United Kingdom,Desktop,Display,5,20,20.0,0.863,7,0,0,0.0,139,0,0,0.463,0,0.0,0.0,4.0,19.08,One-time Visitors,3,Engaged Non-Buyers
CUST-104380,2025-01-29,United Kingdom,Desktop,Paid Search,2,11,70.9,0.924,8,1,1,33.13,145,0,0,0.149,0,0.5,1.0,5.5,25.1,One-time Visitors,3,Engaged Non-Buyers
CUST-104381,2025-02-09,United Kingdom,Desktop,Direct,28,144,516.3,0.469,66,17,6,650.99,10,4,1,0.249,1,0.2143,0.3529,5.14,75.16,High Value Loyal,2,High Value Loyal Customers
CUST-104382,2025-02-22,United States,Mobile,Paid Search,4,13,76.2,0.408,7,0,0,0.0,105,0,0,0.155,1,0.0,0.0,3.25,30.92,One-time Visitors,3,Engaged Non-Buyers
CUST-104383,2025-01-07,Canada,Mobile,Organic Search,2,9,67.5,0.681,4,0,0,0.0,146,0,0,0.357,0,0.0,0.0,4.5,26.65,One-time Visitors,3,Engaged Non-Buyers
CUST-104384,2025-03-15,Australia,Mobile,Paid Search,18,114,508.5,0.551,50,5,1,113.19,69,2,1,0.34,1,0.0556,0.2,6.33,71.83,Product Researchers,0,Product Researchers
CUST-104385,2025-04-10,Australia,Mobile,Direct,21,117,396.3,0.09,59,1,1,71.88,24,3,1,0.508,0,0.0476,1.0,5.57,78.14,Product Researchers,4,Engaged Non-Buyers
CUST-104386,2025-06-15,Netherlands,Mobile,Organic Search,12,98,466.8,0.224,63,3,1,63.35,43,0,1,0.427,0,0.0833,0.3333,8.17,87.13,Product Researchers,0,Product Researchers
CUST-104387,2025-04-05,United States,Desktop,Organic Search,3,21,85.4,0.665,10,0,0,0.0,93,0,0,0.178,0,0.0,0.0,7.0,37.58,One-time Visitors,1,Low Engagement / At-Risk Visitors
CUST-104388,2025-05-22,United Kingdom,Mobile,Paid Social,13,79,561.4,0.16,49,0,0,0.0,17,2,1,0.235,0,0.0,0.0,6.08,83.14,Product Researchers,0,Product Researchers
CUST-104389,2025-01-27,India,Mobile,Direct,20,93,389.0,0.339,28,2,0,0.0,45,1,2,0.111,1,0.0,0.0,4.65,59.13,Engaged Non-Buyers,0,Product Researchers
CUST-104390,2025-05-03,France,Mobile,Paid Search,4,20,20.0,0.671,7,0,0,0.0,113,0,0,0.3,0,0.0,0.0,5.0,26.99,One-time Visitors,3,Engaged Non-Buyers
CUST-104391,2025-05-12,United Kingdom,Mobile,Direct,19,112,334.7,0.274,51,3,1,80.41,46,1,0,0.507,0,0.0526,0.3333,5.89,69.0,Product Researchers,0,Product Researchers
CUST-104392,2025-06-15,Netherlands,Desktop,Paid Search,3,12,20.0,0.699,3,0,0,0.0,161,0,0,0.134,0,0.0,0.0,4.0,21.96,One-time Visitors,3,Engaged Non-Buyers
CUST-104393,2025-06-18,Canada,Tablet,Direct,12,101,571.4,0.182,66,4,0,0.0,42,0,0,0.257,1,0.0,0.0,8.42,94.01,Product Researchers,0,Product Researchers
CUST-104394,2025-01-13,United States,Mobile,Organic Search,15,68,253.8,0.398,25,6,0,0.0,27,3,0,0.864,1,0.0,0.0,4.53,49.59,Deal Seekers,4,Engaged Non-Buyers
CUST-104395,2025-06-09,India,Mobile,Organic Search,4,19,114.5,0.789,7,0,0,0.0,79,1,0,0.438,0,0.0,0.0,4.75,27.99,One-time Visitors,3,Engaged Non-Buyers
CUST-104396,2025-02-20,Germany,Mobile,Direct,18,80,510.9,0.45,39,3,0,0.0,15,1,1,0.184,1,0.0,0.0,4.44,65.19,Engaged Non-Buyers,0,Product Researchers
CUST-104397,2025-03-12,United Kingdom,Desktop,Direct,21,121,489.6,0.298,55,1,1,70.56,18,1,2,0.249,1,0.0476,1.0,5.76,76.96,Product Researchers,4,Engaged Non-Buyers
CUST-104398,2025-02-28,United Kingdom,Mobile,Organic Search,14,104,541.8,0.709,56,2,0,0.0,65,1,0,0.281,0,0.0,0.0,7.43,74.82,Product Researchers,0,Product Researchers
CUST-104399,2025-01-15,France,Mobile,Paid Social,24,141,376.1,0.132,77,13,8,951.15,2,4,1,0.167,1,0.3333,0.6154,5.88,78.86,High Value Loyal,2,High Value Loyal Customers
CUST-104400,2025-06-09,Germany,Tablet,Referral,41,178,421.7,0.023,67,14,5,720.01,6,2,3,0.189,1,0.122,0.3571,4.34,79.07,High Value Loyal,2,High Value Loyal Customers
CUST-104401,2025-05-28,United States,Desktop,Direct,21,99,333.4,0.258,32,7,1,42.65,42,1,0,0.661,1,0.0476,0.1429,4.71,59.8,Deal Seekers,4,Engaged Non-Buyers
CUST-104402,2025-06-21,France,Mobile,Organic Search,16,78,471.0,0.268,39,1,0,0.0,55,2,0,0.16,1,0.0,0.0,4.88,69.08,Engaged Non-Buyers,0,Product Researchers
CUST-104403,2025-05-17,United Kingdom,Tablet,Organic Search,30,149,571.7,0.23,68,15,7,650.79,13,2,1,0.078,1,0.2333,0.4667,4.97,83.35,High Value Loyal,2,High Value Loyal Customers
CUST-104404,2025-01-11,United Kingdom,Desktop,Organic Search,19,95,498.6,0.376,49,6,2,137.72,27,1,1,0.694,1,0.1053,0.3333,5.0,71.23,Deal Seekers,4,Engaged Non-Buyers
CUST-104405,2025-01-29,United States,Mobile,Organic Search,3,19,59.6,0.494,6,0,0,0.0,68,0,0,0.196,0,0.0,0.0,6.33,37.28,One-time Visitors,3,Engaged Non-Buyers
CUST-104406,2025-05-17,United States,Desktop,Organic Search,12,82,591.4,0.173,44,1,0,0.0,63,2,2,0.22,1,0.0,0.0,6.83,85.14,Engaged Non-Buyers,0,Product Researchers
CUST-104407,2025-01-21,United Kingdom,Desktop,Organic Search,23,118,519.0,0.138,52,3,0,0.0,18,5,2,0.154,1,0.0,0.0,5.13,79.53,Engaged Non-Buyers,0,Product Researchers
CUST-104408,2025-05-06,United Kingdom,Mobile,Organic Search,4,22,55.7,0.812,7,0,0,0.0,88,0,0,0.074,0,0.0,0.0,5.5,26.83,One-time Visitors,3,Engaged Non-Buyers
CUST-104409,2025-01-27,Germany,Mobile,Organic Search,29,142,544.3,0.143,60,18,4,456.37,10,1,0,0.046,1,0.1379,0.2222,4.9,82.4,High Value Loyal,2,High Value Loyal Customers
CUST-104410,2025-04-14,United States,Mobile,Organic Search,9,91,450.9,0.299,67,0,0,0.0,14,1,0,0.687,1,0.0,0.0,10.11,85.07,Product Researchers,0,Product Researchers
CUST-104411,2025-01-02,United Kingdom,Mobile,Organic Search,20,106,627.9,0.128,51,5,0,0.0,5,1,1,0.142,1,0.0,0.0,5.3,84.06,Engaged Non-Buyers,0,Product Researchers
CUST-104412,2025-03-07,United Kingdom,Desktop,Referral,12,74,391.9,0.335,41,10,4,318.28,44,1,0,0.907,1,0.3333,0.4,6.17,68.1,Deal Seekers,4,Engaged Non-Buyers
CUST-104413,2025-04-24,United Kingdom,Desktop,Organic Search,23,128,358.6,0.191,61,14,4,556.07,11,1,1,0.014,1,0.1739,0.2857,5.57,74.31,High Value Loyal,2,High Value Loyal Customers
CUST-104414,2025-02-11,United Kingdom,Mobile,Direct,18,97,509.1,0.264,44,3,0,0.0,64,3,1,0.669,1,0.0,0.0,5.39,74.24,Engaged Non-Buyers,0,Product Researchers
CUST-104415,2025-01-01,United Kingdom,Mobile,Direct,17,103,391.4,0.203,45,2,0,0.0,28,3,1,0.225,1,0.0,0.0,6.06,72.28,Engaged Non-Buyers,0,Product Researchers
CUST-104416,2025-04-15,United Kingdom,Mobile,Organic Search,2,8,91.5,0.632,4,0,0,0.0,149,0,0,0.199,1,0.0,0.0,4.0,27.51,One-time Visitors,3,Engaged Non-Buyers
CUST-104417,2025-02-07,United Kingdom,Mobile,Direct,17,75,397.0,0.484,38,7,1,78.9,5,2,1,0.598,1,0.0588,0.1429,4.41,58.22,Deal Seekers,4,Engaged Non-Buyers
CUST-104418,2025-06-14,United States,Desktop,Paid Social,4,17,142.7,0.601,7,0,0,0.0,115,0,0,0.243,0,0.0,0.0,4.25,32.56,One-time Visitors,3,Engaged Non-Buyers
CUST-104419,2025-01-21,United Kingdom,Desktop,Paid Search,30,167,426.2,0.031,69,7,2,223.09,7,3,0,0.288,1,0.0667,0.2857,5.57,82.93,High Value Loyal,0,Product Researchers
CUST-104420,2025-02-26,Australia,Mobile,Organic Search,21,121,318.8,0.171,44,2,1,86.02,32,2,1,0.804,0,0.0476,0.5,5.76,68.21,Deal Seekers,4,Engaged Non-Buyers
CUST-104421,2025-04-09,United Kingdom,Mobile,Paid Search,29,158,596.7,0.2,54,13,6,618.39,10,1,1,0.504,1,0.2069,0.4615,5.45,83.47,High Value Loyal,2,High Value Loyal Customers
CUST-104422,2025-06-15,United Kingdom,Mobile,Paid Search,17,76,334.2,0.43,32,10,1,87.6,33,2,1,0.49,1,0.0588,0.1,4.47,54.77,Deal Seekers,4,Engaged Non-Buyers
CUST-104423,2025-04-14,United Kingdom,Mobile,Organic Search,18,95,346.1,0.306,50,1,0,0.0,25,3,0,0.311,0,0.0,0.0,5.28,66.53,Engaged Non-Buyers,0,Product Researchers
CUST-104424,2025-04-29,United Kingdom,Mobile,Organic Search,1,7,99.7,0.688,6,0,0,0.0,130,1,0,0.36,0,0.0,0.0,7.0,36.52,One-time Visitors,1,Low Engagement / At-Risk Visitors
CUST-104425,2025-02-15,United Kingdom,Mobile,Paid Social,2,12,156.7,0.655,6,0,0,0.0,153,0,0,0.082,0,0.0,0.0,6.0,37.06,One-time Visitors,3,Engaged Non-Buyers
CUST-104426,2025-02-08,Germany,Desktop,Paid Search,2,10,66.8,0.825,6,0,0,0.0,115,0,0,0.446,0,0.0,0.0,5.0,25.2,One-time Visitors,3,Engaged Non-Buyers
CUST-104427,2025-05-27,India,Tablet,Paid Search,20,97,310.8,0.172,32,5,4,193.1,4,3,1,0.421,1,0.2,0.8,4.85,61.24,Deal Seekers,4,Engaged Non-Buyers
CUST-104428,2025-06-19,Canada,Mobile,Direct,30,161,650.8,0.054,66,8,4,569.24,9,0,1,0.096,1,0.1333,0.5,5.37,90.43,High Value Loyal,2,High Value Loyal Customers
CUST-104429,2025-01-30,Germany,Mobile,Organic Search,27,143,502.0,0.561,55,11,3,256.49,9,2,0,0.29,0,0.1111,0.2727,5.3,69.55,Deal Seekers,4,Engaged Non-Buyers
CUST-104430,2025-06-17,United Kingdom,Mobile,Organic Search,19,85,543.9,0.353,45,3,0,0.0,6,2,0,0.11,1,0.0,0.0,4.47,71.2,Engaged Non-Buyers,0,Product Researchers
CUST-104431,2025-05-23,United Kingdom,Mobile,Direct,10,91,430.1,0.225,59,2,0,0.0,55,0,0,0.308,0,0.0,0.0,9.1,84.03,Product Researchers,0,Product Researchers
CUST-104432,2025-04-23,Netherlands,Mobile,Paid Social,32,150,409.4,0.069,62,11,5,537.91,10,2,1,0.267,1,0.1562,0.4545,4.69,77.46,High Value Loyal,2,High Value Loyal Customers
CUST-104433,2025-05-16,France,Mobile,Paid Social,23,125,414.9,0.479,51,2,2,121.99,19,3,1,0.909,1,0.087,1.0,5.43,66.45,Deal Seekers,4,Engaged Non-Buyers
CUST-104434,2025-06-18,United States,Desktop,Paid Search,14,117,439.7,0.355,67,2,0,0.0,35,2,0,0.222,1,0.0,0.0,8.36,83.1,Product Researchers,0,Product Researchers
CUST-104435,2025-05-01,Netherlands,Desktop,Paid Search,17,111,496.1,0.568,57,4,3,250.76,29,4,1,0.785,1,0.1765,0.75,6.53,73.54,Deal Seekers,4,Engaged Non-Buyers
CUST-104436,2025-05-11,India,Desktop,Direct,25,144,513.9,0.091,59,11,7,742.46,2,3,1,0.486,1,0.28,0.6364,5.76,84.57,High Value Loyal,2,High Value Loyal Customers
CUST-104437,2025-04-29,United Kingdom,Mobile,Paid Social,16,111,439.9,0.365,65,2,0,0.0,70,2,1,0.204,1,0.0,0.0,6.94,79.55,Product Researchers,0,Product Researchers
CUST-104438,2025-05-31,Germany,Mobile,Paid Search,19,101,315.6,0.443,44,1,0,0.0,18,1,3,0.172,0,0.0,0.0,5.32,59.86,Engaged Non-Buyers,0,Product Researchers
CUST-104439,2025-05-23,United States,Desktop,Organic Search,16,88,353.5,0.192,43,5,3,142.75,37,2,1,0.743,1,0.1875,0.6,5.5,68.28,Deal Seekers,4,Engaged Non-Buyers
CUST-104440,2025-06-15,India,Desktop,Paid Search,16,116,348.8,0.292,65,3,0,0.0,37,1,1,0.675,1,0.0,0.0,7.25,77.79,Product Researchers,0,Product Researchers
CUST-104441,2025-04-02,United Kingdom,Mobile,Direct,6,27,120.3,0.842,4,0,0,0.0,130,0,0,0.275,0,0.0,0.0,4.5,25.26,One-time Visitors,3,Engaged Non-Buyers
CUST-104442,2025-02-12,United States,Mobile,Paid Search,15,105,594.0,0.331,55,3,0,0.0,66,2,0,0.286,1,0.0,0.0,7.0,85.22,Product Researchers,0,Product Researchers
CUST-104443,2025-05-19,Australia,Desktop,Paid Search,4,15,64.2,0.705,3,0,0,0.0,168,0,0,0.26,0,0.0,0.0,3.75,23.24,One-time Visitors,3,Engaged Non-Buyers
CUST-104444,2025-06-24,India,Desktop,Direct,3,13,132.3,0.818,3,0,0,0.0,125,1,1,0.42,0,0.0,0.0,4.33,25.64,One-time Visitors,3,Engaged Non-Buyers
CUST-104445,2025-01-24,United States,Mobile,Organic Search,1,5,78.5,0.717,5,0,0,0.0,57,0,0,0.515,0,0.0,0.0,5.0,28.17,One-time Visitors,3,Engaged Non-Buyers
CUST-104446,2025-03-14,Canada,Desktop,Display,32,169,638.5,0.228,69,16,11,1574.48,14,2,2,0.163,1,0.3438,0.6875,5.28,85.8,High Value Loyal,2,High Value Loyal Customers
CUST-104447,2025-04-24,Germany,Mobile,Direct,11,95,393.6,0.259,60,1,0,0.0,47,1,1,0.52,0,0.0,0.0,8.64,81.66,Product Researchers,0,Product Researchers
CUST-104448,2025-03-26,France,Mobile,Organic Search,34,179,615.8,0.029,77,17,4,417.6,2,1,1,0.743,1,0.1176,0.2353,5.26,90.72,High Value Loyal,2,High Value Loyal Customers
CUST-104449,2025-03-29,United States,Desktop,Email,38,182,537.5,0.093,71,14,4,516.69,10,1,1,0.674,1,0.1053,0.2857,4.79,84.51,High Value Loyal,2,High Value Loyal Customers
CUST-104450,2025-02-08,United Kingdom,Mobile,Paid Social,27,137,246.1,0.09,71,11,4,577.49,13,3,0,0.399,1,0.1481,0.3636,5.07,70.91,High Value Loyal,2,High Value Loyal Customers
CUST-104451,2025-03-12,Canada,Desktop,Referral,17,101,402.1,0.405,52,9,1,40.13,21,1,0,0.801,0,0.0588,0.1111,5.94,69.54,Deal Seekers,4,Engaged Non-Buyers
CUST-104452,2025-06-07,Australia,Mobile,Organic Search,13,68,385.1,0.254,41,2,0,0.0,54,2,0,0.04,1,0.0,0.0,5.23,66.87,Engaged Non-Buyers,0,Product Researchers
CUST-104453,2025-01-15,France,Mobile,Organic Search,19,85,368.9,0.11,39,4,1,58.88,38,3,0,0.587,0,0.0526,0.25,4.47,66.69,Deal Seekers,4,Engaged Non-Buyers
CUST-104454,2025-05-13,United States,Mobile,Paid Search,25,145,504.9,0.029,65,6,1,106.56,12,1,1,0.026,1,0.04,0.1667,5.8,87.64,High Value Loyal,0,Product Researchers
CUST-104455,2025-04-27,Germany,Desktop,Direct,28,105,170.8,0.2,32,7,3,192.3,10,1,1,0.776,0,0.1071,0.4286,3.75,50.1,Deal Seekers,4,Engaged Non-Buyers
CUST-104456,2025-06-18,United States,Desktop,Direct,1,12,118.1,0.939,8,0,1,49.44,86,0,0,0.188,0,1.0,0.0,12.0,34.9,One-time Visitors,1,Low Engagement / At-Risk Visitors
CUST-104457,2025-01-09,United Kingdom,Mobile,Referral,12,97,487.1,0.289,60,3,1,76.71,46,1,1,0.478,1,0.0833,0.3333,8.08,85.59,Product Researchers,0,Product Researchers
CUST-104458,2025-06-28,United States,Mobile,Email,16,121,531.1,0.44,61,3,1,38.77,61,3,1,0.212,1,0.0625,0.3333,7.56,82.95,Product Researchers,0,Product Researchers
CUST-104459,2025-02-25,Canada,Mobile,Paid Search,3,21,104.6,0.846,4,0,0,0.0,170,1,0,0.209,0,0.0,0.0,7.0,32.19,One-time Visitors,1,Low Engagement / At-Risk Visitors
CUST-104460,2025-04-15,Netherlands,Mobile,Direct,12,71,258.6,0.184,36,6,3,65.63,38,1,1,0.926,1,0.25,0.5,5.92,62.91,Deal Seekers,4,Engaged Non-Buyers
CUST-104461,2025-04-07,India,Desktop,Direct,3,23,119.7,0.972,7,0,0,0.0,174,1,0,0.097,0,0.0,0.0,7.67,32.79,One-time Visitors,1,Low Engagement / At-Risk Visitors
CUST-104462,2025-01-16,United Kingdom,Mobile,Direct,9,72,404.4,0.309,45,5,0,0.0,57,1,0,0.311,0,0.0,0.0,8.0,76.35,Product Researchers,0,Product Researchers
CUST-104463,2025-04-13,United Kingdom,Tablet,Paid Search,21,102,316.2,0.564,32,3,2,135.77,23,2,1,0.494,1,0.0952,0.6667,4.86,51.72,Deal Seekers,4,Engaged Non-Buyers
CUST-104464,2025-05-17,India,Desktop,Paid Social,19,101,319.4,0.28,35,3,4,229.94,6,0,1,0.758,0,0.2105,1.0,5.32,61.35,Deal Seekers,4,Engaged Non-Buyers
CUST-104465,2025-03-21,Netherlands,Mobile,Email,22,116,475.4,0.258,46,2,2,107.55,19,3,3,0.643,1,0.0909,1.0,5.27,72.95,Engaged Non-Buyers,4,Engaged Non-Buyers
CUST-104466,2025-01-11,India,Desktop,Organic Search,4,20,162.9,0.886,7,1,0,0.0,159,1,0,0.452,0,0.0,0.0,5.0,28.78,One-time Visitors,3,Engaged Non-Buyers
CUST-104467,2025-02-04,France,Desktop,Paid Search,10,71,480.5,0.196,49,2,2,133.45,71,2,0,0.258,1,0.2,1.0,7.1,81.4,Product Researchers,4,Engaged Non-Buyers
CUST-104468,2025-06-06,United States,Desktop,Email,12,73,544.7,0.396,45,0,0,0.0,11,3,1,0.259,1,0.0,0.0,6.08,75.2,Product Researchers,0,Product Researchers
CUST-104469,2025-04-05,United Kingdom,Desktop,Organic Search,6,27,109.8,0.869,8,0,0,0.0,140,0,0,0.347,0,0.0,0.0,4.5,25.3,One-time Visitors,3,Engaged Non-Buyers
CUST-104470,2025-05-19,Netherlands,Mobile,Email,24,138,438.1,0.321,65,11,7,746.23,9,1,0,0.47,1,0.2917,0.6364,5.75,76.85,High Value Loyal,2,High Value Loyal Customers
CUST-104471,2025-06-14,United Kingdom,Mobile,Organic Search,36,172,520.7,0.167,68,13,3,357.2,7,2,4,0.244,1,0.0833,0.2308,4.78,81.8,High Value Loyal,2,High Value Loyal Customers
CUST-104472,2025-03-23,France,Desktop,Paid Social,1,8,103.2,0.934,7,0,0,0.0,168,1,0,0.067,1,0.0,0.0,8.0,33.96,One-time Visitors,1,Low Engagement / At-Risk Visitors
CUST-104473,2025-04-07,Netherlands,Mobile,Organic Search,4,9,99.4,0.724,2,0,0,0.0,66,0,0,0.556,0,0.0,0.0,2.25,19.53,One-time Visitors,3,Engaged Non-Buyers
CUST-104474,2025-01-10,United States,Mobile,Paid Social,13,79,524.6,0.301,48,5,0,0.0,62,3,1,0.233,1,0.0,0.0,6.08,77.46,Engaged Non-Buyers,0,Product Researchers
CUST-104475,2025-05-31,Australia,Mobile,Paid Social,3,9,167.4,0.562,6,1,0,0.0,51,0,0,0.271,0,0.0,0.0,3.0,30.55,One-time Visitors,3,Engaged Non-Buyers
CUST-104476,2025-01-09,United Kingdom,Desktop,Organic Search,3,14,80.8,0.834,7,0,0,0.0,47,0,0,0.125,1,0.0,0.0,4.67,24.92,One-time Visitors,3,Engaged Non-Buyers
CUST-104477,2025-03-08,United Kingdom,Mobile,Direct,11,77,528.9,0.497,46,0,1,68.0,70,0,1,0.432,1,0.0909,0.0,7.0,75.04,Product Researchers,0,Product Researchers
CUST-104478,2025-02-24,Germany,Mobile,Organic Search,10,86,446.8,0.359,60,2,0,0.0,72,2,2,0.486,0,0.0,0.0,8.6,81.84,Product Researchers,0,Product Researchers
CUST-104479,2025-06-22,United Kingdom,Mobile,Email,20,122,311.5,0.097,52,1,0,0.0,11,2,0,0.529,1,0.0,0.0,6.1,73.22,Product Researchers,0,Product Researchers
CUST-104480,2025-05-07,India,Mobile,Direct,17,99,387.6,0.391,51,4,1,32.69,31,1,2,0.387,1,0.0588,0.25,5.82,68.5,Engaged Non-Buyers,0,Product Researchers
CUST-104481,2025-02-27,United Kingdom,Mobile,Referral,19,93,586.5,0.191,38,2,1,60.99,28,3,1,0.379,0,0.0526,0.5,4.89,76.53,Engaged Non-Buyers,0,Product Researchers
CUST-104482,2025-04-17,United Kingdom,Desktop,Direct,13,80,330.0,0.276,44,4,0,0.0,25,0,0,0.588,1,0.0,0.0,6.15,67.36,Engaged Non-Buyers,0,Product Researchers
CUST-104483,2025-04-19,United Kingdom,Mobile,Direct,15,106,452.3,0.186,65,1,0,0.0,66,1,1,0.486,0,0.0,0.0,7.07,85.06,Product Researchers,0,Product Researchers
CUST-104484,2025-01-08,United Kingdom,Desktop,Organic Search,15,80,364.0,0.23,35,5,2,116.0,32,1,1,0.705,1,0.1333,0.4,5.33,64.9,Deal Seekers,4,Engaged Non-Buyers
CUST-104485,2025-03-19,United Kingdom,Mobile,Organic Search,26,141,512.9,0.143,65,11,6,730.12,14,2,0,0.256,1,0.2308,0.5455,5.42,84.01,High Value Loyal,2,High Value Loyal Customers
CUST-104486,2025-06-17,India,Desktop,Direct,16,78,369.5,0.451,44,5,0,0.0,22,3,0,0.438,1,0.0,0.0,4.88,60.96,Engaged Non-Buyers,0,Product Researchers
CUST-104487,2025-06-02,Germany,Mobile,Paid Search,29,156,621.8,0.082,74,11,2,250.88,6,0,0,0.632,1,0.069,0.1818,5.38,89.75,High Value Loyal,2,High Value Loyal Customers
CUST-104488,2025-01-25,France,Desktop,Organic Search,19,102,444.4,0.424,40,9,2,128.55,23,3,0,0.813,1,0.1053,0.2222,5.37,65.7,Deal Seekers,4,Engaged Non-Buyers
CUST-104489,2025-02-27,United Kingdom,Desktop,Paid Search,5,20,99.6,0.744,6,0,0,0.0,159,0,1,0.343,0,0.0,0.0,4.0,25.73,One-time Visitors,3,Engaged Non-Buyers
CUST-104490,2025-06-05,Netherlands,Desktop,Referral,18,91,348.0,0.346,50,2,1,54.28,38,3,1,0.754,1,0.0556,0.5,5.06,64.92,Deal Seekers,4,Engaged Non-Buyers
CUST-104491,2025-04-04,United Kingdom,Mobile,Paid Social,7,20,31.7,0.877,5,0,0,0.0,68,0,0,0.092,0,0.0,0.0,2.86,15.13,One-time Visitors,3,Engaged Non-Buyers
CUST-104492,2025-01-27,United States,Mobile,Organic Search,17,82,322.2,0.255,34,7,2,61.45,44,1,1,0.916,1,0.1176,0.2857,4.82,60.28,Deal Seekers,4,Engaged Non-Buyers
CUST-104493,2025-03-08,United Kingdom,Mobile,Email,3,13,86.7,0.919,4,0,0,0.0,175,0,0,0.087,0,0.0,0.0,4.33,21.14,One-time Visitors,3,Engaged Non-Buyers
CUST-104494,2025-06-25,Australia,Mobile,Display,1,16,20.0,0.662,7,0,0,0.0,156,0,0,0.178,1,0.0,0.0,16.0,36.6,One-time Visitors,1,Low Engagement / At-Risk Visitors
CUST-104495,2025-03-28,United States,Mobile,Organic Search,20,116,492.1,0.216,51,6,1,52.04,23,2,1,0.51,1,0.05,0.1667,5.8,78.01,Deal Seekers,0,Product Researchers
CUST-104496,2025-05-15,France,Tablet,Organic Search,17,95,500.2,0.18,49,9,2,113.81,24,2,3,0.801,1,0.1176,0.2222,5.59,78.05,Deal Seekers,4,Engaged Non-Buyers
CUST-104497,2025-02-12,United Kingdom,Mobile,Direct,16,103,462.2,0.187,51,1,0,0.0,62,3,2,0.297,1,0.0,0.0,6.44,79.23,Product Researchers,0,Product Researchers
CUST-104498,2025-02-26,India,Mobile,Referral,13,91,493.7,0.092,60,0,0,0.0,23,4,0,0.536,1,0.0,0.0,7.0,87.72,Product Researchers,0,Product Researchers
CUST-104499,2025-06-29,United Kingdom,Mobile,Paid Search,18,103,338.8,0.233,46,3,0,0.0,24,0,0,0.376,0,0.0,0.0,5.72,68.14,Engaged Non-Buyers,0,Product Researchers
CUST-104500,2025-04-10,Australia,Mobile,Direct,12,87,609.7,0.173,59,3,1,76.67,61,2,2,0.469,1,0.0833,0.3333,7.25,91.48,Product Researchers,0,Product Researchers
CUST-104501,2025-02-14,United Kingdom,Desktop,Paid Social,14,94,420.0,0.323,45,0,0,0.0,34,2,1,0.061,1,0.0,0.0,6.71,72.76,Product Researchers,0,Product Researchers
CUST-104502,2025-01-12,United Kingdom,Mobile,Direct,16,99,360.2,0.392,53,0,0,0.0,8,3,1,0.588,0,0.0,0.0,6.19,68.85,Product Researchers,0,Product Researchers
CUST-104503,2025-06-23,France,Desktop,Organic Search,23,96,245.3,0.227,40,8,2,152.94,41,4,1,0.904,1,0.087,0.25,4.17,56.94,Deal Seekers,4,Engaged Non-Buyers
CUST-104504,2025-06-22,United Kingdom,Mobile,Direct,3,23,187.5,0.827,8,0,0,0.0,139,0,0,0.108,0,0.0,0.0,7.67,40.13,One-time Visitors,1,Low Engagement / At-Risk Visitors
CUST-104505,2025-02-13,United Kingdom,Mobile,Organic Search,12,80,309.6,0.178,48,1,1,70.89,53,1,1,0.553,0,0.0833,1.0,6.67,71.62,Product Researchers,4,Engaged Non-Buyers
CUST-104506,2025-02-26,United Kingdom,Mobile,Paid Social,14,64,442.9,0.124,32,2,0,0.0,24,6,1,0.163,1,0.0,0.0,4.57,68.18,Engaged Non-Buyers,0,Product Researchers
CUST-104507,2025-04-10,United Kingdom,Mobile,Direct,13,90,291.0,0.575,56,2,1,116.33,18,1,0,0.611,1,0.0769,0.5,6.92,64.05,Product Researchers,4,Engaged Non-Buyers
CUST-104508,2025-03-02,Canada,Tablet,Organic Search,14,104,540.8,0.098,44,5,1,77.56,26,1,0,0.167,0,0.0714,0.2,7.43,86.33,Engaged Non-Buyers,0,Product Researchers
CUST-104509,2025-03-18,Australia,Desktop,Paid Search,18,96,493.2,0.477,47,3,1,66.17,59,4,1,0.654,0,0.0556,0.3333,5.33,68.86,Product Researchers,4,Engaged Non-Buyers
CUST-104510,2025-06-15,United Kingdom,Desktop,Organic Search,10,79,402.2,0.269,52,2,2,203.66,54,2,1,0.673,1,0.2,1.0,7.9,79.09,Product Researchers,4,Engaged Non-Buyers
CUST-104511,2025-03-06,Australia,Desktop,Paid Social,12,73,388.8,0.308,43,6,3,186.34,21,1,0,0.893,0,0.25,0.5,6.08,68.99,Deal Seekers,4,Engaged Non-Buyers
CUST-104512,2025-02-14,United Kingdom,Desktop,Direct,3,12,170.4,0.566,5,0,0,0.0,113,0,0,0.114,1,0.0,0.0,4.0,33.4,One-time Visitors,3,Engaged Non-Buyers
CUST-104513,2025-04-11,United Kingdom,Desktop,Organic Search,33,143,479.3,0.128,51,13,9,1103.06,7,4,0,0.735,1,0.2727,0.6923,4.33,75.0,High Value Loyal,2,High Value Loyal Customers
CUST-104514,2025-04-25,United States,Desktop,Paid Search,15,101,229.0,0.444,41,5,1,64.58,41,0,0,0.583,1,0.0667,0.2,6.73,59.01,Deal Seekers,4,Engaged Non-Buyers
CUST-104515,2025-05-11,United Kingdom,Mobile,Paid Social,28,140,359.0,0.469,41,3,0,0.0,24,0,1,0.729,0,0.0,0.0,5.0,59.48,Deal Seekers,0,Product Researchers
CUST-104516,2025-01-11,India,Mobile,Organic Search,20,113,465.0,0.374,42,3,1,62.0,62,1,1,0.053,1,0.05,0.3333,5.65,69.47,Engaged Non-Buyers,0,Product Researchers
CUST-104517,2025-04-23,United States,Mobile,Direct,1,12,97.6,0.796,8,1,0,0.0,98,2,0,0.192,0,0.0,0.0,12.0,37.45,One-time Visitors,1,Low Engagement / At-Risk Visitors
CUST-104518,2025-02-05,United States,Mobile,Organic Search,22,113,233.1,0.203,38,3,2,163.45,17,0,2,0.907,0,0.0909,0.6667,5.14,59.32,Deal Seekers,4,Engaged Non-Buyers
CUST-104519,2025-04-03,United Kingdom,Desktop,Paid Social,17,85,674.6,0.072,37,3,0,0.0,57,3,2,0.149,0,0.0,0.0,5.0,80.2,Engaged Non-Buyers,0,Product Researchers
CUST-104520,2025-04-03,Australia,Mobile,Organic Search,21,98,493.0,0.099,34,3,0,0.0,24,5,1,0.424,1,0.0,0.0,4.67,72.23,Engaged Non-Buyers,0,Product Researchers
CUST-104521,2025-04-20,United Kingdom,Mobile,Display,29,162,420.1,0.043,66,10,12,1407.82,2,3,0,0.17,1,0.4138,1.0,5.59,82.38,High Value Loyal,2,High Value Loyal Customers
CUST-104522,2025-04-18,United Kingdom,Mobile,Email,14,101,377.3,0.481,43,6,2,126.61,6,3,0,0.961,1,0.1429,0.3333,7.21,67.61,Deal Seekers,4,Engaged Non-Buyers
CUST-104523,2025-04-19,United States,Mobile,Paid Social,4,26,116.2,0.482,4,1,0,0.0,46,0,0,0.284,0,0.0,0.0,6.5,40.3,One-time Visitors,3,Engaged Non-Buyers
CUST-104524,2025-01-19,India,Desktop,Organic Search,16,83,492.2,0.277,47,1,0,0.0,59,2,1,0.19,1,0.0,0.0,5.19,73.37,Engaged Non-Buyers,0,Product Researchers
CUST-104525,2025-03-27,Australia,Mobile,Organic Search,3,11,145.5,0.897,5,0,0,0.0,71,0,1,0.338,0,0.0,0.0,3.67,22.84,One-time Visitors,3,Engaged Non-Buyers
CUST-104526,2025-01-19,United Kingdom,Mobile,Direct,12,71,614.2,0.078,33,3,0,0.0,29,5,1,0.543,1,0.0,0.0,5.92,81.7,Engaged Non-Buyers,0,Product Researchers
CUST-104527,2025-06-21,Australia,Mobile,Organic Search,18,120,556.5,0.433,67,11,7,959.81,6,2,0,0.445,1,0.3889,0.6364,6.67,82.84,High Value Loyal,2,High Value Loyal Customers
CUST-104528,2025-06-13,United Kingdom,Mobile,Paid Search,33,173,350.5,0.134,60,5,7,760.72,7,1,0,0.228,1,0.2121,1.0,5.24,74.02,High Value Loyal,2,High Value Loyal Customers
CUST-104529,2025-01-10,Australia,Mobile,Paid Social,10,83,541.9,0.423,52,0,1,58.92,53,3,2,0.437,1,0.1,0.0,8.3,82.52,Product Researchers,0,Product Researchers
CUST-104530,2025-02-27,France,Mobile,Paid Social,30,156,501.4,0.339,68,10,4,452.13,12,1,0,0.084,1,0.1333,0.4,5.2,77.86,High Value Loyal,2,High Value Loyal Customers
CUST-104531,2025-03-31,Canada,Mobile,Referral,3,12,109.4,0.765,7,1,0,0.0,103,0,0,0.518,0,0.0,0.0,4.0,26.0,One-time Visitors,3,Engaged Non-Buyers
CUST-104532,2025-05-25,India,Mobile,Organic Search,20,93,365.4,0.143,36,4,0,0.0,9,3,0,0.167,1,0.0,0.0,4.65,65.31,Engaged Non-Buyers,0,Product Researchers
CUST-104533,2025-03-26,United Kingdom,Mobile,Paid Search,20,112,630.5,0.362,50,1,1,101.05,73,0,1,0.384,1,0.05,1.0,5.6,78.84,Product Researchers,4,Engaged Non-Buyers
CUST-104534,2025-04-27,United States,Desktop,Display,16,105,430.4,0.445,59,1,0,0.0,9,1,2,0.316,0,0.0,0.0,6.56,74.05,Product Researchers,0,Product Researchers
CUST-104535,2025-03-02,Canada,Desktop,Organic Search,13,89,398.2,0.428,49,1,1,59.7,63,2,1,0.303,1,0.0769,1.0,6.85,70.68,Product Researchers,4,Engaged Non-Buyers
CUST-104536,2025-01-12,United States,Mobile,Paid Search,18,103,479.1,0.506,47,13,1,67.62,11,3,2,0.944,1,0.0556,0.0769,5.72,68.65,Deal Seekers,4,Engaged Non-Buyers
CUST-104537,2025-02-06,United Kingdom,Mobile,Organic Search,26,135,472.2,0.056,64,12,8,801.96,4,1,2,0.51,1,0.3077,0.6667,5.19,83.14,High Value Loyal,2,High Value Loyal Customers
CUST-104538,2025-05-30,India,Desktop,Email,1,14,129.7,0.815,6,0,0,0.0,133,1,0,0.366,0,0.0,0.0,14.0,37.95,One-time Visitors,1,Low Engagement / At-Risk Visitors
CUST-104539,2025-02-20,United Kingdom,Mobile,Organic Search,14,83,313.2,0.173,43,3,0,0.0,41,2,2,0.18,1,0.0,0.0,5.93,68.1,Engaged Non-Buyers,0,Product Researchers
CUST-104540,2025-04-23,France,Mobile,Direct,9,86,544.1,0.186,55,0,0,0.0,35,2,1,0.81,0,0.0,0.0,9.56,89.47,Product Researchers,0,Product Researchers
CUST-104541,2025-04-08,United States,Desktop,Referral,33,147,499.5,0.102,59,10,12,1271.77,14,2,1,0.345,1,0.3636,1.0,4.45,79.49,High Value Loyal,2,High Value Loyal Customers
CUST-104542,2025-04-29,United Kingdom,Desktop,Paid Social,12,79,486.9,0.316,39,3,1,72.21,34,2,1,0.487,1,0.0833,0.3333,6.58,74.01,Engaged Non-Buyers,0,Product Researchers
CUST-104543,2025-06-14,United States,Mobile,Paid Social,14,86,507.7,0.322,44,10,0,0.0,38,1,0,0.936,1,0.0,0.0,6.14,75.06,Deal Seekers,4,Engaged Non-Buyers
CUST-104544,2025-06-09,Canada,Mobile,Email,2,6,79.0,0.756,4,0,0,0.0,113,0,0,0.373,0,0.0,0.0,3.0,20.65,One-time Visitors,3,Engaged Non-Buyers
CUST-104545,2025-01-28,United States,Tablet,Organic Search,6,23,38.5,0.551,5,1,0,0.0,164,0,0,0.192,1,0.0,0.0,3.83,26.65,One-time Visitors,3,Engaged Non-Buyers
CUST-104546,2025-06-21,Australia,Mobile,Referral,19,111,408.4,0.2,48,10,1,47.75,32,2,1,0.633,1,0.0526,0.1,5.84,73.44,Deal Seekers,4,Engaged Non-Buyers
CUST-104547,2025-06-02,Australia,Desktop,Organic Search,15,86,375.3,0.335,43,3,0,0.0,45,1,0,0.517,1,0.0,0.0,5.73,66.55,Product Researchers,0,Product Researchers
CUST-104548,2025-04-18,Australia,Mobile,Organic Search,14,94,531.8,0.156,58,3,1,76.97,74,2,0,0.192,1,0.0714,0.3333,6.71,86.52,Product Researchers,0,Product Researchers
CUST-104549,2025-04-05,Australia,Desktop,Paid Search,19,107,535.3,0.398,55,11,4,679.47,13,4,0,0.047,1,0.2105,0.3636,5.63,76.34,High Value Loyal,2,High Value Loyal Customers
CUST-104550,2025-04-25,United Kingdom,Desktop,Organic Search,24,116,314.5,0.423,44,4,2,163.13,10,1,1,0.729,1,0.0833,0.5,4.83,58.8,Deal Seekers,4,Engaged Non-Buyers
CUST-104551,2025-02-04,United States,Desktop,Paid Search,15,105,505.5,0.186,48,2,0,0.0,70,3,1,0.406,1,0.0,0.0,7.0,82.28,Product Researchers,0,Product Researchers
CUST-104552,2025-05-29,Canada,Mobile,Direct,4,15,112.1,0.641,4,0,0,0.0,86,1,0,0.386,0,0.0,0.0,3.75,27.52,One-time Visitors,3,Engaged Non-Buyers
CUST-104553,2025-03-24,Canada,Tablet,Direct,23,145,556.7,0.141,62,12,9,1031.31,5,1,0,0.2,1,0.3913,0.75,6.3,88.1,High Value Loyal,2,High Value Loyal Customers
CUST-104554,2025-02-26,France,Mobile,Direct,21,115,238.7,0.235,44,5,7,590.75,9,2,1,0.723,1,0.3333,1.0,5.48,61.71,Deal Seekers,2,High Value Loyal Customers
CUST-104555,2025-02-06,United Kingdom,Desktop,Organic Search,25,146,497.2,0.01,72,12,7,630.84,5,2,0,0.32,1,0.28,0.5833,5.84,87.86,High Value Loyal,2,High Value Loyal Customers
CUST-104556,2025-02-21,United Kingdom,Mobile,Email,22,103,361.2,0.263,41,1,1,56.9,51,0,0,0.438,0,0.0455,1.0,4.68,63.74,Engaged Non-Buyers,4,Engaged Non-Buyers
CUST-104557,2025-05-15,India,Mobile,Paid Search,24,157,319.7,0.082,75,14,3,406.31,11,1,0,0.206,1,0.125,0.2143,6.54,79.37,High Value Loyal,2,High Value Loyal Customers
CUST-104558,2025-05-05,India,Mobile,Referral,18,116,365.0,0.342,53,3,1,50.24,32,0,2,0.171,1,0.0556,0.3333,6.44,71.14,Product Researchers,0,Product Researchers
CUST-104559,2025-05-06,Netherlands,Mobile,Email,37,184,627.4,0.144,72,13,8,903.77,9,0,0,0.274,1,0.2162,0.6154,4.97,86.94,High Value Loyal,2,High Value Loyal Customers
CUST-104560,2025-03-18,Germany,Mobile,Direct,17,117,371.1,0.284,60,2,1,38.55,58,3,0,0.378,1,0.0588,0.5,6.88,76.43,Product Researchers,0,Product Researchers
CUST-104561,2025-04-09,United Kingdom,Mobile,Paid Social,5,15,44.7,0.916,4,0,0,0.0,179,0,0,0.138,0,0.0,0.0,3.0,14.94,One-time Visitors,3,Engaged Non-Buyers
CUST-104562,2025-02-18,Netherlands,Desktop,Organic Search,15,102,465.7,0.387,57,4,0,0.0,63,0,3,0.234,1,0.0,0.0,6.8,77.4,Product Researchers,0,Product Researchers
CUST-104563,2025-06-02,United Kingdom,Mobile,Paid Search,4,19,184.1,0.453,6,1,0,0.0,178,0,0,0.371,0,0.0,0.0,4.75,39.57,One-time Visitors,3,Engaged Non-Buyers
CUST-104564,2025-02-10,France,Mobile,Paid Search,17,90,293.8,0.189,43,8,1,80.27,23,0,0,0.452,1,0.0588,0.125,5.29,64.73,Deal Seekers,4,Engaged Non-Buyers
CUST-104565,2025-04-12,United Kingdom,Tablet,Paid Social,25,108,416.4,0.181,41,3,1,46.17,64,2,0,0.256,0,0.04,0.3333,4.32,67.41,Engaged Non-Buyers,0,Product Researchers
CUST-104566,2025-03-19,United Kingdom,Mobile,Paid Search,1,12,81.3,0.759,9,0,0,0.0,159,0,1,0.185,1,0.0,0.0,12.0,37.87,One-time Visitors,1,Low Engagement / At-Risk Visitors
CUST-104567,2025-02-03,Canada,Desktop,Direct,21,100,275.7,0.235,35,3,3,240.93,5,1,0,0.853,1,0.1429,1.0,4.76,58.56,Deal Seekers,4,Engaged Non-Buyers
CUST-104568,2025-04-19,United Kingdom,Desktop,Paid Social,14,82,446.4,0.448,52,5,0,0.0,32,1,0,0.518,0,0.0,0.0,5.86,70.43,Product Researchers,0,Product Researchers
CUST-104569,2025-03-18,United States,Mobile,Organic Search,32,173,498.6,0.219,77,13,8,960.05,14,3,1,0.332,1,0.25,0.6154,5.41,81.35,High Value Loyal,2,High Value Loyal Customers
CUST-104570,2025-04-06,United Kingdom,Desktop,Referral,16,100,510.3,0.134,39,3,0,0.0,62,3,1,0.282,1,0.0,0.0,6.25,78.69,Engaged Non-Buyers,0,Product Researchers
CUST-104571,2025-02-28,Canada,Mobile,Direct,13,85,548.3,0.485,44,2,0,0.0,32,6,2,0.172,1,0.0,0.0,6.54,74.26,Engaged Non-Buyers,0,Product Researchers
CUST-104572,2025-05-06,Australia,Mobile,Referral,13,94,310.3,0.369,48,2,0,0.0,23,0,2,0.259,1,0.0,0.0,7.23,68.66,Product Researchers,0,Product Researchers
CUST-104573,2025-06-26,India,Desktop,Paid Search,21,98,335.1,0.486,48,5,1,73.08,24,3,3,0.63,1,0.0476,0.2,4.67,58.96,Deal Seekers,4,Engaged Non-Buyers
CUST-104574,2025-02-22,United States,Tablet,Paid Search,3,10,123.8,0.685,4,0,0,0.0,121,0,0,0.517,0,0.0,0.0,3.33,25.71,One-time Visitors,3,Engaged Non-Buyers
CUST-104575,2025-02-04,United Kingdom,Mobile,Paid Social,12,81,274.6,0.196,45,4,4,278.58,28,1,3,0.961,0,0.3333,1.0,6.75,68.76,Deal Seekers,4,Engaged Non-Buyers
CUST-104576,2025-03-23,United Kingdom,Mobile,Organic Search,27,166,252.1,0.281,76,13,5,601.63,7,1,1,0.184,1,0.1852,0.3846,6.15,69.78,High Value Loyal,2,High Value Loyal Customers
CUST-104577,2025-06-16,United Kingdom,Tablet,Direct,3,18,66.1,0.796,10,1,0,0.0,159,0,0,0.144,0,0.0,0.0,6.0,30.24,One-time Visitors,3,Engaged Non-Buyers
CUST-104578,2025-06-07,United States,Tablet,Paid Search,14,112,631.7,0.28,62,3,1,78.26,56,0,0,0.438,1,0.0714,0.3333,8.0,92.08,Product Researchers,0,Product Researchers
CUST-104579,2025-01-02,United Kingdom,Mobile,Paid Search,25,117,436.3,0.4,51,2,0,0.0,18,2,1,0.536,1,0.0,0.0,4.68,67.14,Engaged Non-Buyers,0,Product Researchers
CUST-104580,2025-01-05,United Kingdom,Desktop,Direct,18,117,456.7,0.377,59,4,2,210.22,28,4,2,0.568,1,0.1111,0.5,6.5,76.89,Product Researchers,4,Engaged Non-Buyers
CUST-104581,2025-04-13,Netherlands,Mobile,Paid Social,23,130,485.5,0.21,61,19,6,603.45,6,3,2,0.098,1,0.2609,0.3158,5.65,80.45,High Value Loyal,2,High Value Loyal Customers
CUST-104582,2025-04-09,United States,Mobile,Direct,4,18,69.1,0.635,8,1,0,0.0,156,0,0,0.228,0,0.0,0.0,4.5,29.09,One-time Visitors,3,Engaged Non-Buyers
CUST-104583,2025-05-15,India,Tablet,Paid Search,16,82,638.9,0.238,41,6,0,0.0,28,3,0,0.172,1,0.0,0.0,5.12,77.69,Engaged Non-Buyers,0,Product Researchers
CUST-104584,2025-03-31,Australia,Mobile,Direct,24,134,471.1,0.096,73,12,6,667.3,10,1,1,0.217,1,0.25,0.5,5.58,83.59,High Value Loyal,2,High Value Loyal Customers
CUST-104585,2025-04-30,United Kingdom,Tablet,Paid Search,24,100,273.9,0.197,41,4,5,431.52,12,1,0,0.719,1,0.2083,1.0,4.17,59.39,Deal Seekers,4,Engaged Non-Buyers
CUST-104586,2025-04-27,United Kingdom,Mobile,Organic Search,16,105,572.3,0.706,61,2,1,58.81,36,1,0,0.37,1,0.0625,0.5,6.56,75.25,Product Researchers,0,Product Researchers
CUST-104587,2025-01-09,France,Mobile,Direct,2,20,97.6,0.769,8,0,0,0.0,111,0,0,0.141,0,0.0,0.0,10.0,38.11,One-time Visitors,1,Low Engagement / At-Risk Visitors
CUST-104588,2025-05-18,France,Desktop,Organic Search,2,14,85.0,0.454,6,0,0,0.0,113,1,0,0.102,1,0.0,0.0,7.0,41.62,One-time Visitors,1,Low Engagement / At-Risk Visitors
CUST-104589,2025-03-21,India,Mobile,Display,5,16,91.7,0.883,4,0,0,0.0,105,0,0,0.325,0,0.0,0.0,3.2,18.74,One-time Visitors,3,Engaged Non-Buyers
CUST-104590,2025-04-23,India,Mobile,Direct,23,119,595.8,0.278,51,1,0,0.0,25,2,0,0.099,0,0.0,0.0,5.17,79.7,Engaged Non-Buyers,0,Product Researchers
CUST-104591,2025-06-19,United Kingdom,Mobile,Paid Search,4,16,89.9,0.763,5,1,1,48.43,69,0,0,0.131,1,0.25,1.0,4.0,24.46,One-time Visitors,3,Engaged Non-Buyers
CUST-104592,2025-06-15,France,Desktop,Paid Social,29,147,768.9,0.288,61,19,4,336.61,1,0,0,0.238,1,0.1379,0.2105,5.07,82.41,High Value Loyal,2,High Value Loyal Customers
CUST-104593,2025-06-03,United Kingdom,Mobile,Organic Search,18,74,503.5,0.183,34,6,0,0.0,7,1,0,0.301,1,0.0,0.0,4.11,68.9,Engaged Non-Buyers,0,Product Researchers
CUST-104594,2025-06-27,United Kingdom,Mobile,Display,16,94,653.8,0.202,46,6,1,84.66,31,3,2,0.363,1,0.0625,0.1667,5.88,82.45,Engaged Non-Buyers,0,Product Researchers
CUST-104595,2025-05-05,France,Mobile,Organic Search,5,20,52.4,0.808,5,1,0,0.0,120,1,0,0.328,0,0.0,0.0,4.0,21.45,One-time Visitors,3,Engaged Non-Buyers
CUST-104596,2025-01-31,France,Mobile,Email,5,24,20.0,0.783,6,2,0,0.0,113,0,0,0.106,1,0.0,0.0,4.8,23.27,One-time Visitors,3,Engaged Non-Buyers
CUST-104597,2025-04-08,United States,Mobile,Organic Search,20,101,589.3,0.418,38,2,0,0.0,6,1,2,0.254,1,0.0,0.0,5.05,71.48,Engaged Non-Buyers,0,Product Researchers
CUST-104598,2025-04-14,United States,Desktop,Organic Search,29,148,711.8,0.156,58,15,6,586.11,1,1,3,0.2,1,0.2069,0.4,5.1,84.88,High Value Loyal,2,High Value Loyal Customers
CUST-104599,2025-03-23,India,Mobile,Paid Social,2,20,55.5,0.694,14,1,0,0.0,64,0,0,0.475,1,0.0,0.0,10.0,39.72,One-time Visitors,1,Low Engagement / At-Risk Visitors
CUST-104600,2025-01-01,United States,Desktop,Paid Search,29,141,479.7,0.039,64,11,7,985.74,5,0,1,0.13,1,0.2414,0.6364,4.86,82.88,High Value Loyal,2,High Value Loyal Customers
CUST-104601,2025-04-04,Netherlands,Desktop,Paid Social,13,60,257.2,0.382,32,5,5,142.36,30,1,0,0.895,1,0.3846,1.0,4.62,52.58,Deal Seekers,4,Engaged Non-Buyers
CUST-104602,2025-01-12,United States,Mobile,Paid Search,14,79,382.7,0.072,46,0,0,0.0,37,2,2,0.333,1,0.0,0.0,5.64,74.11,Engaged Non-Buyers,0,Product Researchers
CUST-104603,2025-06-18,United States,Mobile,Paid Social,13,85,566.5,0.255,48,4,1,74.2,67,5,0,0.168,1,0.0769,0.25,6.54,82.15,Product Researchers,0,Product Researchers
CUST-104604,2025-01-29,India,Mobile,Email,13,75,456.2,0.33,40,8,2,35.52,16,1,1,0.768,1,0.1538,0.25,5.77,69.91,Deal Seekers,4,Engaged Non-Buyers
CUST-104605,2025-05-05,United Kingdom,Mobile,Organic Search,17,97,297.4,0.568,32,8,6,449.0,6,2,1,0.645,1,0.3529,0.75,5.71,53.36,Deal Seekers,4,Engaged Non-Buyers
CUST-104606,2025-05-15,United States,Mobile,Referral,10,85,478.4,0.335,58,5,1,63.66,35,1,1,0.286,0,0.1,0.2,8.5,83.39,Product Researchers,0,Product Researchers
CUST-104607,2025-01-08,India,Desktop,Email,35,169,612.1,0.224,58,9,4,361.64,2,1,1,0.219,1,0.1143,0.4444,4.83,82.34,High Value Loyal,2,High Value Loyal Customers
CUST-104608,2025-01-30,United States,Mobile,Paid Search,12,102,522.6,0.344,53,1,0,0.0,14,2,0,0.728,1,0.0,0.0,8.5,83.84,Product Researchers,0,Product Researchers
CUST-104609,2025-03-18,India,Desktop,Paid Search,16,87,712.3,0.212,47,3,0,0.0,35,0,0,0.206,1,0.0,0.0,5.44,81.14,Engaged Non-Buyers,0,Product Researchers
CUST-104610,2025-05-27,United Kingdom,Mobile,Display,8,59,188.1,0.022,41,4,0,0.0,71,2,1,0.331,1,0.0,0.0,7.38,69.52,Product Researchers,0,Product Researchers
CUST-104611,2025-02-24,United Kingdom,Tablet,Paid Search,14,99,452.9,0.27,63,0,1,68.5,20,0,2,0.863,1,0.0714,0.0,7.07,82.38,Product Researchers,0,Product Researchers
CUST-104612,2025-02-05,United Kingdom,Mobile,Email,23,114,571.0,0.14,51,1,0,0.0,36,3,0,0.251,1,0.0,0.0,4.96,81.24,Engaged Non-Buyers,0,Product Researchers
CUST-104613,2025-06-07,India,Mobile,Direct,25,135,455.3,0.251,50,1,1,104.8,40,2,1,0.721,1,0.04,1.0,5.4,73.74,Product Researchers,4,Engaged Non-Buyers
CUST-104614,2025-06-24,Canada,Desktop,Paid Social,13,83,346.6,0.39,44,7,2,90.65,28,2,1,0.869,1,0.1538,0.2857,6.38,66.07,Deal Seekers,4,Engaged Non-Buyers
CUST-104615,2025-05-24,United Kingdom,Mobile,Paid Search,14,93,473.2,0.136,55,1,1,56.56,22,1,0,0.636,1,0.0714,1.0,6.64,82.93,Product Researchers,4,Engaged Non-Buyers
CUST-104616,2025-02-06,Canada,Mobile,Organic Search,14,99,449.0,0.424,49,4,0,0.0,13,1,1,0.216,1,0.0,0.0,7.07,74.02,Product Researchers,0,Product Researchers
CUST-104617,2025-01-27,United States,Desktop,Paid Social,20,100,552.4,0.478,42,3,0,0.0,32,2,0,0.24,0,0.0,0.0,5.0,69.21,Engaged Non-Buyers,0,Product Researchers
CUST-104618,2025-03-08,United States,Tablet,Organic Search,30,163,675.9,0.259,68,14,5,356.61,1,2,2,0.126,1,0.1667,0.3571,5.43,85.51,High Value Loyal,2,High Value Loyal Customers
CUST-104619,2025-01-02,Netherlands,Desktop,Paid Search,19,116,438.9,0.159,52,12,2,199.91,12,2,3,0.203,1,0.1053,0.1667,6.11,78.04,High Value Loyal,0,Product Researchers
CUST-104620,2025-02-26,Netherlands,Desktop,Paid Search,2,13,101.0,0.954,7,1,0,0.0,129,0,0,0.105,0,0.0,0.0,6.5,28.67,One-time Visitors,3,Engaged Non-Buyers
CUST-104621,2025-03-25,Australia,Mobile,Paid Search,36,153,593.0,0.361,50,11,6,519.51,2,1,0,0.453,1,0.1667,0.5455,4.25,74.28,High Value Loyal,2,High Value Loyal Customers
CUST-104622,2025-05-15,United Kingdom,Desktop,Paid Search,10,77,434.5,0.191,58,3,1,78.89,16,3,1,0.417,0,0.1,0.3333,7.7,83.87,Product Researchers,0,Product Researchers
CUST-104623,2025-04-22,Germany,Desktop,Paid Social,2,17,78.6,0.807,8,0,0,0.0,145,0,0,0.113,0,0.0,0.0,8.5,36.22,One-time Visitors,1,Low Engagement / At-Risk Visitors
CUST-104624,2025-03-29,Germany,Tablet,Paid Search,43,198,453.0,0.177,74,13,6,604.1,9,2,0,0.373,1,0.1395,0.4615,4.6,77.61,High Value Loyal,2,High Value Loyal Customers
CUST-104625,2025-04-24,India,Desktop,Organic Search,15,88,480.2,0.303,49,6,2,144.06,4,3,0,0.739,1,0.1333,0.3333,5.87,74.84,Deal Seekers,4,Engaged Non-Buyers
CUST-104626,2025-06-04,United Kingdom,Mobile,Paid Search,13,86,222.7,0.218,47,5,0,0.0,16,0,0,0.726,1,0.0,0.0,6.62,65.82,Deal Seekers,0,Product Researchers
CUST-104627,2025-01-15,United States,Desktop,Paid Search,19,120,604.2,0.271,55,0,0,0.0,8,3,0,0.355,1,0.0,0.0,6.32,84.87,Product Researchers,0,Product Researchers
CUST-104628,2025-01-31,United Kingdom,Mobile,Paid Search,3,19,79.8,0.821,4,0,0,0.0,134,0,0,0.2,0,0.0,0.0,6.33,29.49,One-time Visitors,3,Engaged Non-Buyers
CUST-104629,2025-05-14,Canada,Desktop,Paid Search,4,21,97.7,0.672,10,0,0,0.0,155,1,0,0.142,0,0.0,0.0,5.25,32.57,One-time Visitors,3,Engaged Non-Buyers
CUST-104630,2025-04-14,United Kingdom,Desktop,Email,24,132,465.4,0.273,69,15,9,1063.58,1,3,2,0.818,1,0.375,0.6,5.5,78.63,High Value Loyal,2,High Value Loyal Customers
CUST-104631,2025-01-03,Netherlands,Mobile,Paid Search,25,112,403.1,0.331,43,10,3,231.75,41,2,1,0.811,1,0.12,0.3,4.48,64.11,Deal Seekers,4,Engaged Non-Buyers
CUST-104632,2025-04-08,Canada,Desktop,Direct,3,11,72.9,0.879,3,1,0,0.0,124,0,0,0.63,0,0.0,0.0,3.67,19.05,One-time Visitors,3,Engaged Non-Buyers
CUST-104633,2025-03-07,United States,Mobile,Paid Search,18,111,405.5,0.359,50,1,0,0.0,39,2,1,0.488,0,0.0,0.0,6.17,70.96,Engaged Non-Buyers,0,Product Researchers
CUST-104634,2025-03-03,United Kingdom,Mobile,Paid Search,22,112,371.2,0.235,44,8,2,199.83,16,2,0,0.676,1,0.0909,0.25,5.09,67.13,Deal Seekers,4,Engaged Non-Buyers
CUST-104635,2025-04-22,Canada,Tablet,Paid Search,26,146,461.5,0.165,69,18,6,854.65,10,0,1,0.021,1,0.2308,0.3333,5.62,81.51,High Value Loyal,2,High Value Loyal Customers
CUST-104636,2025-01-29,United Kingdom,Mobile,Paid Social,26,155,490.9,0.208,65,12,3,339.75,5,2,1,0.059,1,0.1154,0.25,5.96,82.98,High Value Loyal,2,High Value Loyal Customers
CUST-104637,2025-05-02,United Kingdom,Mobile,Organic Search,3,17,72.5,0.848,8,1,0,0.0,169,0,0,0.158,0,0.0,0.0,5.67,27.6,One-time Visitors,3,Engaged Non-Buyers
CUST-104638,2025-04-01,India,Desktop,Organic Search,32,172,576.5,0.447,59,8,4,586.17,8,5,1,0.313,1,0.125,0.5,5.38,77.59,High Value Loyal,2,High Value Loyal Customers
CUST-104639,2025-01-23,Canada,Desktop,Referral,16,86,350.0,0.153,36,5,2,68.55,31,2,0,0.952,1,0.125,0.4,5.38,66.54,Deal Seekers,4,Engaged Non-Buyers
CUST-104640,2025-05-10,United States,Mobile,Organic Search,22,87,405.7,0.422,31,2,5,278.28,12,1,1,0.822,1,0.2273,1.0,3.95,56.62,Deal Seekers,4,Engaged Non-Buyers
CUST-104641,2025-02-05,France,Tablet,Organic Search,12,88,462.8,0.208,59,1,1,41.23,37,4,0,0.474,0,0.0833,1.0,7.33,84.01,Product Researchers,4,Engaged Non-Buyers
CUST-104642,2025-01-01,Germany,Mobile,Email,1,10,88.3,0.866,5,0,0,0.0,129,1,0,0.187,1,0.0,0.0,10.0,34.31,One-time Visitors,1,Low Engagement / At-Risk Visitors
CUST-104643,2025-05-02,Netherlands,Desktop,Direct,31,164,274.0,0.245,70,10,5,552.42,6,3,0,0.236,1,0.1613,0.5,5.29,69.11,High Value Loyal,2,High Value Loyal Customers
CUST-104644,2025-06-14,France,Mobile,Direct,18,91,373.6,0.417,49,1,0,0.0,8,1,1,0.334,1,0.0,0.0,5.06,64.12,Product Researchers,0,Product Researchers
CUST-104645,2025-05-06,United States,Tablet,Paid Social,13,86,159.9,0.185,50,1,0,0.0,25,2,1,0.652,1,0.0,0.0,6.62,64.44,Engaged Non-Buyers,0,Product Researchers
CUST-104646,2025-02-03,India,Mobile,Paid Search,13,89,439.3,0.288,50,4,0,0.0,12,1,0,0.479,1,0.0,0.0,6.85,76.54,Product Researchers,0,Product Researchers
CUST-104647,2025-01-31,United Kingdom,Tablet,Organic Search,15,101,497.0,0.369,52,1,0,0.0,35,2,0,0.321,1,0.0,0.0,6.73,77.66,Product Researchers,0,Product Researchers
CUST-104648,2025-05-30,United Kingdom,Mobile,Referral,2,14,117.4,0.458,6,1,0,0.0,84,0,0,0.21,0,0.0,0.0,7.0,43.13,One-time Visitors,1,Low Engagement / At-Risk Visitors
CUST-104649,2025-05-05,Australia,Desktop,Organic Search,15,102,382.4,0.197,54,4,0,0.0,57,5,1,0.557,1,0.0,0.0,6.8,77.07,Product Researchers,0,Product Researchers
CUST-104650,2025-04-18,France,Desktop,Direct,13,97,445.2,0.556,54,2,0,0.0,61,3,1,0.163,1,0.0,0.0,7.46,73.29,Product Researchers,0,Product Researchers
CUST-104651,2025-06-06,United Kingdom,Mobile,Paid Search,16,78,681.7,0.263,39,0,0,0.0,22,4,1,0.293,1,0.0,0.0,4.88,75.65,Engaged Non-Buyers,0,Product Researchers
CUST-104652,2025-03-15,Germany,Desktop,Paid Search,26,142,397.2,0.201,69,10,3,303.67,12,1,0,0.279,1,0.1154,0.3,5.46,76.91,High Value Loyal,2,High Value Loyal Customers
CUST-104653,2025-03-04,United States,Tablet,Paid Social,17,78,279.6,0.308,41,3,2,146.9,34,3,1,0.81,1,0.1176,0.6667,4.59,58.24,Deal Seekers,4,Engaged Non-Buyers
CUST-104654,2025-06-03,United Kingdom,Mobile,Organic Search,16,76,351.3,0.185,36,2,0,0.0,56,2,0,0.353,1,0.0,0.0,4.75,63.87,Engaged Non-Buyers,0,Product Researchers
CUST-104655,2025-02-21,India,Mobile,Referral,24,103,304.5,0.129,37,10,2,166.45,31,1,0,0.871,1,0.0833,0.2,4.29,61.81,Deal Seekers,4,Engaged Non-Buyers
CUST-104656,2025-05-17,Germany,Mobile,Direct,20,107,562.4,0.189,54,16,8,651.79,13,2,0,0.176,1,0.4,0.5,5.35,81.72,High Value Loyal,2,High Value Loyal Customers
CUST-104657,2025-05-26,Germany,Desktop,Paid Search,19,88,402.4,0.166,44,4,2,188.23,11,3,0,0.965,1,0.1053,0.5,4.63,68.99,Deal Seekers,4,Engaged Non-Buyers
CUST-104658,2025-05-13,United Kingdom,Mobile,Display,13,75,558.0,0.14,38,4,0,0.0,22,5,0,0.105,1,0.0,0.0,5.77,79.11,Engaged Non-Buyers,0,Product Researchers
CUST-104659,2025-05-13,Australia,Desktop,Organic Search,18,108,313.2,0.447,41,4,1,50.69,31,2,0,0.727,0,0.0556,0.25,6.0,60.86,Deal Seekers,4,Engaged Non-Buyers
CUST-104660,2025-06-19,Germany,Desktop,Referral,13,93,337.9,0.226,60,1,0,0.0,49,6,1,0.678,0,0.0,0.0,7.15,77.05,Product Researchers,0,Product Researchers
CUST-104661,2025-05-23,United States,Desktop,Organic Search,1,10,98.7,0.815,4,0,0,0.0,151,0,0,0.381,0,0.0,0.0,10.0,35.79,One-time Visitors,1,Low Engagement / At-Risk Visitors
CUST-104662,2025-02-28,United Kingdom,Mobile,Organic Search,21,128,488.1,0.077,73,12,1,114.94,5,1,0,0.48,1,0.0476,0.0833,6.1,86.54,High Value Loyal,0,Product Researchers
CUST-104663,2025-02-11,India,Desktop,Direct,15,70,281.6,0.389,23,2,2,184.87,18,0,1,0.512,1,0.1333,1.0,4.67,51.02,Deal Seekers,4,Engaged Non-Buyers
CUST-104664,2025-05-19,United Kingdom,Mobile,Direct,5,22,128.5,0.623,7,0,0,0.0,58,0,1,0.128,0,0.0,0.0,4.4,31.76,One-time Visitors,3,Engaged Non-Buyers
CUST-104665,2025-01-23,Germany,Mobile,Organic Search,21,98,267.0,0.454,41,10,1,47.62,42,2,0,0.671,1,0.0476,0.1,4.67,54.19,Deal Seekers,4,Engaged Non-Buyers
CUST-104666,2025-01-21,Germany,Desktop,Organic Search,21,96,281.0,0.346,39,7,0,0.0,33,2,4,0.84,1,0.0,0.0,4.57,56.69,Deal Seekers,4,Engaged Non-Buyers
CUST-104667,2025-06-27,France,Mobile,Paid Search,20,108,415.3,0.412,55,1,0,0.0,34,0,0,0.161,1,0.0,0.0,5.4,69.25,Product Researchers,0,Product Researchers
CUST-104668,2025-02-14,United Kingdom,Mobile,Organic Search,2,9,61.5,0.408,5,0,1,82.17,158,0,0,0.17,0,0.5,0.0,4.5,33.48,One-time Visitors,3,Engaged Non-Buyers
CUST-104669,2025-05-29,Australia,Desktop,Organic Search,23,111,250.4,0.15,40,7,4,120.07,41,1,0,0.56,1,0.1739,0.5714,4.83,61.15,Deal Seekers,4,Engaged Non-Buyers
CUST-104670,2025-05-22,United Kingdom,Desktop,Organic Search,20,122,382.2,0.247,46,13,2,128.79,10,2,3,0.868,1,0.1,0.1538,6.1,71.15,Deal Seekers,4,Engaged Non-Buyers
CUST-104671,2025-06-13,United Kingdom,Mobile,Paid Search,32,185,417.5,0.136,80,12,7,907.52,4,5,1,0.128,1,0.2188,0.5833,5.78,80.53,High Value Loyal,2,High Value Loyal Customers
CUST-104672,2025-02-23,Canada,Mobile,Organic Search,17,103,381.6,0.046,42,3,3,211.55,14,5,2,0.515,0,0.1765,1.0,6.06,74.78,Deal Seekers,4,Engaged Non-Buyers
CUST-104673,2025-02-21,Germany,Desktop,Referral,3,18,82.1,0.976,10,0,0,0.0,156,0,0,0.077,0,0.0,0.0,6.0,26.54,One-time Visitors,3,Engaged Non-Buyers
CUST-104674,2025-06-10,India,Desktop,Direct,19,112,651.8,0.356,49,5,1,69.41,10,2,1,0.393,0,0.0526,0.2,5.89,79.6,Engaged Non-Buyers,0,Product Researchers
CUST-104675,2025-05-26,Netherlands,Mobile,Paid Search,16,101,468.4,0.639,46,1,1,74.04,48,0,1,0.446,0,0.0625,1.0,6.31,66.32,Product Researchers,4,Engaged Non-Buyers
CUST-104676,2025-05-25,United States,Mobile,Organic Search,42,217,558.2,0.128,55,13,4,488.51,12,0,1,0.135,1,0.0952,0.3077,5.17,82.79,High Value Loyal,2,High Value Loyal Customers
CUST-104677,2025-02-09,United Kingdom,Desktop,Organic Search,2,5,101.2,0.508,3,0,0,0.0,91,1,0,0.262,0,0.0,0.0,2.5,26.09,One-time Visitors,3,Engaged Non-Buyers
CUST-104678,2025-06-01,Canada,Mobile,Organic Search,26,145,481.2,0.079,64,15,7,1162.38,11,1,0,0.466,1,0.2692,0.4667,5.58,84.19,High Value Loyal,2,High Value Loyal Customers
CUST-104679,2025-05-18,Canada,Desktop,Organic Search,34,174,434.8,0.122,64,5,4,437.14,3,3,0,0.545,1,0.1176,0.8,5.12,79.38,High Value Loyal,2,High Value Loyal Customers
CUST-104680,2025-01-22,United Kingdom,Mobile,Direct,29,150,527.2,0.175,61,13,7,322.99,3,5,0,0.484,1,0.2414,0.5385,5.17,81.91,High Value Loyal,2,High Value Loyal Customers
CUST-104681,2025-04-28,United Kingdom,Mobile,Email,19,106,516.4,0.401,41,3,1,76.11,54,2,2,0.068,1,0.0526,0.3333,5.58,70.85,Engaged Non-Buyers,0,Product Researchers
CUST-104682,2025-02-12,Netherlands,Mobile,Referral,1,10,20.0,0.651,9,1,0,0.0,61,0,2,0.497,1,0.0,0.0,10.0,37.5,One-time Visitors,1,Low Engagement / At-Risk Visitors
CUST-104683,2025-04-24,United Kingdom,Mobile,Email,29,142,407.2,0.139,52,7,7,763.39,4,5,0,0.538,1,0.2414,1.0,4.9,73.18,High Value Loyal,2,High Value Loyal Customers
CUST-104684,2025-03-06,United Kingdom,Mobile,Organic Search,17,89,523.3,0.345,36,3,0,0.0,55,1,0,0.617,1,0.0,0.0,5.24,69.98,Engaged Non-Buyers,0,Product Researchers
CUST-104685,2025-02-21,United States,Tablet,Paid Search,18,114,474.8,0.478,62,2,0,0.0,21,2,1,0.205,1,0.0,0.0,6.33,75.65,Product Researchers,0,Product Researchers
CUST-104686,2025-03-17,United Kingdom,Desktop,Referral,18,104,382.0,0.137,51,6,2,165.01,19,0,0,0.837,0,0.1111,0.3333,5.78,74.43,Deal Seekers,4,Engaged Non-Buyers
CUST-104687,2025-05-30,United States,Desktop,Display,2,9,61.0,0.676,5,0,0,0.0,59,1,1,0.128,1,0.0,0.0,4.5,26.75,One-time Visitors,3,Engaged Non-Buyers
CUST-104688,2025-04-22,India,Mobile,Paid Search,11,86,388.4,0.691,51,0,0,0.0,34,2,0,0.353,0,0.0,0.0,7.82,67.26,Product Researchers,0,Product Researchers
CUST-104689,2025-01-16,India,Mobile,Paid Social,2,10,110.5,0.767,3,1,1,58.33,99,0,0,0.575,0,0.5,1.0,5.0,27.91,One-time Visitors,3,Engaged Non-Buyers
CUST-104690,2025-03-26,United Kingdom,Desktop,Organic Search,16,128,528.5,0.241,64,0,0,0.0,54,2,2,0.563,1,0.0,0.0,8.0,90.1,Product Researchers,0,Product Researchers
CUST-104691,2025-03-18,United Kingdom,Mobile,Paid Search,14,94,398.2,0.541,52,9,0,0.0,8,2,0,0.794,1,0.0,0.0,6.71,68.36,Deal Seekers,4,Engaged Non-Buyers
CUST-104692,2025-02-23,India,Desktop,Organic Search,36,176,488.3,0.102,65,10,10,866.0,6,3,0,0.285,1,0.2778,1.0,4.89,82.15,High Value Loyal,2,High Value Loyal Customers
CUST-104693,2025-02-18,India,Desktop,Paid Search,4,11,81.1,0.679,3,0,0,0.0,161,1,0,0.509,0,0.0,0.0,2.75,21.59,One-time Visitors,3,Engaged Non-Buyers
CUST-104694,2025-01-10,India,Mobile,Organic Search,15,96,369.7,0.257,54,6,1,77.6,70,1,1,0.354,1,0.0667,0.1667,6.4,73.67,Product Researchers,0,Product Researchers
CUST-104695,2025-05-01,Australia,Desktop,Direct,18,111,540.9,0.167,54,1,0,0.0,63,2,1,0.162,1,0.0,0.0,6.17,83.75,Product Researchers,0,Product Researchers
CUST-104696,2025-02-18,United States,Mobile,Paid Social,2,14,52.9,0.712,7,1,1,46.94,67,1,0,0.107,0,0.5,1.0,7.0,33.89,One-time Visitors,1,Low Engagement / At-Risk Visitors
CUST-104697,2025-05-30,United States,Tablet,Direct,20,105,370.4,0.185,48,0,2,94.7,18,1,0,0.498,1,0.1,0.0,5.25,70.07,Product Researchers,0,Product Researchers
CUST-104698,2025-03-05,United States,Desktop,Paid Social,24,112,429.3,0.294,46,2,1,64.55,64,1,0,0.383,0,0.0417,0.5,4.67,67.86,Engaged Non-Buyers,0,Product Researchers
CUST-104699,2025-01-16,Canada,Mobile,Direct,2,15,116.7,0.874,6,0,0,0.0,94,0,0,0.15,0,0.0,0.0,7.5,34.28,One-time Visitors,1,Low Engagement / At-Risk Visitors
CUST-104700,2025-01-14,United Kingdom,Desktop,Email,18,97,552.3,0.086,39,4,2,95.03,62,2,0,0.365,1,0.1111,0.5,5.39,79.31,Engaged Non-Buyers,4,Engaged Non-Buyers
CUST-104701,2025-06-21,United Kingdom,Mobile,Organic Search,17,89,549.6,0.402,39,5,2,103.65,19,1,2,0.92,1,0.1176,0.4,5.24,70.78,Deal Seekers,4,Engaged Non-Buyers
CUST-104702,2025-01-23,United Kingdom,Mobile,Organic Search,3,11,104.1,0.569,3,0,0,0.0,55,0,0,0.396,0,0.0,0.0,3.67,28.37,One-time Visitors,3,Engaged Non-Buyers
CUST-104703,2025-01-03,United Kingdom,Mobile,Paid Search,22,119,647.8,0.234,44,1,1,51.13,43,0,1,0.41,1,0.0455,1.0,5.41,79.59,Engaged Non-Buyers,4,Engaged Non-Buyers
CUST-104704,2025-06-08,France,Mobile,Referral,4,14,84.9,0.788,4,1,0,0.0,117,0,0,0.378,1,0.0,0.0,3.5,21.72,One-time Visitors,3,Engaged Non-Buyers
CUST-104705,2025-03-24,United Kingdom,Mobile,Organic Search,27,144,445.8,0.368,56,0,0,0.0,18,1,2,0.301,1,0.0,0.0,5.33,72.0,Product Researchers,0,Product Researchers
CUST-104706,2025-02-03,United Kingdom,Desktop,Organic Search,2,15,126.6,0.774,10,0,0,0.0,158,0,0,0.298,0,0.0,0.0,7.5,38.49,One-time Visitors,1,Low Engagement / At-Risk Visitors
CUST-104707,2025-02-10,Canada,Desktop,Email,4,22,149.6,0.807,10,0,0,0.0,77,1,0,0.19,0,0.0,0.0,5.5,32.57,One-time Visitors,3,Engaged Non-Buyers
CUST-104708,2025-01-10,United States,Mobile,Organic Search,18,93,427.4,0.173,38,3,1,62.23,18,0,1,0.606,0,0.0556,0.3333,5.17,69.88,Deal Seekers,4,Engaged Non-Buyers
CUST-104709,2025-06-14,India,Mobile,Organic Search,5,21,57.2,0.692,10,1,0,0.0,108,0,0,0.266,0,0.0,0.0,4.2,26.77,One-time Visitors,3,Engaged Non-Buyers
CUST-104710,2025-03-20,France,Mobile,Direct,24,149,553.0,0.149,74,17,7,571.77,9,3,1,0.332,1,0.2917,0.4118,6.21,88.34,High Value Loyal,2,High Value Loyal Customers
CUST-104711,2025-02-11,Australia,Mobile,Paid Search,32,158,568.9,0.097,63,8,3,432.02,8,2,0,0.269,1,0.0938,0.375,4.94,85.84,High Value Loyal,2,High Value Loyal Customers
CUST-104712,2025-02-10,Australia,Mobile,Organic Search,8,64,383.2,0.26,35,6,3,161.73,19,1,1,0.721,1,0.375,0.5,8.0,73.44,Deal Seekers,4,Engaged Non-Buyers
CUST-104713,2025-01-04,United Kingdom,Mobile,Paid Search,26,136,343.1,0.288,68,9,3,303.64,2,1,0,0.026,1,0.1154,0.3333,5.23,71.31,High Value Loyal,2,High Value Loyal Customers
CUST-104714,2025-06-27,United Kingdom,Desktop,Paid Search,18,92,232.7,0.103,36,3,0,0.0,41,2,1,0.466,0,0.0,0.0,5.11,61.12,Engaged Non-Buyers,0,Product Researchers
CUST-104715,2025-04-14,India,Mobile,Direct,14,83,456.6,0.469,43,9,2,124.41,27,4,2,0.586,1,0.1429,0.2222,5.93,67.85,Deal Seekers,4,Engaged Non-Buyers
CUST-104716,2025-05-23,United Kingdom,Desktop,Paid Search,15,75,768.4,0.279,42,5,0,0.0,27,3,0,0.216,1,0.0,0.0,5.0,76.58,Engaged Non-Buyers,0,Product Researchers
CUST-104717,2025-05-08,Canada,Mobile,Organic Search,29,132,475.8,0.104,61,14,6,655.13,4,2,1,0.062,1,0.2069,0.4286,4.55,79.19,High Value Loyal,2,High Value Loyal Customers
CUST-104718,2025-05-29,United Kingdom,Desktop,Direct,27,145,475.4,0.16,69,13,11,1637.24,4,1,0,0.294,1,0.4074,0.8462,5.37,81.56,High Value Loyal,2,High Value Loyal Customers
CUST-104719,2025-05-04,Canada,Mobile,Email,8,77,289.9,0.337,54,2,0,0.0,43,2,0,0.579,1,0.0,0.0,9.62,72.69,Product Researchers,0,Product Researchers
CUST-104720,2025-03-08,United States,Desktop,Organic Search,2,8,62.9,0.682,6,0,0,0.0,138,0,0,0.202,0,0.0,0.0,4.0,25.44,One-time Visitors,3,Engaged Non-Buyers
CUST-104721,2025-04-23,India,Desktop,Paid Search,2,12,46.1,0.588,7,2,0,0.0,58,0,0,0.571,0,0.0,0.0,6.0,33.51,One-time Visitors,3,Engaged Non-Buyers
CUST-104722,2025-04-11,United Kingdom,Mobile,Email,41,197,453.2,0.187,66,9,5,508.39,9,2,0,0.244,1,0.122,0.5556,4.8,78.0,High Value Loyal,2,High Value Loyal Customers
CUST-104723,2025-03-09,United Kingdom,Mobile,Organic Search,18,88,306.1,0.173,45,2,0,0.0,59,2,0,0.162,1,0.0,0.0,4.89,65.1,Product Researchers,0,Product Researchers
CUST-104724,2025-04-09,India,Desktop,Organic Search,15,91,289.3,0.135,51,2,1,68.9,4,0,1,0.839,1,0.0667,0.5,6.07,70.75,Deal Seekers,4,Engaged Non-Buyers
CUST-104725,2025-06-02,United Kingdom,Mobile,Email,17,97,288.9,0.3,47,5,1,75.75,21,4,2,0.719,1,0.0588,0.2,5.71,64.24,Deal Seekers,4,Engaged Non-Buyers
CUST-104726,2025-03-07,Canada,Desktop,Organic Search,19,91,429.5,0.069,44,4,3,126.06,40,4,0,0.707,1,0.1579,0.75,4.79,73.26,Deal Seekers,4,Engaged Non-Buyers
CUST-104727,2025-04-24,Netherlands,Mobile,Organic Search,14,75,399.3,0.071,35,5,6,547.22,36,3,1,0.749,1,0.4286,1.0,5.36,70.7,Deal Seekers,4,Engaged Non-Buyers
CUST-104728,2025-05-17,Germany,Mobile,Paid Search,14,74,623.3,0.424,36,4,0,0.0,49,3,1,0.598,0,0.0,0.0,5.29,72.0,Engaged Non-Buyers,0,Product Researchers
CUST-104729,2025-04-16,Germany,Mobile,Paid Search,2,10,97.9,0.855,3,0,0,0.0,69,0,0,0.284,0,0.0,0.0,5.0,25.06,One-time Visitors,3,Engaged Non-Buyers
CUST-104730,2025-01-24,France,Mobile,Paid Search,31,155,639.5,0.151,54,10,6,659.32,14,0,2,0.092,1,0.1935,0.6,5.0,83.48,High Value Loyal,2,High Value Loyal Customers
CUST-104731,2025-01-25,United Kingdom,Mobile,Paid Search,2,12,87.2,0.837,7,0,0,0.0,62,0,0,0.292,0,0.0,0.0,6.0,29.35,One-time Visitors,3,Engaged Non-Buyers
CUST-104732,2025-01-11,France,Mobile,Organic Search,19,108,468.9,0.25,46,5,2,123.81,38,3,1,0.601,1,0.1053,0.4,5.68,74.12,Deal Seekers,4,Engaged Non-Buyers
CUST-104733,2025-02-17,Germany,Mobile,Paid Search,36,174,283.5,0.199,74,19,3,280.66,4,0,2,0.271,1,0.0833,0.1579,4.83,69.3,High Value Loyal,2,High Value Loyal Customers
CUST-104734,2025-06-16,Australia,Mobile,Organic Search,28,161,642.7,0.135,65,9,5,517.98,14,0,1,0.314,1,0.1786,0.5556,5.75,89.59,High Value Loyal,2,High Value Loyal Customers
CUST-104735,2025-05-17,United Kingdom,Mobile,Organic Search,4,18,96.1,0.728,6,0,0,0.0,111,0,0,0.216,0,0.0,0.0,4.5,27.51,One-time Visitors,3,Engaged Non-Buyers
CUST-104736,2025-01-15,United States,Mobile,Paid Search,3,12,80.5,0.632,7,0,0,0.0,75,0,0,0.451,0,0.0,0.0,4.0,27.87,One-time Visitors,3,Engaged Non-Buyers
CUST-104737,2025-03-31,United Kingdom,Mobile,Organic Search,12,95,385.3,0.413,57,1,0,0.0,33,0,0,0.568,1,0.0,0.0,7.92,76.21,Product Researchers,0,Product Researchers
CUST-104738,2025-06-29,Netherlands,Mobile,Display,39,178,645.4,0.327,77,7,10,1508.32,7,3,1,0.608,1,0.2564,1.0,4.56,81.09,High Value Loyal,2,High Value Loyal Customers
CUST-104739,2025-01-15,Germany,Desktop,Direct,3,25,88.4,0.786,5,1,0,0.0,48,0,0,0.325,1,0.0,0.0,8.33,36.31,One-time Visitors,1,Low Engagement / At-Risk Visitors
CUST-104740,2025-02-11,United States,Tablet,Paid Social,13,81,330.4,0.219,44,2,1,63.4,33,1,0,0.136,0,0.0769,0.5,6.23,69.05,Product Researchers,0,Product Researchers
CUST-104741,2025-05-26,France,Mobile,Email,21,131,613.1,0.334,63,3,0,0.0,19,1,0,0.318,1,0.0,0.0,6.24,85.52,Product Researchers,0,Product Researchers
CUST-104742,2025-04-17,United Kingdom,Mobile,Organic Search,1,8,73.6,0.927,4,0,0,0.0,167,0,0,0.367,1,0.0,0.0,8.0,31.73,One-time Visitors,1,Low Engagement / At-Risk Visitors
CUST-104743,2025-06-23,United Kingdom,Desktop,Organic Search,25,112,335.0,0.173,46,5,3,154.53,15,3,0,0.474,1,0.12,0.6,4.48,65.57,Deal Seekers,4,Engaged Non-Buyers
CUST-104744,2025-03-08,United States,Tablet,Organic Search,17,88,313.0,0.386,45,4,3,134.93,5,3,2,0.846,0,0.1765,0.75,5.18,61.01,Deal Seekers,4,Engaged Non-Buyers
CUST-104745,2025-05-11,United Kingdom,Mobile,Paid Search,21,120,351.4,0.181,68,7,7,660.53,9,2,2,0.416,1,0.3333,1.0,5.71,75.89,High Value Loyal,2,High Value Loyal Customers
CUST-104746,2025-04-17,United Kingdom,Mobile,Organic Search,11,72,307.2,0.5,45,4,2,77.46,30,2,0,0.695,0,0.1818,0.5,6.55,62.16,Deal Seekers,4,Engaged Non-Buyers
CUST-104747,2025-02-12,United Kingdom,Mobile,Organic Search,4,17,127.5,0.886,4,1,0,0.0,122,0,0,0.158,0,0.0,0.0,4.25,23.74,One-time Visitors,3,Engaged Non-Buyers
CUST-104748,2025-06-27,Australia,Desktop,Paid Search,2,14,68.4,0.82,8,0,0,0.0,144,0,1,0.16,0,0.0,0.0,7.0,32.26,One-time Visitors,1,Low Engagement / At-Risk Visitors
CUST-104749,2025-06-01,Canada,Desktop,Paid Search,16,78,375.1,0.483,37,6,4,319.14,44,0,0,0.418,0,0.25,0.6667,4.88,58.29,Deal Seekers,4,Engaged Non-Buyers
CUST-104750,2025-05-12,United Kingdom,Mobile,Paid Search,18,103,462.6,0.244,43,4,0,0.0,3,2,1,0.799,1,0.0,0.0,5.72,73.14,Deal Seekers,0,Product Researchers
CUST-104751,2025-01-21,United States,Mobile,Direct,1,12,40.4,0.71,7,1,0,0.0,168,1,0,0.169,1,0.0,0.0,12.0,36.42,One-time Visitors,1,Low Engagement / At-Risk Visitors
CUST-104752,2025-02-11,Germany,Mobile,Paid Search,23,105,520.8,0.182,44,2,0,0.0,14,5,1,0.784,1,0.0,0.0,4.57,74.29,Engaged Non-Buyers,0,Product Researchers
CUST-104753,2025-06-15,United Kingdom,Desktop,Paid Search,10,86,423.7,0.408,60,2,0,0.0,72,1,1,0.623,1,0.0,0.0,8.6,79.44,Product Researchers,0,Product Researchers
CUST-104754,2025-06-16,India,Desktop,Paid Social,34,173,490.5,0.167,62,11,2,367.34,9,3,1,0.107,1,0.0588,0.1818,5.09,80.32,High Value Loyal,2,High Value Loyal Customers
CUST-104755,2025-03-24,Australia,Mobile,Paid Search,21,115,394.1,0.054,47,1,0,0.0,62,1,1,0.16,1,0.0,0.0,5.48,74.93,Engaged Non-Buyers,0,Product Researchers
CUST-104756,2025-01-31,United States,Mobile,Organic Search,22,95,665.5,0.265,34,1,1,51.46,21,2,2,0.048,1,0.0455,1.0,4.32,72.32,Engaged Non-Buyers,0,Product Researchers
CUST-104757,2025-04-01,United Kingdom,Desktop,Paid Social,3,17,116.3,0.769,6,0,0,0.0,126,1,0,0.263,0,0.0,0.0,5.67,31.13,One-time Visitors,3,Engaged Non-Buyers
CUST-104758,2025-03-16,United Kingdom,Mobile,Paid Social,37,167,450.3,0.053,59,14,7,1144.24,2,0,0,0.352,1,0.1892,0.5,4.51,78.44,High Value Loyal,2,High Value Loyal Customers
CUST-104759,2025-01-05,Netherlands,Mobile,Email,13,103,474.2,0.249,66,4,1,80.06,15,3,1,0.211,1,0.0769,0.25,7.92,87.23,Product Researchers,0,Product Researchers
CUST-104760,2025-04-27,Canada,Desktop,Direct,18,97,372.3,0.236,40,13,0,0.0,20,1,0,0.508,1,0.0,0.0,5.39,66.85,Deal Seekers,0,Product Researchers
CUST-104761,2025-05-15,France,Mobile,Direct,27,149,475.3,0.011,63,9,8,703.18,6,2,1,0.293,1,0.2963,0.8889,5.52,85.13,High Value Loyal,2,High Value Loyal Customers
CUST-104762,2025-02-22,United Kingdom,Desktop,Paid Social,15,102,511.0,0.404,53,3,1,48.54,52,5,1,0.279,1,0.0667,0.3333,6.8,78.0,Product Researchers,0,Product Researchers
CUST-104763,2025-05-06,Germany,Mobile,Paid Social,15,91,620.8,0.362,55,0,0,0.0,49,3,2,0.249,1,0.0,0.0,6.07,81.84,Product Researchers,0,Product Researchers
CUST-104764,2025-02-02,India,Tablet,Referral,14,93,458.4,0.441,50,2,0,0.0,27,3,4,0.388,1,0.0,0.0,6.64,73.04,Product Researchers,0,Product Researchers
CUST-104765,2025-04-12,United Kingdom,Mobile,Paid Search,10,62,286.9,0.401,37,2,1,73.24,12,1,1,0.861,1,0.1,0.5,6.2,60.08,Deal Seekers,4,Engaged Non-Buyers
CUST-104766,2025-03-25,United Kingdom,Desktop,Paid Search,16,92,384.0,0.119,52,9,2,139.52,19,3,0,0.843,1,0.125,0.2222,5.75,75.19,Deal Seekers,4,Engaged Non-Buyers
CUST-104767,2025-06-16,United Kingdom,Mobile,Direct,3,11,109.1,0.573,4,0,0,0.0,130,1,0,0.178,0,0.0,0.0,3.67,28.83,One-time Visitors,3,Engaged Non-Buyers
CUST-104768,2025-01-31,United States,Desktop,Referral,35,160,559.7,0.128,56,11,3,384.8,14,1,0,0.257,1,0.0857,0.2727,4.57,81.31,High Value Loyal,2,High Value Loyal Customers
CUST-104769,2025-03-26,United Kingdom,Mobile,Organic Search,14,85,587.8,0.231,52,1,0,0.0,49,0,0,0.589,1,0.0,0.0,6.07,83.58,Product Researchers,0,Product Researchers
CUST-104770,2025-03-30,Canada,Mobile,Organic Search,16,118,476.0,0.413,59,3,0,0.0,26,1,1,0.3,1,0.0,0.0,7.38,79.68,Product Researchers,0,Product Researchers
CUST-104771,2025-06-12,United Kingdom,Tablet,Direct,14,95,384.1,0.447,44,7,5,215.88,42,2,0,0.442,1,0.3571,0.7143,6.79,67.77,Deal Seekers,4,Engaged Non-Buyers
CUST-104772,2025-03-10,United Kingdom,Desktop,Paid Social,25,159,473.2,0.173,60,10,4,502.94,7,2,0,0.474,1,0.16,0.4,6.36,82.68,High Value Loyal,2,High Value Loyal Customers
CUST-104773,2025-01-17,Netherlands,Mobile,Paid Social,18,107,417.2,0.318,51,0,0,0.0,74,3,2,0.145,1,0.0,0.0,5.94,72.17,Product Researchers,0,Product Researchers
CUST-104774,2025-04-17,United States,Mobile,Paid Search,19,105,500.3,0.426,51,0,1,82.39,19,1,0,0.202,1,0.0526,0.0,5.53,72.33,Product Researchers,0,Product Researchers
CUST-104775,2025-03-19,United States,Mobile,Paid Search,33,160,566.1,0.24,67,10,7,936.5,12,2,0,0.302,1,0.2121,0.7,4.85,82.44,High Value Loyal,2,High Value Loyal Customers
CUST-104776,2025-05-22,United Kingdom,Desktop,Paid Social,32,137,577.0,0.215,54,14,4,342.39,14,4,1,0.425,1,0.125,0.2857,4.28,78.47,High Value Loyal,2,High Value Loyal Customers
CUST-104777,2025-01-23,United Kingdom,Desktop,Email,15,94,435.4,0.644,45,1,2,131.01,44,1,0,0.576,0,0.1333,1.0,6.27,64.1,Product Researchers,4,Engaged Non-Buyers
CUST-104778,2025-04-04,United States,Mobile,Organic Search,20,119,499.3,0.094,58,12,4,514.39,7,2,0,0.428,1,0.2,0.3333,5.95,84.06,High Value Loyal,2,High Value Loyal Customers
CUST-104779,2025-05-18,United States,Tablet,Organic Search,15,103,524.5,0.482,55,2,0,0.0,24,0,0,0.687,0,0.0,0.0,6.87,77.56,Product Researchers,0,Product Researchers
CUST-104780,2025-04-28,France,Desktop,Direct,1,7,91.6,0.858,5,0,0,0.0,98,0,0,0.315,0,0.0,0.0,7.0,31.54,One-time Visitors,1,Low Engagement / At-Risk Visitors
CUST-104781,2025-06-25,Canada,Mobile,Paid Search,20,97,491.3,0.253,41,0,1,60.72,8,3,0,0.46,1,0.05,0.0,4.85,71.02,Engaged Non-Buyers,0,Product Researchers
CUST-104782,2025-01-01,Germany,Mobile,Referral,2,17,92.9,0.776,9,0,0,0.0,91,0,0,0.108,0,0.0,0.0,8.5,38.02,One-time Visitors,1,Low Engagement / At-Risk Visitors
CUST-104783,2025-01-23,Germany,Mobile,Direct,2,9,101.9,0.9,2,0,0,0.0,162,0,0,0.256,0,0.0,0.0,4.5,22.27,One-time Visitors,3,Engaged Non-Buyers
CUST-104784,2025-04-25,United Kingdom,Desktop,Organic Search,20,116,532.0,0.081,58,14,4,478.82,13,3,2,0.125,1,0.2,0.2857,5.8,85.54,High Value Loyal,2,High Value Loyal Customers
CUST-104785,2025-06-25,United Kingdom,Mobile,Organic Search,18,100,479.0,0.468,48,0,0,0.0,53,4,0,0.354,1,0.0,0.0,5.56,69.37,Product Researchers,0,Product Researchers
CUST-104786,2025-05-05,United States,Desktop,Paid Search,19,90,226.0,0.433,36,4,3,284.37,4,2,0,0.464,1,0.1579,0.75,4.74,51.35,Deal Seekers,4,Engaged Non-Buyers
CUST-104787,2025-02-17,India,Desktop,Organic Search,18,86,459.9,0.093,33,2,1,40.13,6,2,0,0.227,1,0.0556,0.5,4.78,70.75,Engaged Non-Buyers,0,Product Researchers
CUST-104788,2025-01-09,United States,Desktop,Organic Search,17,104,499.8,0.243,53,2,0,0.0,56,2,0,0.299,1,0.0,0.0,6.12,79.35,Product Researchers,0,Product Researchers
CUST-104789,2025-02-03,France,Mobile,Paid Social,8,34,113.4,0.778,8,0,1,47.69,165,2,0,0.08,0,0.125,0.0,4.25,26.96,One-time Visitors,3,Engaged Non-Buyers
CUST-104790,2025-03-01,United States,Desktop,Paid Search,2,21,56.0,0.438,12,0,0,0.0,106,0,0,0.198,0,0.0,0.0,10.5,45.54,One-time Visitors,1,Low Engagement / At-Risk Visitors
CUST-104791,2025-06-12,United Kingdom,Desktop,Email,16,99,371.5,0.67,51,0,0,0.0,44,2,0,0.57,1,0.0,0.0,6.19,61.86,Product Researchers,0,Product Researchers
CUST-104792,2025-01-28,United Kingdom,Desktop,Paid Social,14,79,411.5,0.139,42,1,1,43.75,50,2,0,0.176,1,0.0714,1.0,5.64,72.64,Engaged Non-Buyers,4,Engaged Non-Buyers
CUST-104793,2025-05-28,United States,Mobile,Organic Search,22,118,263.2,0.632,43,4,0,0.0,70,1,1,0.496,1,0.0,0.0,5.36,52.34,Product Researchers,0,Product Researchers
CUST-104794,2025-02-01,Netherlands,Desktop,Direct,32,135,259.0,0.353,40,2,3,145.01,24,2,0,0.525,1,0.0938,1.0,4.22,54.62,Deal Seekers,4,Engaged Non-Buyers
CUST-104795,2025-06-19,United Kingdom,Tablet,Referral,17,90,492.9,0.177,43,2,0,0.0,43,7,2,0.314,1,0.0,0.0,5.29,75.0,Engaged Non-Buyers,0,Product Researchers
CUST-104796,2025-06-29,United Kingdom,Mobile,Direct,2,16,77.9,0.599,8,1,0,0.0,80,0,1,0.302,0,0.0,0.0,8.0,41.39,One-time Visitors,1,Low Engagement / At-Risk Visitors
CUST-104797,2025-04-12,United Kingdom,Desktop,Direct,42,188,426.4,0.235,54,15,6,859.66,6,2,1,0.395,1,0.1429,0.4,4.48,71.04,High Value Loyal,2,High Value Loyal Customers
CUST-104798,2025-03-30,Germany,Desktop,Referral,12,61,425.1,0.28,39,2,1,65.08,33,1,2,0.929,1,0.0833,0.5,5.08,67.14,Deal Seekers,4,Engaged Non-Buyers
CUST-104799,2025-05-08,United States,Desktop,Email,4,16,87.5,0.58,5,0,0,0.0,97,0,0,0.082,1,0.0,0.0,4.0,28.92,One-time Visitors,3,Engaged Non-Buyers
CUST-104800,2025-06-19,United Kingdom,Mobile,Direct,2,14,64.1,0.921,5,0,0,0.0,143,0,0,0.278,0,0.0,0.0,7.0,28.59,One-time Visitors,1,Low Engagement / At-Risk Visitors
CUST-104801,2025-03-20,United Kingdom,Mobile,Paid Search,11,84,434.1,0.329,49,4,1,62.54,69,3,0,0.336,1,0.0909,0.25,7.64,77.43,Product Researchers,0,Product Researchers
CUST-104802,2025-03-16,United Kingdom,Tablet,Organic Search,13,82,492.9,0.15,43,2,0,0.0,60,2,3,0.478,0,0.0,0.0,6.31,78.83,Engaged Non-Buyers,0,Product Researchers
CUST-104803,2025-02-28,United Kingdom,Mobile,Organic Search,14,67,351.1,0.216,30,7,1,65.97,13,6,0,0.594,1,0.0714,0.1429,4.79,61.35,Deal Seekers,4,Engaged Non-Buyers
CUST-104804,2025-06-04,India,Mobile,Email,6,28,99.3,0.728,13,1,0,0.0,177,1,0,0.601,1,0.0,0.0,4.67,30.34,One-time Visitors,3,Engaged Non-Buyers
CUST-104805,2025-06-21,United Kingdom,Mobile,Email,21,91,392.6,0.283,33,6,1,27.86,42,0,2,0.664,1,0.0476,0.1667,4.33,61.26,Deal Seekers,4,Engaged Non-Buyers
CUST-104806,2025-03-04,United Kingdom,Mobile,Email,23,108,480.5,0.288,52,6,1,50.57,24,1,1,0.837,1,0.0435,0.1667,4.7,72.49,Deal Seekers,4,Engaged Non-Buyers
CUST-104807,2025-06-23,Netherlands,Mobile,Organic Search,14,77,284.9,0.253,34,11,0,0.0,34,1,2,0.603,1,0.0,0.0,5.5,60.58,Deal Seekers,4,Engaged Non-Buyers
CUST-104808,2025-05-10,United States,Mobile,Paid Social,40,196,441.1,0.191,74,13,3,349.2,10,6,1,0.147,1,0.075,0.2308,4.9,77.58,High Value Loyal,2,High Value Loyal Customers
CUST-104809,2025-06-18,United Kingdom,Mobile,Direct,25,142,634.6,0.198,62,10,5,377.85,7,0,3,0.395,1,0.2,0.5,5.68,86.89,High Value Loyal,2,High Value Loyal Customers
CUST-104810,2025-04-12,India,Desktop,Direct,18,83,304.4,0.129,33,6,2,141.17,32,3,1,0.773,0,0.1111,0.3333,4.61,61.55,Deal Seekers,4,Engaged Non-Buyers
CUST-104811,2025-04-11,United States,Mobile,Email,21,119,334.5,0.119,47,3,3,108.09,12,1,1,0.834,1,0.1429,1.0,5.67,70.93,Deal Seekers,4,Engaged Non-Buyers
CUST-104812,2025-02-04,United Kingdom,Desktop,Paid Search,23,137,642.3,0.13,49,12,0,0.0,57,1,0,0.171,0,0.0,0.0,5.96,85.44,Engaged Non-Buyers,0,Product Researchers
CUST-104813,2025-03-23,United Kingdom,Mobile,Direct,29,145,478.9,0.222,58,10,5,594.18,9,1,3,0.079,1,0.1724,0.5,5.0,76.87,High Value Loyal,2,High Value Loyal Customers
CUST-104814,2025-01-26,United Kingdom,Desktop,Organic Search,14,89,475.1,0.487,51,2,0,0.0,53,1,2,0.544,1,0.0,0.0,6.36,72.13,Product Researchers,0,Product Researchers
CUST-104815,2025-05-16,United States,Desktop,Display,21,98,263.7,0.223,40,4,4,284.96,32,3,0,0.766,1,0.1905,1.0,4.67,59.51,Deal Seekers,4,Engaged Non-Buyers
CUST-104816,2025-02-09,United States,Mobile,Paid Search,17,122,453.5,0.415,67,0,0,0.0,27,4,1,0.328,1,0.0,0.0,7.18,79.72,Product Researchers,0,Product Researchers
CUST-104817,2025-03-05,United Kingdom,Desktop,Display,29,166,574.4,0.247,71,12,3,337.66,11,1,0,0.039,1,0.1034,0.25,5.72,85.44,High Value Loyal,2,High Value Loyal Customers
CUST-104818,2025-04-04,United Kingdom,Mobile,Paid Social,24,115,464.7,0.46,36,3,3,207.75,11,2,1,0.832,0,0.125,1.0,4.79,62.8,Deal Seekers,4,Engaged Non-Buyers
CUST-104819,2025-01-11,United Kingdom,Desktop,Display,18,102,279.2,0.218,42,1,0,0.0,27,2,0,0.686,1,0.0,0.0,5.67,64.13,Deal Seekers,0,Product Researchers
CUST-104820,2025-01-09,India,Mobile,Organic Search,9,80,569.6,0.514,52,2,1,85.73,54,2,2,0.326,0,0.1111,0.5,8.89,81.62,Product Researchers,0,Product Researchers
CUST-104821,2025-02-25,United Kingdom,Desktop,Organic Search,30,164,512.8,0.139,68,11,4,422.89,3,0,3,0.253,1,0.1333,0.3636,5.47,84.24,High Value Loyal,2,High Value Loyal Customers
CUST-104822,2025-03-08,Australia,Desktop,Organic Search,9,92,494.9,0.206,60,3,1,59.0,48,5,1,0.701,1,0.1111,0.3333,10.22,88.05,Product Researchers,0,Product Researchers
CUST-104823,2025-06-21,India,Tablet,Paid Search,37,166,233.8,0.146,75,7,4,493.02,4,0,2,0.375,1,0.1081,0.5714,4.49,67.05,High Value Loyal,2,High Value Loyal Customers
CUST-104824,2025-04-25,United Kingdom,Mobile,Referral,17,100,451.8,0.38,45,3,0,0.0,13,3,0,0.148,1,0.0,0.0,5.88,70.32,Engaged Non-Buyers,0,Product Researchers
CUST-104825,2025-06-06,India,Desktop,Direct,12,85,504.4,0.06,53,0,0,0.0,44,2,0,0.559,1,0.0,0.0,7.08,87.17,Product Researchers,0,Product Researchers
CUST-104826,2025-03-29,United Kingdom,Mobile,Direct,2,18,134.2,0.871,9,2,0,0.0,122,0,0,0.167,0,0.0,0.0,9.0,37.71,One-time Visitors,1,Low Engagement / At-Risk Visitors
CUST-104827,2025-03-10,United Kingdom,Mobile,Direct,15,75,487.2,0.408,36,3,0,0.0,36,2,0,0.078,1,0.0,0.0,5.0,65.85,Engaged Non-Buyers,0,Product Researchers
CUST-104828,2025-06-15,France,Desktop,Organic Search,22,114,290.5,0.536,47,8,2,106.03,8,2,1,0.816,1,0.0909,0.25,5.18,56.79,Deal Seekers,4,Engaged Non-Buyers
CUST-104829,2025-05-07,Germany,Tablet,Display,2,9,63.5,0.602,3,0,0,0.0,159,0,0,0.255,0,0.0,0.0,4.5,28.1,One-time Visitors,3,Engaged Non-Buyers
CUST-104830,2025-01-20,Germany,Mobile,Direct,18,113,469.5,0.437,57,1,0,0.0,53,4,1,0.102,1,0.0,0.0,6.28,74.7,Product Researchers,0,Product Researchers
CUST-104831,2025-06-22,United Kingdom,Desktop,Display,2,13,71.2,0.784,6,0,0,0.0,150,1,0,0.145,1,0.0,0.0,6.5,31.11,One-time Visitors,3,Engaged Non-Buyers
CUST-104832,2025-04-20,United States,Mobile,Paid Search,2,8,59.5,0.929,4,0,0,0.0,100,1,0,0.343,1,0.0,0.0,4.0,18.48,One-time Visitors,3,Engaged Non-Buyers
CUST-104833,2025-05-19,India,Desktop,Organic Search,23,128,376.1,0.022,60,5,4,331.89,7,3,0,0.383,1,0.1739,0.8,5.57,79.1,High Value Loyal,2,High Value Loyal Customers
CUST-104834,2025-01-20,Germany,Mobile,Referral,3,12,98.0,0.351,6,1,0,0.0,56,0,0,0.166,0,0.0,0.0,4.0,35.48,One-time Visitors,3,Engaged Non-Buyers
CUST-104835,2025-06-07,Germany,Desktop,Organic Search,11,87,478.6,0.508,54,1,0,0.0,10,2,2,0.433,1,0.0,0.0,7.91,77.56,Product Researchers,0,Product Researchers
CUST-104836,2025-06-03,United Kingdom,Mobile,Direct,30,158,741.1,0.045,70,16,5,440.22,14,0,0,0.105,1,0.1667,0.3125,5.27,90.33,High Value Loyal,2,High Value Loyal Customers
CUST-104837,2025-01-12,Germany,Desktop,Email,19,100,308.5,0.432,45,1,3,155.94,20,2,0,0.746,1,0.1579,1.0,5.26,59.93,Deal Seekers,4,Engaged Non-Buyers
CUST-104838,2025-03-20,United Kingdom,Mobile,Email,27,137,409.5,0.19,48,5,0,0.0,35,3,2,0.955,1,0.0,0.0,5.07,71.36,Deal Seekers,4,Engaged Non-Buyers
CUST-104839,2025-04-15,United Kingdom,Mobile,Email,16,125,500.1,0.285,66,1,1,92.82,15,2,2,0.535,1,0.0625,1.0,7.81,87.3,Product Researchers,4,Engaged Non-Buyers
CUST-104840,2025-02-25,India,Mobile,Organic Search,16,71,335.6,0.335,39,3,4,195.43,39,2,2,0.512,0,0.25,1.0,4.44,59.26,Deal Seekers,4,Engaged Non-Buyers
CUST-104841,2025-02-20,Canada,Mobile,Organic Search,13,79,280.7,0.321,31,4,2,110.99,32,4,0,0.691,1,0.1538,0.5,6.08,59.54,Deal Seekers,4,Engaged Non-Buyers
CUST-104842,2025-01-18,United Kingdom,Desktop,Organic Search,2,10,97.0,0.471,5,0,0,0.0,125,0,0,0.267,0,0.0,0.0,5.0,35.25,One-time Visitors,3,Engaged Non-Buyers
CUST-104843,2025-05-25,France,Mobile,Organic Search,17,102,343.8,0.38,44,6,0,0.0,20,2,0,0.958,0,0.0,0.0,6.0,64.99,Deal Seekers,4,Engaged Non-Buyers
CUST-104844,2025-02-24,United States,Mobile,Direct,3,12,100.6,0.719,7,0,0,0.0,109,0,0,0.048,0,0.0,0.0,4.0,26.7,One-time Visitors,3,Engaged Non-Buyers
CUST-104845,2025-05-13,United Kingdom,Desktop,Paid Social,2,10,112.2,0.71,7,1,0,0.0,60,0,0,0.21,0,0.0,0.0,5.0,30.64,One-time Visitors,3,Engaged Non-Buyers
CUST-104846,2025-01-15,United Kingdom,Tablet,Direct,14,81,372.1,0.147,39,7,0,0.0,26,2,0,0.653,1,0.0,0.0,5.79,70.02,Deal Seekers,0,Product Researchers
CUST-104847,2025-02-05,United Kingdom,Mobile,Organic Search,2,4,20.0,0.383,4,1,0,0.0,128,0,0,0.152,0,0.0,0.0,2.0,23.9,One-time Visitors,3,Engaged Non-Buyers
CUST-104848,2025-01-01,Netherlands,Desktop,Organic Search,4,13,154.2,0.674,3,0,0,0.0,151,1,0,0.277,0,0.0,0.0,3.25,26.94,One-time Visitors,3,Engaged Non-Buyers
CUST-104849,2025-01-26,India,Desktop,Organic Search,3,15,122.6,0.462,9,0,0,0.0,173,0,0,0.474,0,0.0,0.0,5.0,37.99,One-time Visitors,3,Engaged Non-Buyers
CUST-104850,2025-05-26,India,Mobile,Organic Search,17,101,542.6,0.367,44,2,0,0.0,21,1,1,0.361,1,0.0,0.0,5.94,75.07,Engaged Non-Buyers,0,Product Researchers
CUST-104851,2025-02-09,United Kingdom,Mobile,Direct,14,81,447.6,0.138,44,2,0,0.0,47,1,0,0.035,1,0.0,0.0,5.79,75.56,Engaged Non-Buyers,0,Product Researchers
CUST-104852,2025-04-01,United Kingdom,Desktop,Email,19,124,291.3,0.459,54,0,0,0.0,60,2,1,0.36,0,0.0,0.0,6.53,65.09,Product Researchers,0,Product Researchers
CUST-104853,2025-02-10,United Kingdom,Desktop,Paid Search,19,100,428.8,0.281,47,4,2,121.22,18,2,1,0.772,1,0.1053,0.5,5.26,70.33,Deal Seekers,4,Engaged Non-Buyers
CUST-104854,2025-05-04,Canada,Mobile,Direct,31,166,524.2,0.114,70,13,9,1084.59,7,0,2,0.097,1,0.2903,0.6923,5.35,85.09,High Value Loyal,2,High Value Loyal Customers
CUST-104855,2025-03-23,United Kingdom,Mobile,Direct,25,119,215.8,0.029,46,0,4,264.71,36,0,0,0.805,1,0.16,0.0,4.76,64.1,Deal Seekers,4,Engaged Non-Buyers
CUST-104856,2025-01-08,India,Desktop,Organic Search,5,22,136.4,0.634,6,0,0,0.0,62,0,0,0.346,0,0.0,0.0,4.4,31.57,One-time Visitors,3,Engaged Non-Buyers
CUST-104857,2025-06-25,Canada,Mobile,Organic Search,19,106,473.3,0.331,45,2,0,0.0,47,3,1,0.397,1,0.0,0.0,5.58,71.66,Engaged Non-Buyers,0,Product Researchers
CUST-104858,2025-06-27,United Kingdom,Mobile,Direct,21,118,396.0,0.173,58,16,5,739.73,3,1,0,0.249,1,0.2381,0.3125,5.62,75.89,High Value Loyal,2,High Value Loyal Customers
CUST-104859,2025-06-07,United Kingdom,Mobile,Email,17,84,397.2,0.183,40,3,1,70.42,47,2,1,0.519,1,0.0588,0.3333,4.94,68.04,Product Researchers,4,Engaged Non-Buyers
CUST-104860,2025-02-15,United Kingdom,Mobile,Paid Search,34,188,405.8,0.114,79,9,4,283.82,13,1,1,0.279,1,0.1176,0.4444,5.53,79.72,High Value Loyal,2,High Value Loyal Customers
CUST-104861,2025-03-14,United Kingdom,Desktop,Paid Search,18,101,378.0,0.222,35,9,1,56.22,35,1,0,0.563,1,0.0556,0.1111,5.61,66.67,Engaged Non-Buyers,4,Engaged Non-Buyers
CUST-104862,2025-06-16,France,Desktop,Organic Search,14,83,495.0,0.113,39,1,0,0.0,27,2,1,0.265,1,0.0,0.0,5.93,77.45,Engaged Non-Buyers,0,Product Researchers
CUST-104863,2025-04-29,India,Mobile,Paid Search,28,128,554.0,0.194,54,11,6,636.48,9,3,2,0.085,1,0.2143,0.5455,4.57,78.74,High Value Loyal,2,High Value Loyal Customers
CUST-104864,2025-05-25,France,Mobile,Display,31,135,608.0,0.324,38,11,5,581.05,7,3,0,0.146,1,0.1613,0.4545,4.35,72.19,High Value Loyal,2,High Value Loyal Customers
CUST-104865,2025-01-15,Germany,Mobile,Paid Search,25,96,548.7,0.091,34,2,0,0.0,10,3,1,0.337,0,0.0,0.0,3.84,72.63,Engaged Non-Buyers,0,Product Researchers
CUST-104866,2025-04-26,Germany,Desktop,Organic Search,12,89,458.0,0.325,56,3,1,96.78,67,3,1,0.285,1,0.0833,0.3333,7.42,80.18,Product Researchers,0,Product Researchers
CUST-104867,2025-06-02,United States,Tablet,Referral,16,91,343.6,0.148,47,2,1,103.07,22,1,0,0.733,1,0.0625,0.5,5.69,70.72,Product Researchers,4,Engaged Non-Buyers
CUST-104868,2025-06-20,United States,Mobile,Direct,21,108,409.6,0.221,45,2,1,64.6,43,5,1,0.475,1,0.0476,0.5,5.14,69.87,Engaged Non-Buyers,4,Engaged Non-Buyers
CUST-104869,2025-02-02,United Kingdom,Desktop,Referral,29,113,445.9,0.4,36,1,0,0.0,24,4,0,0.044,1,0.0,0.0,3.9,60.54,Engaged Non-Buyers,0,Product Researchers
CUST-104870,2025-05-22,France,Desktop,Organic Search,13,95,540.8,0.347,50,9,2,140.02,23,1,0,0.847,1,0.1538,0.2222,7.31,81.59,Deal Seekers,4,Engaged Non-Buyers
CUST-104871,2025-04-12,Canada,Mobile,Referral,26,127,329.7,0.13,46,9,2,117.59,37,1,2,0.8,1,0.0769,0.2222,4.88,67.65,Deal Seekers,4,Engaged Non-Buyers
CUST-104872,2025-01-17,United States,Desktop,Organic Search,20,96,365.5,0.141,36,4,0,0.0,55,1,1,0.443,0,0.0,0.0,4.8,65.83,Engaged Non-Buyers,0,Product Researchers
CUST-104873,2025-01-19,United States,Mobile,Paid Search,15,87,448.3,0.187,44,1,0,0.0,51,4,0,0.395,1,0.0,0.0,5.8,74.4,Engaged Non-Buyers,0,Product Researchers
CUST-104874,2025-05-05,United States,Mobile,Direct,14,98,500.8,0.515,56,1,0,0.0,70,3,0,0.559,1,0.0,0.0,7.0,76.27,Product Researchers,0,Product Researchers
CUST-104875,2025-03-17,Australia,Desktop,Organic Search,19,127,507.7,0.185,59,2,0,0.0,15,3,1,0.105,0,0.0,0.0,6.68,84.8,Product Researchers,0,Product Researchers
CUST-104876,2025-05-07,France,Mobile,Direct,3,17,39.7,0.756,6,0,1,68.15,58,1,0,0.243,0,0.3333,0.0,5.67,27.64,One-time Visitors,3,Engaged Non-Buyers
CUST-104877,2025-03-10,France,Desktop,Organic Search,23,121,401.9,0.385,65,14,6,707.77,6,0,0,0.064,1,0.2609,0.4286,5.26,71.9,High Value Loyal,2,High Value Loyal Customers
CUST-104878,2025-04-30,France,Mobile,Email,17,87,398.4,0.235,48,3,4,241.94,28,4,1,0.851,1,0.2353,1.0,5.12,69.8,Deal Seekers,4,Engaged Non-Buyers
CUST-104879,2025-05-27,India,Mobile,Paid Search,27,157,425.8,0.479,62,13,11,1327.96,9,2,2,0.103,1,0.4074,0.8462,5.81,71.57,High Value Loyal,2,High Value Loyal Customers
CUST-104880,2025-05-28,France,Mobile,Direct,31,147,458.9,0.078,59,12,4,542.24,13,4,1,0.181,1,0.129,0.3333,4.74,78.98,High Value Loyal,2,High Value Loyal Customers
CUST-104881,2025-02-22,United States,Mobile,Display,31,167,527.1,0.239,64,7,5,748.18,2,2,1,0.081,1,0.1613,0.7143,5.39,81.92,High Value Loyal,2,High Value Loyal Customers
CUST-104882,2025-06-27,United Kingdom,Desktop,Paid Search,22,113,276.1,0.372,52,10,1,53.11,4,2,0,0.887,1,0.0455,0.1,5.14,61.56,Deal Seekers,4,Engaged Non-Buyers
CUST-104883,2025-01-10,France,Mobile,Paid Social,4,22,50.0,0.548,9,0,0,0.0,85,0,0,0.298,0,0.0,0.0,5.5,33.76,One-time Visitors,3,Engaged Non-Buyers
CUST-104884,2025-03-26,United States,Mobile,Organic Search,19,95,541.6,0.358,37,3,0,0.0,16,3,1,0.622,1,0.0,0.0,5.0,70.14,Engaged Non-Buyers,0,Product Researchers
CUST-104885,2025-02-21,Germany,Mobile,Email,21,103,333.2,0.056,44,6,2,214.85,4,5,0,0.826,1,0.0952,0.3333,4.9,69.12,Deal Seekers,4,Engaged Non-Buyers
CUST-104886,2025-03-19,United States,Mobile,Paid Search,18,94,423.9,0.354,42,7,1,42.24,19,4,0,0.655,1,0.0556,0.1429,5.22,66.6,Deal Seekers,4,Engaged Non-Buyers
CUST-104887,2025-06-08,United Kingdom,Mobile,Paid Social,17,95,349.9,0.371,47,0,0,0.0,49,2,1,0.119,1,0.0,0.0,5.59,65.14,Product Researchers,0,Product Researchers
CUST-104888,2025-05-01,United States,Mobile,Organic Search,4,15,61.8,0.765,3,0,0,0.0,167,0,0,0.141,0,0.0,0.0,3.75,21.6,One-time Visitors,3,Engaged Non-Buyers
CUST-104889,2025-04-30,United States,Desktop,Organic Search,3,18,116.2,0.837,6,0,0,0.0,164,1,0,0.426,0,0.0,0.0,6.0,30.49,One-time Visitors,3,Engaged Non-Buyers
CUST-104890,2025-01-28,United Kingdom,Desktop,Email,11,77,498.0,0.414,48,1,1,83.81,47,3,0,0.517,1,0.0909,1.0,7.0,76.21,Product Researchers,4,Engaged Non-Buyers
CUST-104891,2025-02-10,India,Mobile,Organic Search,16,95,542.6,0.171,40,7,0,0.0,20,2,0,0.234,1,0.0,0.0,5.94,78.71,Engaged Non-Buyers,0,Product Researchers
CUST-104892,2025-04-13,France,Desktop,Paid Search,23,111,301.0,0.289,34,5,1,58.17,15,1,0,0.775,1,0.0435,0.2,4.83,58.36,Deal Seekers,4,Engaged Non-Buyers
CUST-104893,2025-03-28,United States,Mobile,Direct,21,130,430.0,0.474,64,1,0,0.0,44,3,0,0.518,1,0.0,0.0,6.19,73.69,Product Researchers,0,Product Researchers
CUST-104894,2025-06-18,United Kingdom,Mobile,Organic Search,31,139,504.8,0.194,58,12,7,881.28,11,3,2,0.367,1,0.2258,0.5833,4.48,77.23,High Value Loyal,2,High Value Loyal Customers
CUST-104895,2025-03-22,United States,Desktop,Paid Search,22,108,498.7,0.456,42,0,0,0.0,39,1,0,0.2,1,0.0,0.0,4.91,66.8,Engaged Non-Buyers,0,Product Researchers
CUST-104896,2025-01-28,France,Mobile,Direct,20,86,631.5,0.635,33,2,0,0.0,51,2,0,0.19,1,0.0,0.0,4.3,62.71,Engaged Non-Buyers,0,Product Researchers
CUST-104897,2025-01-20,United Kingdom,Mobile,Paid Social,4,22,76.2,0.721,6,1,0,0.0,175,0,0,0.558,1,0.0,0.0,5.5,29.82,One-time Visitors,3,Engaged Non-Buyers
CUST-104898,2025-03-31,United Kingdom,Desktop,Paid Social,2,17,76.9,0.819,10,0,0,0.0,72,0,0,0.242,0,0.0,0.0,8.5,36.44,One-time Visitors,1,Low Engagement / At-Risk Visitors
CUST-104899,2025-06-09,United Kingdom,Tablet,Paid Search,15,93,345.3,0.408,55,3,1,57.04,30,3,0,0.535,1,0.0667,0.3333,6.2,68.36,Product Researchers,4,Engaged Non-Buyers
CUST-104900,2025-02-28,United States,Mobile,Direct,20,88,558.7,0.526,33,0,0,0.0,54,2,0,0.197,1,0.0,0.0,4.4,63.69,Engaged Non-Buyers,0,Product Researchers
CUST-104901,2025-06-27,Canada,Mobile,Direct,3,12,64.0,0.912,6,1,0,0.0,110,1,0,0.202,0,0.0,0.0,4.0,19.74,One-time Visitors,3,Engaged Non-Buyers
CUST-104902,2025-04-10,Germany,Mobile,Email,13,88,469.3,0.406,51,2,1,53.58,30,2,1,0.339,1,0.0769,0.5,6.77,75.15,Product Researchers,0,Product Researchers
CUST-104903,2025-01-28,United Kingdom,Mobile,Paid Search,13,86,448.0,0.711,51,1,0,0.0,25,3,0,0.787,1,0.0,0.0,6.62,65.99,Product Researchers,0,Product Researchers
CUST-104904,2025-05-04,India,Tablet,Email,5,28,119.3,0.748,11,1,0,0.0,95,0,0,0.267,0,0.0,0.0,5.6,33.14,One-time Visitors,3,Engaged Non-Buyers
CUST-104905,2025-02-19,United States,Desktop,Organic Search,18,126,577.0,0.351,74,15,6,575.81,6,4,1,0.442,1,0.3333,0.4,7.0,86.94,High Value Loyal,2,High Value Loyal Customers
CUST-104906,2025-03-19,United States,Tablet,Referral,22,108,357.1,0.438,50,4,0,0.0,15,2,0,0.281,0,0.0,0.0,4.91,62.63,Product Researchers,0,Product Researchers
CUST-104907,2025-02-03,United Kingdom,Mobile,Display,28,161,606.2,0.153,70,8,10,1006.74,5,2,1,0.249,1,0.3571,1.0,5.75,89.16,High Value Loyal,2,High Value Loyal Customers
CUST-104908,2025-06-23,United Kingdom,Desktop,Organic Search,18,107,428.9,0.231,58,3,1,56.55,59,1,0,0.207,1,0.0556,0.3333,5.94,77.09,Product Researchers,0,Product Researchers
CUST-104909,2025-02-25,France,Desktop,Paid Social,16,77,442.2,0.651,36,2,2,148.24,34,3,0,0.304,1,0.125,1.0,4.81,56.96,Engaged Non-Buyers,4,Engaged Non-Buyers
CUST-104910,2025-06-07,United States,Mobile,Paid Search,25,119,322.4,0.281,51,3,1,97.04,32,3,0,0.23,1,0.04,0.3333,4.76,64.65,Product Researchers,0,Product Researchers
CUST-104911,2025-04-07,United Kingdom,Desktop,Email,6,33,40.4,0.945,4,1,0,0.0,134,0,1,0.514,0,0.0,0.0,5.5,21.82,One-time Visitors,3,Engaged Non-Buyers
CUST-104912,2025-04-14,United Kingdom,Mobile,Direct,22,131,422.3,0.201,66,11,6,491.9,4,3,1,0.451,1,0.2727,0.5455,5.95,79.7,High Value Loyal,2,High Value Loyal Customers
CUST-104913,2025-03-06,United Kingdom,Desktop,Paid Search,29,140,550.3,0.178,64,11,6,564.38,13,3,0,0.416,1,0.2069,0.5455,4.83,82.85,High Value Loyal,2,High Value Loyal Customers
CUST-104914,2025-06-16,United States,Desktop,Paid Social,20,84,443.7,0.371,35,5,3,247.91,29,4,0,0.63,1,0.15,0.6,4.2,61.8,Deal Seekers,4,Engaged Non-Buyers
CUST-104915,2025-04-01,Canada,Desktop,Paid Search,4,18,42.4,0.748,6,0,0,0.0,45,0,0,0.166,0,0.0,0.0,4.5,24.33,One-time Visitors,3,Engaged Non-Buyers
CUST-104916,2025-06-22,India,Desktop,Paid Search,21,96,212.0,0.39,43,9,5,325.64,44,3,0,0.837,1,0.2381,0.5556,4.57,53.38,Deal Seekers,4,Engaged Non-Buyers
CUST-104917,2025-03-08,United Kingdom,Mobile,Direct,27,155,335.4,0.314,64,10,6,708.01,9,2,0,0.296,1,0.2222,0.6,5.74,71.56,High Value Loyal,2,High Value Loyal Customers
CUST-104918,2025-06-06,United Kingdom,Mobile,Direct,4,16,91.1,0.873,4,0,0,0.0,178,1,0,0.421,0,0.0,0.0,4.0,21.47,One-time Visitors,3,Engaged Non-Buyers
CUST-104919,2025-06-02,United Kingdom,Tablet,Direct,14,84,351.7,0.23,53,3,1,83.02,43,4,0,0.43,1,0.0714,0.3333,6.0,71.9,Product Researchers,0,Product Researchers
CUST-104920,2025-03-07,United Kingdom,Desktop,Referral,16,78,439.5,0.165,36,7,0,0.0,20,1,1,0.886,1,0.0,0.0,4.88,69.16,Deal Seekers,4,Engaged Non-Buyers
CUST-104921,2025-02-08,United Kingdom,Desktop,Email,19,97,424.1,0.445,44,1,0,0.0,16,3,2,0.438,0,0.0,0.0,5.11,64.58,Product Researchers,0,Product Researchers
CUST-104922,2025-04-27,United Kingdom,Mobile,Paid Social,23,104,222.6,0.099,44,4,3,303.24,5,2,0,0.879,1,0.1304,0.75,4.52,61.32,Deal Seekers,4,Engaged Non-Buyers
CUST-104923,2025-05-21,United States,Desktop,Organic Search,15,80,246.8,0.359,47,1,0,0.0,68,1,0,0.488,1,0.0,0.0,5.33,59.48,Product Researchers,0,Product Researchers
CUST-104924,2025-06-03,United States,Mobile,Organic Search,18,105,488.4,0.339,59,1,0,0.0,66,0,2,0.428,1,0.0,0.0,5.83,77.32,Product Researchers,0,Product Researchers
CUST-104925,2025-06-04,Netherlands,Mobile,Display,27,115,622.4,0.583,38,5,0,0.0,8,2,1,0.388,1,0.0,0.0,4.26,65.42,Engaged Non-Buyers,0,Product Researchers
CUST-104926,2025-05-24,France,Mobile,Display,22,134,461.4,0.243,63,2,0,0.0,18,1,0,0.343,1,0.0,0.0,6.09,80.43,Product Researchers,0,Product Researchers
CUST-104927,2025-06-18,India,Mobile,Organic Search,19,124,532.1,0.14,65,14,7,831.87,6,0,0,0.363,1,0.3684,0.5,6.53,88.5,High Value Loyal,2,High Value Loyal Customers
CUST-104928,2025-03-21,United Kingdom,Mobile,Paid Search,1,7,102.5,0.768,4,0,0,0.0,87,1,0,0.055,0,0.0,0.0,7.0,34.02,One-time Visitors,1,Low Engagement / At-Risk Visitors
CUST-104929,2025-01-04,United Kingdom,Mobile,Direct,18,76,538.0,0.109,35,2,0,0.0,14,2,0,0.158,1,0.0,0.0,4.22,73.14,Engaged Non-Buyers,0,Product Researchers
CUST-104930,2025-02-20,United States,Mobile,Direct,17,82,428.0,0.073,36,3,0,0.0,47,0,0,0.386,1,0.0,0.0,4.82,70.72,Engaged Non-Buyers,0,Product Researchers
CUST-104931,2025-02-14,Canada,Mobile,Organic Search,14,99,311.3,0.149,39,5,2,130.12,36,1,0,0.913,1,0.1429,0.4,7.07,70.93,Deal Seekers,4,Engaged Non-Buyers
CUST-104932,2025-01-15,United States,Mobile,Direct,16,97,497.9,0.349,52,2,0,0.0,31,0,2,0.502,0,0.0,0.0,6.06,76.12,Engaged Non-Buyers,0,Product Researchers
CUST-104933,2025-01-11,Canada,Mobile,Referral,23,151,488.9,0.148,77,10,9,854.33,5,1,1,0.137,1,0.3913,0.9,6.57,86.25,High Value Loyal,2,High Value Loyal Customers
CUST-104934,2025-04-09,United States,Mobile,Paid Social,26,173,438.6,0.336,87,14,9,1021.33,7,2,0,0.502,1,0.3462,0.6429,6.65,79.32,High Value Loyal,2,High Value Loyal Customers
CUST-104935,2025-05-19,United Kingdom,Tablet,Organic Search,3,17,66.7,0.76,6,2,0,0.0,160,0,0,0.752,0,0.0,0.0,5.67,28.88,One-time Visitors,3,Engaged Non-Buyers
CUST-104936,2025-04-22,United Kingdom,Desktop,Email,4,15,91.6,0.913,3,1,0,0.0,135,0,0,0.645,0,0.0,0.0,3.75,19.39,One-time Visitors,3,Engaged Non-Buyers
CUST-104937,2025-06-06,United States,Desktop,Paid Search,21,123,416.4,0.235,58,2,1,83.19,40,2,0,0.417,0,0.0476,0.5,5.86,76.09,Product Researchers,0,Product Researchers
CUST-104938,2025-02-02,United Kingdom,Mobile,Email,3,15,113.5,0.758,5,0,0,0.0,109,0,0,0.092,0,0.0,0.0,5.0,28.88,One-time Visitors,3,Engaged Non-Buyers
CUST-104939,2025-06-21,United Kingdom,Desktop,Organic Search,19,118,282.4,0.243,37,4,3,136.0,16,6,0,0.746,1,0.1579,0.75,6.21,63.84,Deal Seekers,4,Engaged Non-Buyers
CUST-104940,2025-03-30,United Kingdom,Tablet,Referral,21,115,188.4,0.276,50,0,1,45.6,5,1,0,0.305,1,0.0476,0.0,5.48,60.01,Engaged Non-Buyers,0,Product Researchers
CUST-104941,2025-04-05,India,Tablet,Display,21,124,521.4,0.151,54,1,1,69.04,19,1,0,0.305,0,0.0476,1.0,5.9,82.36,Product Researchers,4,Engaged Non-Buyers
CUST-104942,2025-01-11,United States,Mobile,Email,2,13,80.4,0.807,7,2,0,0.0,117,0,0,0.034,0,0.0,0.0,6.5,31.32,One-time Visitors,3,Engaged Non-Buyers
CUST-104943,2025-03-25,United States,Mobile,Email,19,83,543.1,0.517,30,2,1,93.69,22,2,0,0.249,0,0.0526,0.5,4.37,62.12,Engaged Non-Buyers,0,Product Researchers
CUST-104944,2025-01-08,United States,Mobile,Paid Search,18,110,476.4,0.472,56,1,1,70.59,71,2,1,0.618,0,0.0556,1.0,6.11,73.35,Product Researchers,4,Engaged Non-Buyers
CUST-104945,2025-06-27,United Kingdom,Desktop,Paid Search,31,155,450.8,0.186,65,11,1,87.19,2,3,0,0.319,1,0.0323,0.0909,5.0,78.5,High Value Loyal,0,Product Researchers
CUST-104946,2025-01-05,United Kingdom,Mobile,Paid Search,1,14,162.8,0.855,9,1,0,0.0,118,0,0,0.365,0,0.0,0.0,14.0,39.52,One-time Visitors,1,Low Engagement / At-Risk Visitors
CUST-104947,2025-02-13,United Kingdom,Mobile,Organic Search,21,107,480.3,0.177,45,3,0,0.0,26,1,1,0.393,1,0.0,0.0,5.1,74.35,Engaged Non-Buyers,0,Product Researchers
CUST-104948,2025-05-30,United Kingdom,Mobile,Paid Search,15,101,397.5,0.667,54,2,1,109.92,3,1,1,0.804,1,0.0667,0.5,6.73,65.85,Deal Seekers,4,Engaged Non-Buyers
CUST-104949,2025-06-20,United Kingdom,Mobile,Paid Search,18,93,770.3,0.436,41,6,1,56.25,42,1,1,0.067,1,0.0556,0.1667,5.17,72.87,Engaged Non-Buyers,0,Product Researchers
CUST-104950,2025-04-19,Australia,Desktop,Organic Search,34,185,494.4,0.179,71,12,9,996.11,4,1,0,0.195,1,0.2647,0.75,5.44,82.24,High Value Loyal,2,High Value Loyal Customers
CUST-104951,2025-03-10,United States,Mobile,Direct,2,11,147.0,0.777,5,0,0,0.0,119,0,0,0.389,0,0.0,0.0,5.5,31.66,One-time Visitors,3,Engaged Non-Buyers
CUST-104952,2025-06-05,United Kingdom,Desktop,Direct,23,108,354.2,0.371,41,5,1,61.74,43,3,0,0.233,0,0.0435,0.2,4.7,60.73,Engaged Non-Buyers,0,Product Researchers
CUST-104953,2025-02-17,India,Mobile,Paid Search,20,109,577.3,0.398,42,3,0,0.0,56,3,1,0.425,0,0.0,0.0,5.45,73.88,Engaged Non-Buyers,0,Product Researchers
CUST-104954,2025-01-17,United Kingdom,Mobile,Direct,28,152,623.0,0.296,55,9,7,766.62,5,3,0,0.152,1,0.25,0.7778,5.43,81.49,High Value Loyal,2,High Value Loyal Customers
CUST-104955,2025-06-17,India,Mobile,Paid Search,21,98,604.2,0.5,41,4,0,0.0,21,2,1,0.259,0,0.0,0.0,4.67,69.69,Engaged Non-Buyers,0,Product Researchers
CUST-104956,2025-04-08,Germany,Mobile,Email,3,14,93.9,0.725,3,0,0,0.0,92,0,0,0.245,0,0.0,0.0,4.67,27.08,One-time Visitors,3,Engaged Non-Buyers
CUST-104957,2025-04-17,United Kingdom,Mobile,Email,24,98,477.4,0.131,34,4,0,0.0,47,3,0,0.109,1,0.0,0.0,4.08,68.81,Engaged Non-Buyers,0,Product Researchers
CUST-104958,2025-02-06,India,Desktop,Paid Search,5,25,93.6,0.686,4,0,0,0.0,171,0,0,0.367,0,0.0,0.0,5.0,29.38,One-time Visitors,3,Engaged Non-Buyers
CUST-104959,2025-04-18,United Kingdom,Mobile,Paid Search,19,101,315.8,0.494,38,11,1,56.28,41,2,0,0.713,1,0.0526,0.0909,5.32,56.74,Deal Seekers,4,Engaged Non-Buyers
CUST-104960,2025-05-07,India,Desktop,Display,1,5,82.1,0.899,5,1,0,0.0,53,1,0,0.37,0,0.0,0.0,5.0,23.79,One-time Visitors,3,Engaged Non-Buyers
CUST-104961,2025-05-19,United Kingdom,Mobile,Organic Search,4,19,169.8,0.666,7,0,0,0.0,168,1,0,0.114,1,0.0,0.0,4.75,33.84,One-time Visitors,3,Engaged Non-Buyers
CUST-104962,2025-03-03,United Kingdom,Desktop,Paid Social,23,115,419.2,0.256,45,7,2,93.49,38,4,2,0.76,1,0.087,0.2857,5.0,69.03,Deal Seekers,4,Engaged Non-Buyers
CUST-104963,2025-05-26,United States,Desktop,Paid Search,17,109,581.3,0.211,58,0,0,0.0,62,4,0,0.571,1,0.0,0.0,6.41,86.67,Product Researchers,0,Product Researchers
CUST-104964,2025-05-14,Netherlands,Desktop,Email,4,19,141.7,0.816,7,0,0,0.0,124,0,0,0.194,0,0.0,0.0,4.75,28.69,One-time Visitors,3,Engaged Non-Buyers
CUST-104965,2025-03-27,United Kingdom,Mobile,Paid Social,4,19,87.0,0.594,6,0,0,0.0,85,0,0,0.091,0,0.0,0.0,4.75,31.19,One-time Visitors,3,Engaged Non-Buyers
CUST-104966,2025-03-25,United States,Desktop,Email,14,101,485.1,0.246,54,1,0,0.0,8,1,3,0.392,0,0.0,0.0,7.21,82.27,Product Researchers,0,Product Researchers
CUST-104967,2025-05-19,United States,Mobile,Direct,2,16,88.6,0.753,9,0,0,0.0,142,1,0,0.435,0,0.0,0.0,8.0,38.37,One-time Visitors,1,Low Engagement / At-Risk Visitors
CUST-104968,2025-04-20,United States,Mobile,Paid Social,15,95,525.6,0.209,48,1,0,0.0,37,2,2,0.22,1,0.0,0.0,6.33,80.61,Engaged Non-Buyers,0,Product Researchers
CUST-104969,2025-03-24,France,Desktop,Display,15,84,435.3,0.158,36,5,0,0.0,55,4,2,0.557,1,0.0,0.0,5.6,71.4,Engaged Non-Buyers,0,Product Researchers
CUST-104970,2025-01-30,Canada,Mobile,Paid Social,33,155,407.8,0.119,62,10,8,827.43,14,5,2,0.232,1,0.2424,0.8,4.7,76.18,High Value Loyal,2,High Value Loyal Customers
CUST-104971,2025-05-11,Australia,Mobile,Display,15,91,269.1,0.457,51,2,1,35.95,33,2,1,0.84,1,0.0667,0.5,6.07,61.68,Deal Seekers,4,Engaged Non-Buyers
CUST-104972,2025-01-24,France,Mobile,Paid Social,17,94,484.9,0.07,42,6,4,173.78,28,0,1,0.807,0,0.2353,0.6667,5.53,77.69,Deal Seekers,4,Engaged Non-Buyers
CUST-104973,2025-04-11,United States,Mobile,Organic Search,14,122,437.4,0.299,70,2,0,0.0,16,2,0,0.197,0,0.0,0.0,8.71,84.4,Product Researchers,0,Product Researchers
CUST-104974,2025-04-10,United States,Desktop,Direct,20,111,442.8,0.514,36,8,4,163.04,18,0,2,0.894,1,0.2,0.5,5.55,62.72,Deal Seekers,4,Engaged Non-Buyers
CUST-104975,2025-05-04,Australia,Mobile,Paid Social,12,82,376.2,0.282,41,4,3,230.0,39,0,0,0.514,1,0.25,0.75,6.83,70.73,Deal Seekers,4,Engaged Non-Buyers
CUST-104976,2025-01-19,France,Mobile,Organic Search,2,10,128.5,0.648,7,0,0,0.0,155,0,0,0.24,0,0.0,0.0,5.0,33.0,One-time Visitors,3,Engaged Non-Buyers
CUST-104977,2025-05-02,United States,Mobile,Email,8,59,424.9,0.295,43,7,1,94.19,69,4,1,0.577,1,0.125,0.1429,7.38,75.16,Product Researchers,0,Product Researchers
CUST-104978,2025-01-21,United Kingdom,Mobile,Referral,7,67,248.5,0.259,42,8,1,72.13,18,2,2,0.685,1,0.1429,0.125,9.57,68.87,Deal Seekers,4,Engaged Non-Buyers
CUST-104979,2025-05-08,India,Desktop,Organic Search,30,153,413.8,0.192,57,18,5,551.98,13,3,0,0.61,1,0.1667,0.2778,5.1,74.36,High Value Loyal,2,High Value Loyal Customers
CUST-104980,2025-02-27,United States,Mobile,Organic Search,15,95,233.2,0.442,47,7,1,62.87,32,0,1,0.899,1,0.0667,0.1429,6.33,59.86,Deal Seekers,4,Engaged Non-Buyers
CUST-104981,2025-05-29,United Kingdom,Desktop,Paid Search,4,18,104.6,0.713,5,0,0,0.0,99,0,0,0.22,0,0.0,0.0,4.5,28.01,One-time Visitors,3,Engaged Non-Buyers
CUST-104982,2025-01-13,Netherlands,Desktop,Paid Search,5,20,119.2,0.779,5,0,0,0.0,152,0,0,0.408,0,0.0,0.0,4.0,25.53,One-time Visitors,3,Engaged Non-Buyers
CUST-104983,2025-03-05,Germany,Mobile,Direct,2,15,111.1,0.929,5,0,0,0.0,54,0,0,0.188,0,0.0,0.0,7.5,32.31,One-time Visitors,1,Low Engagement / At-Risk Visitors
CUST-104984,2025-04-10,Canada,Desktop,Direct,2,4,41.2,0.408,2,0,1,38.71,172,0,0,0.206,0,0.5,0.0,2.0,23.72,One-time Visitors,3,Engaged Non-Buyers
CUST-104985,2025-01-18,United Kingdom,Desktop,Display,17,95,521.0,0.215,47,2,0,0.0,56,5,1,0.48,1,0.0,0.0,5.59,77.59,Engaged Non-Buyers,0,Product Researchers
CUST-104986,2025-05-06,United Kingdom,Mobile,Email,30,168,580.4,0.1,66,8,6,688.97,6,1,1,0.367,1,0.2,0.75,5.6,89.02,High Value Loyal,2,High Value Loyal Customers
CUST-104987,2025-04-20,United Kingdom,Mobile,Email,1,7,104.5,0.808,6,1,0,0.0,153,0,0,0.297,0,0.0,0.0,7.0,33.75,One-time Visitors,1,Low Engagement / At-Risk Visitors
CUST-104988,2025-02-11,Canada,Desktop,Organic Search,22,112,306.3,0.323,51,3,5,287.48,25,3,0,0.904,1,0.2273,1.0,5.09,63.84,Deal Seekers,4,Engaged Non-Buyers
CUST-104989,2025-04-08,United Kingdom,Desktop,Paid Social,17,93,418.3,0.223,45,7,2,59.54,33,2,0,0.603,1,0.1176,0.2857,5.47,71.28,Deal Seekers,4,Engaged Non-Buyers
CUST-104990,2025-01-04,India,Desktop,Paid Social,29,175,480.9,0.2,71,11,9,1387.56,12,2,0,0.561,1,0.3103,0.8182,6.03,82.91,High Value Loyal,2,High Value Loyal Customers
CUST-104991,2025-06-09,Australia,Desktop,Organic Search,1,5,87.8,0.866,3,0,0,0.0,48,0,0,0.311,1,0.0,0.0,5.0,24.29,One-time Visitors,3,Engaged Non-Buyers
CUST-104992,2025-04-04,Australia,Tablet,Paid Search,28,139,465.9,0.06,60,9,11,1305.25,10,1,0,0.166,1,0.3929,1.0,4.96,80.77,High Value Loyal,2,High Value Loyal Customers
CUST-104993,2025-02-18,Australia,Mobile,Paid Search,16,78,449.6,0.29,39,1,0,0.0,66,1,1,0.299,1,0.0,0.0,4.88,67.45,Product Researchers,0,Product Researchers
CUST-104994,2025-01-14,Germany,Mobile,Direct,16,77,260.2,0.206,37,6,2,115.39,25,3,2,0.859,1,0.125,0.3333,4.81,59.29,Deal Seekers,4,Engaged Non-Buyers
CUST-104995,2025-05-27,India,Mobile,Organic Search,3,10,76.0,0.825,5,1,1,49.35,63,0,0,0.146,0,0.3333,1.0,3.33,20.12,One-time Visitors,3,Engaged Non-Buyers
CUST-104996,2025-02-02,Netherlands,Desktop,Organic Search,23,101,353.8,0.68,45,9,4,227.53,42,3,1,0.921,0,0.1739,0.4444,4.39,53.26,Deal Seekers,4,Engaged Non-Buyers
CUST-104997,2025-02-04,Germany,Mobile,Paid Social,39,188,398.9,0.309,66,9,4,293.3,10,3,1,0.09,1,0.1026,0.4444,4.82,72.27,High Value Loyal,2,High Value Loyal Customers
CUST-104998,2025-02-07,India,Mobile,Organic Search,17,100,553.4,0.206,43,1,0,0.0,59,1,0,0.212,0,0.0,0.0,5.88,79.12,Engaged Non-Buyers,0,Product Researchers
CUST-104999,2025-02-04,United Kingdom,Mobile,Paid Search,17,94,477.3,0.697,43,11,3,155.28,33,3,3,0.533,1,0.1765,0.2727,5.53,61.95,Deal Seekers,4,Engaged Non-Buyers
CUST-105000,2025-06-05,Australia,Mobile,Paid Social,12,112,456.3,0.282,66,0,0,0.0,70,2,1,0.163,1,0.0,0.0,9.33,85.78,Product Researchers,0,Product Researchers
CUST-105001,2025-05-04,United Kingdom,Tablet,Direct,17,83,241.5,0.491,36,4,4,199.1,8,4,1,0.685,1,0.2353,1.0,4.88,51.14,Deal Seekers,4,Engaged Non-Buyers
CUST-105002,2025-05-03,Canada,Mobile,Referral,18,97,383.7,0.37,39,8,4,271.75,6,2,0,0.745,1,0.2222,0.5,5.39,63.77,Deal Seekers,4,Engaged Non-Buyers
CUST-105003,2025-03-28,India,Mobile,Paid Social,12,88,425.0,0.188,54,3,1,88.25,62,2,0,0.346,0,0.0833,0.3333,7.33,81.07,Product Researchers,0,Product Researchers
CUST-105004,2025-05-03,United Kingdom,Mobile,Paid Search,32,157,378.6,0.401,54,10,4,572.3,6,2,1,0.077,1,0.125,0.4,4.91,65.86,High Value Loyal,2,High Value Loyal Customers
CUST-105005,2025-05-24,India,Desktop,Direct,28,159,544.2,0.21,70,12,8,602.33,13,3,0,0.3,1,0.2857,0.6667,5.68,84.69,High Value Loyal,2,High Value Loyal Customers
CUST-105006,2025-01-26,France,Mobile,Organic Search,1,6,121.7,0.872,5,0,0,0.0,89,1,0,0.126,0,0.0,0.0,6.0,29.57,One-time Visitors,3,Engaged Non-Buyers
CUST-105007,2025-06-18,United States,Mobile,Paid Social,18,107,512.7,0.251,55,3,1,44.87,9,3,1,0.401,1,0.0556,0.3333,5.94,79.87,Product Researchers,0,Product Researchers
CUST-105008,2025-05-27,United States,Mobile,Organic Search,11,78,483.3,0.205,48,3,1,50.46,26,0,0,0.208,0,0.0909,0.3333,7.09,80.97,Engaged Non-Buyers,0,Product Researchers
CUST-105009,2025-01-11,United States,Mobile,Organic Search,12,78,609.3,0.345,40,0,0,0.0,59,2,1,0.236,1,0.0,0.0,6.5,78.99,Engaged Non-Buyers,0,Product Researchers
CUST-105010,2025-05-05,Canada,Mobile,Direct,35,166,513.8,0.111,67,11,9,871.13,14,3,0,0.397,1,0.2571,0.8182,4.74,82.73,High Value Loyal,2,High Value Loyal Customers
CUST-105011,2025-06-22,Australia,Mobile,Email,2,11,142.8,0.753,5,2,0,0.0,111,0,0,0.14,0,0.0,0.0,5.5,32.05,One-time Visitors,3,Engaged Non-Buyers
CUST-105012,2025-02-03,United Kingdom,Tablet,Paid Social,18,93,278.1,0.349,38,10,2,117.68,26,2,0,0.913,1,0.1111,0.2,5.17,58.01,Deal Seekers,4,Engaged Non-Buyers
CUST-105013,2025-03-28,United Kingdom,Mobile,Paid Search,31,168,617.4,0.183,60,12,4,353.89,5,0,1,0.263,1,0.129,0.3333,5.42,85.82,High Value Loyal,2,High Value Loyal Customers
CUST-105014,2025-04-18,India,Mobile,Email,2,9,83.8,0.735,6,0,0,0.0,172,1,0,0.151,1,0.0,0.0,4.5,26.72,One-time Visitors,3,Engaged Non-Buyers
CUST-105015,2025-04-01,United Kingdom,Desktop,Paid Search,19,104,392.2,0.635,60,1,1,75.5,49,1,0,0.266,1,0.0526,1.0,5.47,64.3,Product Researchers,4,Engaged Non-Buyers
CUST-105016,2025-04-13,United Kingdom,Desktop,Email,16,94,326.1,0.241,49,5,3,199.24,31,3,1,0.422,1,0.1875,0.6,5.88,68.73,Deal Seekers,4,Engaged Non-Buyers
CUST-105017,2025-04-03,Germany,Mobile,Paid Social,15,103,462.3,0.109,67,3,1,79.3,24,1,0,0.509,0,0.0667,0.3333,6.87,86.85,Product Researchers,0,Product Researchers
CUST-105018,2025-04-11,United States,Mobile,Paid Search,11,74,322.6,0.658,40,12,1,62.03,27,1,2,0.952,1,0.0909,0.0833,6.73,58.0,Deal Seekers,4,Engaged Non-Buyers
CUST-105019,2025-01-17,Canada,Desktop,Organic Search,2,15,73.3,0.764,13,0,0,0.0,168,0,0,0.067,0,0.0,0.0,7.5,36.99,One-time Visitors,1,Low Engagement / At-Risk Visitors
CUST-105020,2025-01-02,United Kingdom,Mobile,Direct,21,96,342.3,0.342,46,9,3,172.53,27,1,1,0.797,1,0.1429,0.3333,4.57,62.0,Deal Seekers,4,Engaged Non-Buyers
CUST-105021,2025-06-15,United States,Mobile,Organic Search,13,94,510.6,0.232,42,2,1,38.1,47,4,1,0.298,1,0.0769,0.5,7.23,80.25,Engaged Non-Buyers,0,Product Researchers
CUST-105022,2025-06-13,Australia,Desktop,Organic Search,1,16,158.1,0.855,10,0,0,0.0,179,0,0,0.4,0,0.0,0.0,16.0,39.6,One-time Visitors,1,Low Engagement / At-Risk Visitors
CUST-105023,2025-05-31,United States,Mobile,Organic Search,5,17,118.2,0.876,6,1,0,0.0,61,0,0,0.173,0,0.0,0.0,3.4,21.49,One-time Visitors,3,Engaged Non-Buyers
CUST-105024,2025-05-22,United States,Desktop,Organic Search,17,88,364.2,0.296,41,4,0,0.0,40,2,1,0.099,1,0.0,0.0,5.18,64.61,Engaged Non-Buyers,0,Product Researchers
CUST-105025,2025-05-08,France,Mobile,Paid Social,27,163,337.0,0.136,64,17,6,645.99,8,2,0,0.138,1,0.2222,0.3529,6.04,77.0,High Value Loyal,2,High Value Loyal Customers
CUST-105026,2025-02-25,Canada,Mobile,Organic Search,5,19,79.7,0.671,8,0,0,0.0,112,0,0,0.284,0,0.0,0.0,3.8,26.56,One-time Visitors,3,Engaged Non-Buyers
CUST-105027,2025-06-17,Canada,Mobile,Referral,20,123,467.4,0.558,58,3,1,62.93,35,1,1,0.378,0,0.05,0.3333,6.15,71.49,Product Researchers,0,Product Researchers
CUST-105028,2025-04-20,United Kingdom,Mobile,Paid Search,16,114,463.0,0.505,64,2,0,0.0,12,1,0,0.73,1,0.0,0.0,7.12,77.48,Product Researchers,0,Product Researchers
CUST-105029,2025-02-03,United Kingdom,Mobile,Organic Search,9,84,386.9,0.27,54,2,1,70.99,13,2,1,0.386,1,0.1111,0.5,9.33,79.21,Product Researchers,0,Product Researchers
CUST-105030,2025-05-10,Canada,Mobile,Organic Search,4,11,81.0,0.892,3,1,0,0.0,122,1,0,0.284,1,0.0,0.0,2.75,16.26,One-time Visitors,3,Engaged Non-Buyers
CUST-105031,2025-01-15,United States,Mobile,Paid Search,20,100,404.8,0.282,43,3,0,0.0,46,2,1,0.348,0,0.0,0.0,5.0,67.05,Engaged Non-Buyers,0,Product Researchers
CUST-105032,2025-06-09,Australia,Mobile,Organic Search,19,88,406.4,0.316,44,2,3,175.08,14,2,1,0.889,1,0.1579,1.0,4.63,65.43,Deal Seekers,4,Engaged Non-Buyers
CUST-105033,2025-01-07,United Kingdom,Mobile,Organic Search,2,17,56.5,0.953,10,0,0,0.0,67,0,0,0.097,1,0.0,0.0,8.5,32.07,One-time Visitors,1,Low Engagement / At-Risk Visitors
CUST-105034,2025-01-14,India,Mobile,Organic Search,5,28,45.1,0.652,6,1,0,0.0,82,0,0,0.26,0,0.0,0.0,5.6,30.3,One-time Visitors,3,Engaged Non-Buyers
CUST-105035,2025-01-12,Germany,Mobile,Organic Search,16,95,396.8,0.378,40,8,2,153.16,21,2,3,0.665,0,0.125,0.25,5.94,66.25,Deal Seekers,4,Engaged Non-Buyers
CUST-105036,2025-04-20,France,Mobile,Paid Search,22,132,543.6,0.168,66,12,5,590.64,14,0,2,0.39,1,0.2273,0.4167,6.0,86.73,High Value Loyal,2,High Value Loyal Customers
CUST-105037,2025-03-03,United Kingdom,Mobile,Direct,14,94,557.8,0.211,55,1,0,0.0,21,2,3,0.162,0,0.0,0.0,6.71,85.53,Engaged Non-Buyers,0,Product Researchers
CUST-105038,2025-06-13,India,Mobile,Direct,20,135,537.1,0.357,73,16,7,842.1,14,3,3,0.215,1,0.35,0.4375,6.75,84.01,High Value Loyal,2,High Value Loyal Customers
CUST-105039,2025-01-31,United Kingdom,Desktop,Direct,3,22,48.6,0.691,8,0,0,0.0,88,0,0,0.322,0,0.0,0.0,7.33,35.53,One-time Visitors,1,Low Engagement / At-Risk Visitors
CUST-105040,2025-03-13,United Kingdom,Mobile,Referral,2,10,59.9,0.721,7,1,0,0.0,171,0,0,0.042,0,0.0,0.0,5.0,27.75,One-time Visitors,3,Engaged Non-Buyers
CUST-105041,2025-01-06,Canada,Desktop,Paid Social,3,11,118.0,0.695,4,0,1,59.01,178,0,0,0.076,0,0.3333,0.0,3.67,26.22,One-time Visitors,3,Engaged Non-Buyers
CUST-105042,2025-02-03,United Kingdom,Mobile,Referral,18,84,304.2,0.497,34,1,0,0.0,15,1,0,0.755,0,0.0,0.0,4.67,52.82,Engaged Non-Buyers,0,Product Researchers
CUST-105043,2025-01-27,United Kingdom,Mobile,Organic Search,16,97,366.3,0.366,46,3,0,0.0,33,2,0,0.374,0,0.0,0.0,6.06,67.27,Engaged Non-Buyers,0,Product Researchers
CUST-105044,2025-01-20,United States,Desktop,Paid Search,19,92,299.3,0.172,35,7,0,0.0,5,1,3,0.92,1,0.0,0.0,4.84,61.56,Deal Seekers,4,Engaged Non-Buyers
CUST-105045,2025-01-03,United Kingdom,Mobile,Paid Social,3,16,73.4,0.946,6,0,0,0.0,158,0,0,0.179,0,0.0,0.0,5.33,23.53,One-time Visitors,3,Engaged Non-Buyers
CUST-105046,2025-04-10,United Kingdom,Tablet,Organic Search,2,12,92.5,0.862,6,0,0,0.0,105,0,0,0.257,0,0.0,0.0,6.0,28.66,One-time Visitors,3,Engaged Non-Buyers
CUST-105047,2025-03-29,United Kingdom,Mobile,Paid Social,18,103,547.6,0.288,51,1,0,0.0,41,1,0,0.495,1,0.0,0.0,5.72,78.76,Product Researchers,0,Product Researchers
CUST-105048,2025-03-23,France,Mobile,Organic Search,3,14,139.6,0.88,2,1,0,0.0,176,1,0,0.321,0,0.0,0.0,4.67,25.18,One-time Visitors,3,Engaged Non-Buyers
CUST-105049,2025-03-21,India,Desktop,Direct,23,123,338.2,0.076,54,15,10,900.86,4,0,0,0.208,1,0.4348,0.6667,5.35,73.34,High Value Loyal,2,High Value Loyal Customers
CUST-105050,2025-03-18,United Kingdom,Desktop,Direct,19,118,404.2,0.308,60,4,0,0.0,17,0,1,0.498,1,0.0,0.0,6.21,75.37,Product Researchers,0,Product Researchers
CUST-105051,2025-01-18,United States,Desktop,Email,18,120,415.0,0.072,52,1,1,90.22,37,1,1,0.63,1,0.0556,1.0,6.67,80.79,Product Researchers,4,Engaged Non-Buyers
CUST-105052,2025-04-24,Canada,Mobile,Email,2,7,120.6,0.849,2,1,0,0.0,85,0,0,0.261,0,0.0,0.0,3.5,21.35,One-time Visitors,3,Engaged Non-Buyers
CUST-105053,2025-02-24,India,Desktop,Organic Search,21,111,343.3,0.37,43,10,3,226.15,30,2,0,0.865,1,0.1429,0.3,5.29,62.66,Deal Seekers,4,Engaged Non-Buyers
CUST-105054,2025-01-31,United Kingdom,Mobile,Organic Search,16,88,493.9,0.357,45,3,0,0.0,41,2,2,0.076,1,0.0,0.0,5.5,71.8,Engaged Non-Buyers,0,Product Researchers
CUST-105055,2025-03-25,United Kingdom,Desktop,Referral,4,13,113.8,0.497,4,2,0,0.0,106,1,0,0.172,0,0.0,0.0,3.25,29.64,One-time Visitors,3,Engaged Non-Buyers
CUST-105056,2025-01-04,United Kingdom,Mobile,Email,5,19,102.5,0.754,8,0,0,0.0,115,0,0,0.396,0,0.0,0.0,3.8,25.62,One-time Visitors,3,Engaged Non-Buyers
CUST-105057,2025-01-01,France,Mobile,Organic Search,14,71,457.2,0.23,37,2,1,60.09,30,1,1,0.184,0,0.0714,0.5,5.07,69.33,Engaged Non-Buyers,0,Product Researchers
CUST-105058,2025-03-02,Germany,Desktop,Email,11,93,170.7,0.33,65,1,0,0.0,49,2,0,0.395,1,0.0,0.0,8.45,70.28,Product Researchers,0,Product Researchers
CUST-105059,2025-02-02,Netherlands,Mobile,Organic Search,13,91,443.0,0.451,46,3,0,0.0,26,2,1,0.602,1,0.0,0.0,7.0,71.91,Product Researchers,0,Product Researchers
CUST-105060,2025-05-04,India,Mobile,Organic Search,36,162,548.0,0.549,61,20,5,436.08,5,0,0,0.356,1,0.1389,0.25,4.5,71.51,High Value Loyal,2,High Value Loyal Customers
CUST-105061,2025-01-06,Australia,Mobile,Paid Search,25,136,612.9,0.148,64,17,5,682.7,3,5,1,0.277,1,0.2,0.2941,5.44,87.99,High Value Loyal,2,High Value Loyal Customers
CUST-105062,2025-03-19,France,Mobile,Direct,1,9,52.4,0.753,8,1,0,0.0,48,1,0,0.357,1,0.0,0.0,9.0,36.25,One-time Visitors,1,Low Engagement / At-Risk Visitors
CUST-105063,2025-03-11,India,Mobile,Organic Search,1,6,20.0,0.865,5,0,0,0.0,119,0,1,0.292,0,0.0,0.0,6.0,24.66,One-time Visitors,3,Engaged Non-Buyers
CUST-105064,2025-06-17,United States,Mobile,Paid Social,2,10,97.7,0.631,5,0,0,0.0,139,0,1,0.31,0,0.0,0.0,5.0,31.27,One-time Visitors,3,Engaged Non-Buyers
CUST-105065,2025-02-18,India,Mobile,Direct,14,112,415.9,0.22,64,2,0,0.0,61,1,0,0.309,1,0.0,0.0,8.0,84.99,Product Researchers,0,Product Researchers
CUST-105066,2025-06-29,United States,Mobile,Paid Search,25,150,365.5,0.238,70,17,7,653.98,7,3,2,0.332,1,0.28,0.4118,6.0,76.08,High Value Loyal,2,High Value Loyal Customers
CUST-105067,2025-05-15,Germany,Mobile,Paid Social,27,145,405.6,0.538,60,8,6,622.43,1,1,1,0.513,1,0.2222,0.75,5.37,67.09,High Value Loyal,2,High Value Loyal Customers
CUST-105068,2025-05-11,United States,Mobile,Paid Search,17,106,483.8,0.153,50,4,0,0.0,29,3,0,0.121,0,0.0,0.0,6.24,80.23,Engaged Non-Buyers,0,Product Researchers
CUST-105069,2025-01-19,Australia,Desktop,Email,3,19,157.0,0.83,7,2,0,0.0,74,0,0,0.077,0,0.0,0.0,6.33,34.04,One-time Visitors,3,Engaged Non-Buyers
CUST-105070,2025-05-03,United Kingdom,Mobile,Email,31,170,637.3,0.216,73,9,6,640.1,11,4,3,0.064,1,0.1935,0.6667,5.48,86.74,High Value Loyal,2,High Value Loyal Customers
CUST-105071,2025-03-24,France,Mobile,Paid Search,19,100,442.4,0.566,51,8,3,210.83,35,1,0,0.342,0,0.1579,0.375,5.26,65.1,Deal Seekers,4,Engaged Non-Buyers
CUST-105072,2025-01-29,Netherlands,Desktop,Paid Search,21,95,476.8,0.126,31,8,3,218.05,42,3,2,0.689,1,0.1429,0.375,4.52,69.36,Deal Seekers,4,Engaged Non-Buyers
CUST-105073,2025-02-22,United Kingdom,Mobile,Direct,22,107,309.6,0.224,37,8,0,0.0,36,1,1,0.667,1,0.0,0.0,4.86,61.45,Deal Seekers,4,Engaged Non-Buyers
CUST-105074,2025-02-09,India,Mobile,Direct,2,14,124.4,0.882,7,0,0,0.0,61,0,0,0.235,0,0.0,0.0,7.0,33.2,One-time Visitors,1,Low Engagement / At-Risk Visitors
CUST-105075,2025-03-07,India,Mobile,Organic Search,19,116,352.0,0.635,55,1,1,35.16,72,1,0,0.446,0,0.0526,1.0,6.11,62.73,Product Researchers,4,Engaged Non-Buyers
CUST-105076,2025-05-03,Australia,Mobile,Organic Search,21,98,219.6,0.096,35,3,0,0.0,28,3,0,0.586,1,0.0,0.0,4.67,58.92,Engaged Non-Buyers,0,Product Researchers
CUST-105077,2025-03-03,United States,Mobile,Referral,24,123,479.1,0.305,53,15,7,593.39,14,4,0,0.162,1,0.2917,0.4667,5.12,73.64,High Value Loyal,2,High Value Loyal Customers
CUST-105078,2025-05-01,India,Desktop,Organic Search,25,143,518.8,0.205,75,17,7,762.07,3,2,2,0.293,1,0.28,0.4118,5.72,83.69,High Value Loyal,2,High Value Loyal Customers
CUST-105079,2025-03-28,United Kingdom,Mobile,Paid Search,4,16,184.8,0.538,9,0,0,0.0,84,0,0,0.139,0,0.0,0.0,4.0,36.07,One-time Visitors,3,Engaged Non-Buyers
CUST-105080,2025-05-15,Netherlands,Desktop,Email,17,96,476.1,0.436,35,1,0,0.0,23,3,1,0.02,0,0.0,0.0,5.65,66.32,Engaged Non-Buyers,0,Product Researchers
CUST-105081,2025-05-26,Australia,Mobile,Email,3,22,39.6,0.648,9,0,0,0.0,59,0,0,0.408,0,0.0,0.0,7.33,36.47,One-time Visitors,1,Low Engagement / At-Risk Visitors
CUST-105082,2025-03-16,United Kingdom,Desktop,Email,15,83,341.9,0.485,46,3,4,303.46,15,2,3,0.783,0,0.2667,1.0,5.53,61.41,Deal Seekers,4,Engaged Non-Buyers
CUST-105083,2025-06-26,United Kingdom,Mobile,Direct,5,21,128.3,0.7,9,0,0,0.0,88,0,0,0.15,1,0.0,0.0,4.2,29.81,One-time Visitors,3,Engaged Non-Buyers
CUST-105084,2025-04-22,United Kingdom,Mobile,Organic Search,28,125,729.8,0.276,56,7,6,497.47,9,2,2,0.241,1,0.2143,0.8571,4.46,79.29,High Value Loyal,2,High Value Loyal Customers
CUST-105085,2025-02-12,United States,Desktop,Paid Search,12,93,580.8,0.329,49,5,0,0.0,45,2,1,0.424,0,0.0,0.0,7.75,85.11,Product Researchers,0,Product Researchers
CUST-105086,2025-03-08,Canada,Desktop,Referral,14,94,312.3,0.586,52,2,0,0.0,37,0,1,0.323,1,0.0,0.0,6.71,62.95,Product Researchers,0,Product Researchers
CUST-105087,2025-03-19,United States,Desktop,Display,21,128,608.2,0.094,56,10,4,352.41,4,1,0,0.044,1,0.1905,0.4,6.1,88.94,High Value Loyal,2,High Value Loyal Customers
CUST-105088,2025-04-11,France,Desktop,Paid Search,5,21,71.0,0.73,6,0,0,0.0,170,0,0,0.208,1,0.0,0.0,4.2,25.28,One-time Visitors,3,Engaged Non-Buyers
CUST-105089,2025-01-06,United Kingdom,Desktop,Paid Social,19,97,429.9,0.267,45,0,0,0.0,47,3,0,0.047,0,0.0,0.0,5.11,69.61,Engaged Non-Buyers,0,Product Researchers
CUST-105090,2025-04-29,Netherlands,Tablet,Paid Search,32,170,363.1,0.214,72,10,6,676.52,10,3,0,0.14,1,0.1875,0.6,5.31,74.4,High Value Loyal,2,High Value Loyal Customers
CUST-105091,2025-01-12,United States,Desktop,Paid Search,16,93,597.7,0.049,55,4,1,71.35,56,2,0,0.588,1,0.0625,0.25,5.81,88.76,Engaged Non-Buyers,0,Product Researchers
CUST-105092,2025-04-26,United Kingdom,Desktop,Direct,27,153,635.8,0.081,58,8,5,443.79,2,2,0,0.077,1,0.1852,0.625,5.67,88.53,High Value Loyal,2,High Value Loyal Customers
CUST-105093,2025-03-03,United Kingdom,Mobile,Direct,2,10,32.7,0.875,3,0,0,0.0,123,0,0,0.371,0,0.0,0.0,5.0,21.32,One-time Visitors,3,Engaged Non-Buyers
CUST-105094,2025-01-15,France,Mobile,Paid Social,18,107,478.6,0.253,46,4,0,0.0,31,2,1,0.287,1,0.0,0.0,5.94,75.33,Engaged Non-Buyers,0,Product Researchers
CUST-105095,2025-05-30,Germany,Tablet,Referral,11,104,545.2,0.103,65,3,0,0.0,50,2,1,0.531,1,0.0,0.0,9.45,94.68,Product Researchers,0,Product Researchers
CUST-105096,2025-03-19,United Kingdom,Desktop,Paid Search,3,12,87.5,0.719,7,0,0,0.0,153,0,0,0.421,0,0.0,0.0,4.0,26.06,One-time Visitors,3,Engaged Non-Buyers
CUST-105097,2025-04-09,India,Mobile,Paid Search,17,99,498.1,0.402,39,1,0,0.0,36,1,0,0.142,1,0.0,0.0,5.82,70.06,Engaged Non-Buyers,0,Product Researchers
CUST-105098,2025-03-16,United Kingdom,Desktop,Paid Social,13,83,400.7,0.344,52,0,0,0.0,70,1,3,0.454,1,0.0,0.0,6.38,72.39,Product Researchers,0,Product Researchers
CUST-105099,2025-02-08,Netherlands,Mobile,Direct,2,12,107.4,0.833,4,0,1,45.31,165,0,0,0.2,0,0.5,0.0,6.0,29.53,One-time Visitors,3,Engaged Non-Buyers
CUST-105100,2025-04-11,United Kingdom,Tablet,Direct,14,73,287.9,0.278,34,1,1,81.67,49,3,1,0.362,1,0.0714,1.0,5.21,59.2,Engaged Non-Buyers,4,Engaged Non-Buyers
CUST-105101,2025-03-29,Canada,Desktop,Organic Search,20,95,428.3,0.315,40,10,2,98.37,41,5,1,0.488,1,0.1,0.2,4.75,65.69,Deal Seekers,4,Engaged Non-Buyers
CUST-105102,2025-06-22,United Kingdom,Mobile,Organic Search,2,13,107.4,0.787,6,0,0,0.0,143,0,0,0.308,0,0.0,0.0,6.5,32.86,One-time Visitors,3,Engaged Non-Buyers
CUST-105103,2025-03-29,Australia,Desktop,Direct,2,10,101.6,0.572,7,1,0,0.0,138,0,0,0.407,0,0.0,0.0,5.0,33.57,One-time Visitors,3,Engaged Non-Buyers
CUST-105104,2025-04-09,Germany,Desktop,Paid Search,2,12,69.1,0.84,7,1,0,0.0,115,0,0,0.245,1,0.0,0.0,6.0,28.35,One-time Visitors,3,Engaged Non-Buyers
CUST-105105,2025-06-16,United Kingdom,Tablet,Email,3,16,97.8,0.713,5,0,0,0.0,133,0,0,0.074,0,0.0,0.0,5.33,30.28,One-time Visitors,3,Engaged Non-Buyers
CUST-105106,2025-02-14,United Kingdom,Mobile,Paid Search,23,109,304.9,0.352,41,7,1,70.79,11,2,1,0.345,1,0.0435,0.1429,4.74,58.87,Deal Seekers,0,Product Researchers
CUST-105107,2025-06-07,United States,Mobile,Paid Search,17,113,488.8,0.103,53,4,0,0.0,25,2,0,0.157,0,0.0,0.0,6.65,83.95,Engaged Non-Buyers,0,Product Researchers
CUST-105108,2025-04-21,Australia,Desktop,Paid Social,4,17,102.2,0.574,6,1,0,0.0,86,0,0,0.289,0,0.0,0.0,4.25,30.9,One-time Visitors,3,Engaged Non-Buyers
CUST-105109,2025-06-05,India,Mobile,Paid Search,22,130,391.1,0.179,50,4,1,78.17,43,3,0,0.507,1,0.0455,0.25,5.91,73.92,Deal Seekers,0,Product Researchers
CUST-105110,2025-03-21,United States,Mobile,Paid Search,13,76,229.9,0.505,38,3,1,55.14,20,1,3,0.409,1,0.0769,0.3333,5.85,53.83,Deal Seekers,4,Engaged Non-Buyers
CUST-105111,2025-06-25,United Kingdom,Tablet,Direct,2,13,126.3,0.646,8,0,0,0.0,130,0,0,0.277,1,0.0,0.0,6.5,37.94,One-time Visitors,3,Engaged Non-Buyers
CUST-105112,2025-03-13,Canada,Desktop,Email,31,188,398.8,0.272,79,16,7,1012.97,14,3,2,0.405,1,0.2258,0.4375,6.06,77.1,High Value Loyal,2,High Value Loyal Customers
CUST-105113,2025-02-18,United Kingdom,Desktop,Organic Search,9,74,413.0,0.204,48,3,0,0.0,60,4,1,0.417,1,0.0,0.0,8.22,80.33,Product Researchers,0,Product Researchers
CUST-105114,2025-01-02,United Kingdom,Mobile,Direct,16,93,241.7,0.356,43,8,1,79.87,16,1,0,0.505,1,0.0625,0.125,5.81,59.57,Deal Seekers,4,Engaged Non-Buyers
CUST-105115,2025-04-26,United Kingdom,Tablet,Paid Social,22,95,178.6,0.401,36,2,0,0.0,57,3,0,0.169,1,0.0,0.0,4.32,48.47,Engaged Non-Buyers,0,Product Researchers
CUST-105116,2025-05-14,India,Mobile,Direct,2,12,107.8,0.732,4,0,0,0.0,143,1,0,0.351,1,0.0,0.0,6.0,32.07,One-time Visitors,3,Engaged Non-Buyers
CUST-105117,2025-04-30,India,Mobile,Display,20,115,459.0,0.301,53,2,0,0.0,72,4,3,0.425,1,0.0,0.0,5.75,74.71,Product Researchers,0,Product Researchers
CUST-105118,2025-03-05,United Kingdom,Mobile,Direct,2,7,77.7,0.771,4,0,1,27.99,106,0,0,0.205,0,0.5,0.0,3.5,21.78,One-time Visitors,3,Engaged Non-Buyers
CUST-105119,2025-05-28,Australia,Mobile,Email,15,94,472.5,0.295,44,3,1,59.58,9,5,1,0.51,1,0.0667,0.3333,6.27,74.37,Product Researchers,0,Product Researchers
CUST-105120,2025-03-15,Germany,Mobile,Direct,30,151,518.8,0.229,59,12,8,957.03,6,3,2,0.107,1,0.2667,0.6667,5.03,79.1,High Value Loyal,2,High Value Loyal Customers
CUST-105121,2025-03-14,United Kingdom,Desktop,Paid Search,18,115,318.6,0.367,55,0,0,0.0,74,3,2,0.298,0,0.0,0.0,6.39,68.64,Product Researchers,0,Product Researchers
CUST-105122,2025-03-10,United Kingdom,Desktop,Organic Search,2,17,111.0,0.531,9,0,0,0.0,112,0,0,0.358,0,0.0,0.0,8.5,45.05,One-time Visitors,1,Low Engagement / At-Risk Visitors
CUST-105123,2025-06-16,United States,Tablet,Paid Search,18,88,429.0,0.227,45,0,0,0.0,29,2,0,0.305,1,0.0,0.0,4.89,69.9,Product Researchers,0,Product Researchers
CUST-105124,2025-03-27,United Kingdom,Mobile,Organic Search,25,126,636.2,0.363,58,5,0,0.0,29,2,1,0.112,0,0.0,0.0,5.04,79.51,Engaged Non-Buyers,0,Product Researchers
CUST-105125,2025-02-15,United States,Tablet,Organic Search,13,108,441.5,0.451,70,2,0,0.0,33,2,1,0.347,0,0.0,0.0,8.31,80.8,Product Researchers,0,Product Researchers
CUST-105126,2025-03-14,Canada,Mobile,Direct,12,105,565.3,0.25,58,1,0,0.0,33,2,0,0.573,1,0.0,0.0,8.75,89.86,Product Researchers,0,Product Researchers
CUST-105127,2025-01-11,Netherlands,Mobile,Paid Search,21,119,370.7,0.359,55,2,1,75.98,16,2,1,0.511,0,0.0476,0.5,5.67,69.2,Product Researchers,4,Engaged Non-Buyers
CUST-105128,2025-05-28,United Kingdom,Mobile,Direct,19,92,690.5,0.213,44,1,0,0.0,5,1,0,0.291,1,0.0,0.0,4.84,78.34,Engaged Non-Buyers,0,Product Researchers
CUST-105129,2025-01-21,United Kingdom,Mobile,Paid Social,17,96,518.8,0.21,35,2,0,0.0,28,2,1,0.233,1,0.0,0.0,5.65,74.11,Engaged Non-Buyers,0,Product Researchers
CUST-105130,2025-01-24,India,Mobile,Paid Social,10,87,574.7,0.107,61,1,1,52.08,64,2,0,0.222,1,0.1,1.0,8.7,94.83,Product Researchers,0,Product Researchers
CUST-105131,2025-03-03,United States,Mobile,Referral,17,99,245.4,0.138,43,8,3,238.2,27,2,0,0.769,1,0.1765,0.375,5.82,65.24,Deal Seekers,4,Engaged Non-Buyers
CUST-105132,2025-01-20,United States,Mobile,Direct,13,90,413.7,0.406,52,2,0,0.0,23,3,0,0.651,0,0.0,0.0,6.92,73.17,Product Researchers,0,Product Researchers
CUST-105133,2025-04-05,United Kingdom,Tablet,Direct,1,9,102.2,0.862,7,0,0,0.0,84,0,0,0.438,0,0.0,0.0,9.0,35.72,One-time Visitors,1,Low Engagement / At-Risk Visitors
CUST-105134,2025-02-22,Canada,Desktop,Email,14,113,524.2,0.15,65,1,1,99.71,50,3,0,0.558,1,0.0714,1.0,8.07,92.45,Product Researchers,4,Engaged Non-Buyers
CUST-105135,2025-03-16,United States,Mobile,Organic Search,20,123,485.7,0.137,44,4,0,0.0,14,0,1,0.61,0,0.0,0.0,6.15,78.62,Engaged Non-Buyers,0,Product Researchers
CUST-105136,2025-02-17,Australia,Desktop,Paid Search,3,12,166.3,0.446,6,1,0,0.0,177,0,0,0.091,0,0.0,0.0,4.0,36.51,One-time Visitors,3,Engaged Non-Buyers
CUST-105137,2025-03-19,United States,Desktop,Email,23,140,561.2,0.019,70,11,5,396.52,13,3,1,0.122,1,0.2174,0.4545,6.09,91.61,High Value Loyal,2,High Value Loyal Customers
CUST-105138,2025-01-21,United States,Mobile,Organic Search,17,106,442.0,0.381,62,2,0,0.0,21,1,1,0.381,1,0.0,0.0,6.24,76.14,Product Researchers,0,Product Researchers
CUST-105139,2025-03-21,Germany,Mobile,Organic Search,21,90,603.7,0.519,45,1,0,0.0,9,0,1,0.107,1,0.0,0.0,4.29,69.25,Engaged Non-Buyers,0,Product Researchers
CUST-105140,2025-04-19,United States,Mobile,Paid Search,14,98,424.4,0.089,46,4,0,0.0,14,3,0,0.178,1,0.0,0.0,7.0,80.02,Engaged Non-Buyers,0,Product Researchers
CUST-105141,2025-06-11,India,Mobile,Direct,25,158,679.8,0.074,73,15,8,812.62,4,3,0,0.215,1,0.32,0.5333,6.32,92.91,High Value Loyal,2,High Value Loyal Customers
CUST-105142,2025-03-19,Netherlands,Mobile,Paid Social,27,172,464.4,0.113,68,13,10,1204.02,5,0,2,0.65,1,0.3704,0.7692,6.37,85.3,High Value Loyal,2,High Value Loyal Customers
CUST-105143,2025-03-30,Canada,Mobile,Organic Search,13,100,515.9,0.263,56,3,0,0.0,58,4,1,0.155,1,0.0,0.0,7.69,85.49,Product Researchers,0,Product Researchers
CUST-105144,2025-03-31,Netherlands,Mobile,Organic Search,15,76,351.0,0.578,40,0,0,0.0,12,3,3,0.144,1,0.0,0.0,5.07,56.24,Product Researchers,0,Product Researchers
CUST-105145,2025-05-27,United Kingdom,Desktop,Direct,15,92,458.9,0.261,50,5,2,74.7,6,0,4,0.596,1,0.1333,0.4,6.13,75.97,Deal Seekers,4,Engaged Non-Buyers
CUST-105146,2025-02-10,India,Mobile,Paid Search,14,98,399.5,0.538,47,0,1,46.11,51,2,0,0.674,1,0.0714,0.0,7.0,67.87,Engaged Non-Buyers,0,Product Researchers
CUST-105147,2025-01-05,Germany,Mobile,Email,23,100,470.3,0.239,40,7,1,59.69,42,6,0,0.922,1,0.0435,0.1429,4.35,68.43,Deal Seekers,4,Engaged Non-Buyers
CUST-105148,2025-02-09,United Kingdom,Desktop,Referral,4,23,56.8,0.763,7,1,0,0.0,109,0,0,0.172,0,0.0,0.0,5.75,28.89,One-time Visitors,3,Engaged Non-Buyers
CUST-105149,2025-02-02,United Kingdom,Desktop,Paid Search,5,24,63.3,0.775,8,0,0,0.0,75,0,0,0.016,0,0.0,0.0,4.8,26.24,One-time Visitors,3,Engaged Non-Buyers
CUST-105150,2025-04-07,France,Mobile,Paid Search,23,147,519.0,0.281,59,10,6,745.23,7,1,1,0.141,1,0.2609,0.6,6.39,82.06,High Value Loyal,2,High Value Loyal Customers
CUST-105151,2025-05-11,United Kingdom,Mobile,Direct,30,154,497.8,0.086,58,9,8,829.77,6,3,1,0.247,1,0.2667,0.8889,5.13,81.62,High Value Loyal,2,High Value Loyal Customers
CUST-105152,2025-06-29,United Kingdom,Tablet,Paid Search,2,15,77.2,0.677,8,0,0,0.0,118,0,0,0.302,0,0.0,0.0,7.5,37.83,One-time Visitors,1,Low Engagement / At-Risk Visitors
CUST-105153,2025-06-27,India,Desktop,Direct,20,124,461.6,0.072,61,14,11,1525.38,2,0,1,0.461,1,0.55,0.7857,6.2,84.43,High Value Loyal,2,High Value Loyal Customers
CUST-105154,2025-01-07,United Kingdom,Mobile,Direct,18,104,353.7,0.267,42,3,2,155.48,17,1,0,0.669,1,0.1111,0.6667,5.78,66.99,Deal Seekers,4,Engaged Non-Buyers
CUST-105155,2025-06-14,United States,Desktop,Direct,16,77,449.1,0.311,35,8,0,0.0,14,2,1,0.148,0,0.0,0.0,4.81,65.5,Engaged Non-Buyers,0,Product Researchers
CUST-105156,2025-01-09,United Kingdom,Mobile,Organic Search,21,127,366.6,0.104,61,2,0,0.0,64,2,2,0.55,1,0.0,0.0,6.05,78.39,Product Researchers,0,Product Researchers
CUST-105157,2025-04-14,France,Tablet,Paid Social,12,82,429.3,0.313,50,2,1,46.57,40,1,1,0.266,1,0.0833,0.5,6.83,75.38,Product Researchers,0,Product Researchers
CUST-105158,2025-04-26,United Kingdom,Mobile,Email,16,96,446.3,0.304,43,4,0,0.0,40,3,0,0.075,1,0.0,0.0,6.0,71.69,Engaged Non-Buyers,0,Product Researchers
CUST-105159,2025-05-22,United Kingdom,Desktop,Email,12,97,287.7,0.521,54,4,0,0.0,67,3,1,0.655,0,0.0,0.0,8.08,67.98,Product Researchers,0,Product Researchers
CUST-105160,2025-05-28,Australia,Mobile,Organic Search,20,106,347.8,0.54,40,12,3,210.36,11,0,0,0.605,1,0.15,0.25,5.3,57.75,Deal Seekers,4,Engaged Non-Buyers
CUST-105161,2025-02-12,Canada,Desktop,Organic Search,18,109,492.0,0.3,49,1,0,0.0,33,3,1,0.269,1,0.0,0.0,6.06,76.11,Product Researchers,0,Product Researchers
CUST-105162,2025-06-14,United Kingdom,Mobile,Organic Search,11,77,429.6,0.171,43,0,0,0.0,71,3,1,0.297,1,0.0,0.0,7.0,77.3,Product Researchers,0,Product Researchers
CUST-105163,2025-06-21,United States,Mobile,Organic Search,1,8,100.8,0.737,6,0,0,0.0,149,0,0,0.515,0,0.0,0.0,8.0,38.46,One-time Visitors,1,Low Engagement / At-Risk Visitors
CUST-105164,2025-06-24,United Kingdom,Desktop,Referral,26,134,500.4,0.574,40,1,1,90.58,14,5,0,0.158,1,0.0385,1.0,5.15,64.09,Engaged Non-Buyers,4,Engaged Non-Buyers
CUST-105165,2025-02-20,United States,Mobile,Paid Search,17,103,465.2,0.376,45,2,1,58.36,41,1,0,0.707,1,0.0588,0.5,6.06,71.63,Deal Seekers,4,Engaged Non-Buyers
CUST-105166,2025-04-23,United Kingdom,Tablet,Organic Search,16,97,357.4,0.199,45,3,0,0.0,51,2,0,0.404,1,0.0,0.0,6.06,70.69,Product Researchers,0,Product Researchers
CUST-105167,2025-04-22,United Kingdom,Desktop,Display,17,88,660.2,0.141,35,4,1,60.77,5,1,1,0.44,1,0.0588,0.25,5.18,78.43,Engaged Non-Buyers,0,Product Researchers
CUST-105168,2025-06-02,United States,Mobile,Direct,16,83,296.6,0.146,42,3,2,135.91,41,1,0,0.807,1,0.125,0.6667,5.19,65.32,Deal Seekers,4,Engaged Non-Buyers
CUST-105169,2025-04-03,United Kingdom,Mobile,Direct,19,93,376.1,0.483,46,7,3,113.86,36,0,1,0.888,1,0.1579,0.4286,4.89,61.19,Deal Seekers,4,Engaged Non-Buyers
CUST-105170,2025-06-08,Canada,Desktop,Organic Search,10,96,373.7,0.167,62,1,1,98.81,12,4,1,0.474,1,0.1,1.0,9.6,83.58,Product Researchers,4,Engaged Non-Buyers
CUST-105171,2025-04-20,United States,Desktop,Direct,19,106,500.6,0.145,48,4,0,0.0,25,1,1,0.124,0,0.0,0.0,5.58,78.62,Engaged Non-Buyers,0,Product Researchers
CUST-105172,2025-02-25,France,Mobile,Direct,20,108,221.4,0.294,46,4,2,123.0,22,1,1,0.789,0,0.1,0.5,5.4,59.76,Deal Seekers,4,Engaged Non-Buyers
CUST-105173,2025-03-30,United States,Desktop,Paid Social,15,84,358.2,0.178,41,2,0,0.0,41,3,2,0.228,1,0.0,0.0,5.6,68.59,Product Researchers,0,Product Researchers
CUST-105174,2025-01-11,United States,Mobile,Direct,14,75,457.1,0.262,44,6,0,0.0,30,3,1,0.736,1,0.0,0.0,5.36,71.58,Deal Seekers,0,Product Researchers
CUST-105175,2025-03-29,United Kingdom,Mobile,Paid Search,37,181,535.9,0.266,73,18,6,605.59,12,4,0,0.101,1,0.1622,0.3333,4.89,80.42,High Value Loyal,2,High Value Loyal Customers
CUST-105176,2025-03-14,United Kingdom,Mobile,Paid Search,21,103,400.5,0.224,35,7,2,130.99,16,2,1,0.814,1,0.0952,0.2857,4.9,65.52,Deal Seekers,4,Engaged Non-Buyers
CUST-105177,2025-03-24,United Kingdom,Mobile,Direct,17,116,474.3,0.329,68,2,1,38.6,14,1,0,0.382,0,0.0588,0.5,6.82,81.82,Product Researchers,0,Product Researchers
CUST-105178,2025-01-16,Germany,Mobile,Display,3,23,110.4,0.559,12,0,0,0.0,153,0,0,0.346,1,0.0,0.0,7.67,44.2,One-time Visitors,1,Low Engagement / At-Risk Visitors
CUST-105179,2025-04-06,India,Mobile,Paid Social,12,89,494.6,0.17,57,3,0,0.0,21,1,0,0.483,1,0.0,0.0,7.42,86.19,Product Researchers,0,Product Researchers
CUST-105180,2025-06-24,United Kingdom,Mobile,Direct,2,13,114.1,0.689,7,1,0,0.0,157,0,0,0.029,0,0.0,0.0,6.5,35.95,One-time Visitors,3,Engaged Non-Buyers
CUST-105181,2025-03-18,India,Mobile,Paid Search,27,137,311.7,0.163,43,3,0,0.0,21,2,0,0.191,0,0.0,0.0,5.07,65.59,Engaged Non-Buyers,0,Product Researchers
CUST-105182,2025-05-10,India,Desktop,Organic Search,31,159,499.4,0.193,61,16,5,534.26,8,1,0,0.39,1,0.1613,0.3125,5.13,79.94,High Value Loyal,2,High Value Loyal Customers
CUST-105183,2025-01-25,United Kingdom,Mobile,Organic Search,2,9,125.0,0.808,4,0,0,0.0,107,1,0,0.266,0,0.0,0.0,4.5,26.35,One-time Visitors,3,Engaged Non-Buyers
CUST-105184,2025-04-10,France,Desktop,Direct,15,85,265.7,0.384,48,8,2,126.94,38,1,2,0.768,1,0.1333,0.25,5.67,61.17,Deal Seekers,4,Engaged Non-Buyers
CUST-105185,2025-05-30,United States,Mobile,Organic Search,16,94,413.0,0.29,45,1,0,0.0,61,1,0,0.425,0,0.0,0.0,5.88,70.6,Product Researchers,0,Product Researchers
CUST-105186,2025-01-24,United Kingdom,Mobile,Display,23,129,453.8,0.243,59,14,6,625.13,5,4,2,0.107,1,0.2609,0.4286,5.61,77.31,High Value Loyal,2,High Value Loyal Customers
CUST-105187,2025-03-10,United Kingdom,Desktop,Paid Search,4,18,31.1,0.766,7,0,0,0.0,86,0,0,0.023,0,0.0,0.0,4.5,23.61,One-time Visitors,3,Engaged Non-Buyers
CUST-105188,2025-03-09,France,Mobile,Email,13,92,499.3,0.335,46,6,1,88.12,56,4,1,0.09,1,0.0769,0.1667,7.08,77.86,Engaged Non-Buyers,0,Product Researchers
CUST-105189,2025-02-01,United States,Desktop,Paid Search,16,83,389.2,0.365,35,3,0,0.0,32,3,0,0.872,1,0.0,0.0,5.19,62.32,Deal Seekers,4,Engaged Non-Buyers
CUST-105190,2025-02-11,United States,Desktop,Paid Search,2,12,42.8,0.417,6,0,0,0.0,87,0,0,0.129,0,0.0,0.0,6.0,37.32,One-time Visitors,3,Engaged Non-Buyers
CUST-105191,2025-05-10,United States,Tablet,Direct,3,21,126.0,0.811,9,0,0,0.0,132,0,0,0.132,0,0.0,0.0,7.0,35.67,One-time Visitors,1,Low Engagement / At-Risk Visitors
CUST-105192,2025-05-16,France,Desktop,Paid Social,12,94,242.9,0.309,52,3,1,47.83,39,2,0,0.161,1,0.0833,0.3333,7.83,69.9,Product Researchers,0,Product Researchers
CUST-105193,2025-02-19,United Kingdom,Mobile,Paid Social,20,106,416.0,0.146,41,17,1,67.61,18,1,0,0.548,1,0.05,0.0588,5.3,71.34,Deal Seekers,4,Engaged Non-Buyers
CUST-105194,2025-03-28,United Kingdom,Mobile,Direct,24,138,518.5,0.249,74,15,5,460.22,6,0,2,0.349,1,0.2083,0.3333,5.75,82.66,High Value Loyal,2,High Value Loyal Customers
CUST-105195,2025-04-16,United Kingdom,Desktop,Organic Search,12,77,456.4,0.076,45,3,0,0.0,21,1,1,0.14,0,0.0,0.0,6.42,79.82,Engaged Non-Buyers,0,Product Researchers
CUST-105196,2025-03-05,United States,Mobile,Paid Social,18,80,417.1,0.179,38,3,0,0.0,35,1,0,0.771,1,0.0,0.0,4.44,66.97,Deal Seekers,0,Product Researchers
CUST-105197,2025-02-04,United Kingdom,Mobile,Referral,1,10,180.5,0.779,5,0,0,0.0,48,0,0,0.164,0,0.0,0.0,10.0,41.08,One-time Visitors,1,Low Engagement / At-Risk Visitors
CUST-105198,2025-04-20,Australia,Desktop,Paid Search,18,114,445.3,0.136,57,0,0,0.0,9,2,1,0.641,1,0.0,0.0,6.33,81.19,Product Researchers,0,Product Researchers
CUST-105199,2025-03-16,Canada,Mobile,Organic Search,16,79,503.9,0.475,33,2,0,0.0,26,1,0,0.296,1,0.0,0.0,4.94,63.9,Engaged Non-Buyers,0,Product Researchers
CUST-105200,2025-02-22,Germany,Desktop,Paid Search,15,81,428.4,0.35,41,4,1,45.62,30,0,4,0.805,1,0.0667,0.25,5.4,67.16,Deal Seekers,4,Engaged Non-Buyers
CUST-105201,2025-03-04,United Kingdom,Mobile,Direct,18,101,542.0,0.064,41,4,0,0.0,43,3,0,0.265,1,0.0,0.0,5.61,80.66,Engaged Non-Buyers,0,Product Researchers
CUST-105202,2025-05-14,United States,Mobile,Organic Search,21,96,438.1,0.176,41,4,0,0.0,40,2,2,0.081,1,0.0,0.0,4.57,69.4,Engaged Non-Buyers,0,Product Researchers
CUST-105203,2025-01-09,United States,Mobile,Organic Search,20,118,337.2,0.201,57,2,1,75.0,42,1,2,0.038,1,0.05,0.5,5.9,72.82,Engaged Non-Buyers,0,Product Researchers
CUST-105204,2025-04-28,United Kingdom,Desktop,Paid Search,16,99,387.1,0.34,46,5,5,323.97,43,2,1,0.331,0,0.3125,1.0,6.19,69.36,Deal Seekers,4,Engaged Non-Buyers
CUST-105205,2025-03-01,United Kingdom,Tablet,Email,26,144,570.6,0.199,49,9,0,0.0,40,1,0,0.524,0,0.0,0.0,5.54,80.94,Deal Seekers,0,Product Researchers
CUST-105206,2025-01-21,Canada,Mobile,Organic Search,14,94,509.3,0.108,56,2,0,0.0,22,1,1,0.295,1,0.0,0.0,6.71,85.97,Product Researchers,0,Product Researchers
CUST-105207,2025-04-23,Australia,Mobile,Email,4,17,89.5,0.782,3,0,0,0.0,156,0,0,0.192,0,0.0,0.0,4.25,24.14,One-time Visitors,3,Engaged Non-Buyers
CUST-105208,2025-03-14,France,Mobile,Organic Search,1,11,125.1,0.822,7,0,0,0.0,66,0,0,0.189,1,0.0,0.0,11.0,37.87,One-time Visitors,1,Low Engagement / At-Risk Visitors
CUST-105209,2025-02-14,United Kingdom,Mobile,Organic Search,14,68,399.0,0.334,32,6,2,90.0,43,1,1,0.56,1,0.1429,0.3333,4.86,61.63,Deal Seekers,4,Engaged Non-Buyers
CUST-105210,2025-05-09,United States,Mobile,Organic Search,17,99,457.8,0.403,49,1,0,0.0,45,2,3,0.331,1,0.0,0.0,5.82,71.09,Product Researchers,0,Product Researchers
CUST-105211,2025-06-16,India,Desktop,Referral,17,96,226.3,0.513,44,4,0,0.0,11,3,0,0.731,1,0.0,0.0,5.65,54.68,Deal Seekers,4,Engaged Non-Buyers
CUST-105212,2025-02-01,United Kingdom,Mobile,Referral,2,10,142.3,0.924,7,1,0,0.0,159,0,0,0.457,1,0.0,0.0,5.0,26.79,One-time Visitors,3,Engaged Non-Buyers
CUST-105213,2025-04-08,France,Mobile,Organic Search,14,79,379.8,0.26,38,3,0,0.0,6,3,0,0.484,1,0.0,0.0,5.64,66.81,Engaged Non-Buyers,0,Product Researchers
CUST-105214,2025-01-09,United Kingdom,Desktop,Paid Social,13,79,412.9,0.268,44,6,2,117.62,37,4,0,0.703,1,0.1538,0.3333,6.08,71.48,Deal Seekers,4,Engaged Non-Buyers
CUST-105215,2025-05-19,Australia,Mobile,Organic Search,18,92,406.4,0.41,36,5,1,44.96,14,2,0,0.132,1,0.0556,0.2,5.11,62.13,Engaged Non-Buyers,0,Product Researchers
CUST-105216,2025-05-31,France,Desktop,Paid Social,17,96,395.0,0.177,55,2,1,78.04,51,4,1,0.283,1,0.0588,0.5,5.65,74.9,Product Researchers,0,Product Researchers
CUST-105217,2025-06-09,United Kingdom,Desktop,Direct,13,99,453.6,0.22,48,5,0,0.0,63,3,3,0.448,1,0.0,0.0,7.62,80.75,Product Researchers,0,Product Researchers
CUST-105218,2025-03-15,United States,Desktop,Organic Search,36,162,538.7,0.131,68,11,7,624.29,3,2,0,0.018,1,0.1944,0.6364,4.5,82.73,High Value Loyal,2,High Value Loyal Customers
CUST-105219,2025-05-19,India,Mobile,Email,20,117,401.0,0.382,54,3,2,130.73,37,1,1,0.736,0,0.1,0.6667,5.85,70.41,Deal Seekers,4,Engaged Non-Buyers
CUST-105220,2025-02-06,United States,Desktop,Organic Search,18,95,269.1,0.139,42,1,0,0.0,36,0,1,0.297,1,0.0,0.0,5.28,64.38,Engaged Non-Buyers,0,Product Researchers
CUST-105221,2025-02-22,Germany,Mobile,Paid Social,1,9,82.7,0.737,7,0,0,0.0,131,0,0,0.551,0,0.0,0.0,9.0,37.87,One-time Visitors,1,Low Engagement / At-Risk Visitors
CUST-105222,2025-03-31,Germany,Mobile,Display,16,85,546.3,0.289,40,2,0,0.0,44,6,1,0.257,1,0.0,0.0,5.31,74.0,Engaged Non-Buyers,0,Product Researchers
CUST-105223,2025-06-10,United Kingdom,Desktop,Direct,27,145,548.0,0.137,63,7,5,597.16,5,0,1,0.294,1,0.1852,0.7143,5.37,85.15,High Value Loyal,2,High Value Loyal Customers
CUST-105224,2025-01-07,France,Mobile,Email,1,5,150.8,0.766,2,1,0,0.0,123,0,0,0.091,0,0.0,0.0,5.0,29.63,One-time Visitors,3,Engaged Non-Buyers
CUST-105225,2025-02-18,United Kingdom,Mobile,Paid Search,12,104,449.8,0.448,66,4,0,0.0,36,2,0,0.428,0,0.0,0.0,8.67,81.28,Product Researchers,0,Product Researchers
CUST-105226,2025-06-22,United Kingdom,Mobile,Email,12,70,515.2,0.124,45,6,0,0.0,59,1,0,0.17,1,0.0,0.0,5.83,79.74,Engaged Non-Buyers,0,Product Researchers
CUST-105227,2025-05-04,India,Desktop,Paid Search,4,22,102.1,0.535,7,0,0,0.0,122,0,0,0.206,1,0.0,0.0,5.5,36.06,One-time Visitors,3,Engaged Non-Buyers
CUST-105228,2025-04-03,United Kingdom,Mobile,Paid Social,17,120,476.5,0.222,66,3,0,0.0,60,4,1,0.268,1,0.0,0.0,7.06,85.33,Product Researchers,0,Product Researchers
CUST-105229,2025-06-11,India,Mobile,Display,5,25,72.4,0.623,3,0,0,0.0,133,0,0,0.169,1,0.0,0.0,5.0,29.59,One-time Visitors,3,Engaged Non-Buyers
CUST-105230,2025-04-25,Canada,Tablet,Paid Search,19,109,571.5,0.393,40,3,0,0.0,38,1,2,0.207,1,0.0,0.0,5.74,73.99,Engaged Non-Buyers,0,Product Researchers
CUST-105231,2025-06-11,United States,Desktop,Display,25,149,525.2,0.139,75,17,4,432.46,4,3,0,0.255,1,0.16,0.2353,5.96,86.42,High Value Loyal,2,High Value Loyal Customers
CUST-105232,2025-04-19,Australia,Mobile,Referral,19,92,302.5,0.125,42,7,1,71.95,3,2,0,0.709,0,0.0526,0.1429,4.84,65.05,Deal Seekers,4,Engaged Non-Buyers
CUST-105233,2025-05-18,Australia,Tablet,Email,7,82,462.5,0.22,58,1,0,0.0,38,1,0,0.451,0,0.0,0.0,11.71,85.47,Product Researchers,0,Product Researchers
CUST-105234,2025-02-17,United Kingdom,Desktop,Referral,24,115,395.7,0.127,38,1,2,106.02,7,3,0,0.785,1,0.0833,1.0,4.79,68.28,Deal Seekers,4,Engaged Non-Buyers
CUST-105235,2025-06-09,Netherlands,Mobile,Organic Search,10,95,525.1,0.389,65,0,0,0.0,30,2,3,0.557,1,0.0,0.0,9.5,86.54,Product Researchers,0,Product Researchers
CUST-105236,2025-06-25,United States,Mobile,Direct,3,13,101.2,0.782,6,1,0,0.0,54,1,0,0.142,0,0.0,0.0,4.33,25.89,One-time Visitors,3,Engaged Non-Buyers
CUST-105237,2025-04-10,United Kingdom,Desktop,Display,3,11,69.8,0.725,7,1,0,0.0,88,0,0,0.759,0,0.0,0.0,3.67,23.98,One-time Visitors,3,Engaged Non-Buyers
CUST-105238,2025-06-13,United States,Desktop,Paid Search,33,156,471.9,0.066,55,17,9,1117.76,9,0,0,0.135,1,0.2727,0.5294,4.73,78.64,High Value Loyal,2,High Value Loyal Customers
CUST-105239,2025-05-14,United Kingdom,Tablet,Direct,21,121,327.9,0.219,51,3,0,0.0,64,2,1,0.422,1,0.0,0.0,5.76,69.61,Engaged Non-Buyers,0,Product Researchers
CUST-105240,2025-03-04,India,Mobile,Email,20,109,350.1,0.199,49,9,2,117.67,15,0,0,0.703,1,0.1,0.2222,5.45,69.64,Deal Seekers,4,Engaged Non-Buyers
CUST-105241,2025-05-10,United States,Desktop,Organic Search,29,158,404.2,0.233,69,11,4,335.67,8,1,0,0.436,1,0.1379,0.3636,5.45,76.41,High Value Loyal,2,High Value Loyal Customers
CUST-105242,2025-04-30,India,Mobile,Display,2,12,97.9,0.568,6,0,0,0.0,62,0,0,0.123,0,0.0,0.0,6.0,36.3,One-time Visitors,3,Engaged Non-Buyers
CUST-105243,2025-03-16,United States,Desktop,Direct,14,71,317.9,0.337,39,3,3,239.43,30,4,1,0.766,1,0.2143,1.0,5.07,60.32,Deal Seekers,4,Engaged Non-Buyers
CUST-105244,2025-02-13,United Kingdom,Tablet,Organic Search,18,83,262.6,0.161,44,3,1,42.27,21,1,1,0.584,1,0.0556,0.3333,4.61,62.04,Deal Seekers,4,Engaged Non-Buyers
CUST-105245,2025-04-06,United States,Mobile,Paid Search,16,97,285.4,0.259,52,5,1,58.56,9,1,0,0.659,0,0.0625,0.2,6.06,67.73,Deal Seekers,4,Engaged Non-Buyers
CUST-105246,2025-04-21,Germany,Mobile,Paid Social,15,89,551.3,0.382,47,6,1,47.7,24,1,3,0.939,1,0.0667,0.1667,5.93,76.01,Deal Seekers,4,Engaged Non-Buyers
CUST-105247,2025-04-01,United States,Mobile,Organic Search,4,11,151.0,0.913,3,0,0,0.0,78,0,0,0.125,0,0.0,0.0,2.75,19.24,One-time Visitors,3,Engaged Non-Buyers
CUST-105248,2025-05-24,United States,Mobile,Organic Search,20,97,431.9,0.576,40,4,2,126.58,19,0,0,0.973,0,0.1,0.5,4.85,59.65,Deal Seekers,4,Engaged Non-Buyers
CUST-105249,2025-04-10,France,Mobile,Paid Social,17,107,342.2,0.092,44,2,0,0.0,25,3,1,0.225,1,0.0,0.0,6.29,73.02,Engaged Non-Buyers,0,Product Researchers
CUST-105250,2025-04-14,United States,Desktop,Organic Search,14,95,489.8,0.06,46,3,0,0.0,14,4,2,0.422,1,0.0,0.0,6.79,83.34,Product Researchers,0,Product Researchers
CUST-105251,2025-03-27,India,Desktop,Organic Search,2,10,60.4,0.697,5,0,0,0.0,120,0,1,0.369,0,0.0,0.0,5.0,27.75,One-time Visitors,3,Engaged Non-Buyers
CUST-105252,2025-06-23,Germany,Mobile,Direct,15,90,545.7,0.237,48,1,0,0.0,59,3,1,0.324,1,0.0,0.0,6.0,79.88,Engaged Non-Buyers,0,Product Researchers
CUST-105253,2025-06-08,United Kingdom,Mobile,Paid Search,16,76,450.8,0.35,33,6,0,0.0,20,1,0,0.337,1,0.0,0.0,4.75,63.79,Engaged Non-Buyers,0,Product Researchers
CUST-105254,2025-01-17,United Kingdom,Desktop,Paid Search,1,9,93.1,0.882,6,0,0,0.0,104,0,0,0.329,0,0.0,0.0,9.0,34.44,One-time Visitors,1,Low Engagement / At-Risk Visitors
CUST-105255,2025-03-22,United Kingdom,Mobile,Organic Search,3,9,45.8,0.913,3,0,0,0.0,64,0,0,0.12,0,0.0,0.0,3.0,14.76,One-time Visitors,3,Engaged Non-Buyers
CUST-105256,2025-05-03,Canada,Mobile,Direct,19,83,432.1,0.17,32,6,2,148.91,43,1,0,0.712,1,0.1053,0.3333,4.37,65.85,Deal Seekers,4,Engaged Non-Buyers
CUST-105257,2025-03-27,France,Desktop,Paid Search,18,96,283.2,0.196,46,5,2,124.58,35,2,1,0.763,0,0.1111,0.4,5.33,65.07,Deal Seekers,4,Engaged Non-Buyers
CUST-105258,2025-01-05,United States,Mobile,Email,12,103,404.4,0.391,63,2,0,0.0,19,0,0,0.437,1,0.0,0.0,8.58,79.83,Product Researchers,0,Product Researchers
CUST-105259,2025-01-10,United States,Desktop,Email,20,109,293.9,0.126,45,8,2,141.68,3,0,0,0.758,1,0.1,0.25,5.45,67.41,Deal Seekers,4,Engaged Non-Buyers
CUST-105260,2025-06-28,United Kingdom,Desktop,Paid Social,13,89,444.6,0.254,55,1,1,74.13,30,2,1,0.563,1,0.0769,1.0,6.85,79.19,Product Researchers,4,Engaged Non-Buyers
CUST-105261,2025-04-17,United States,Mobile,Organic Search,17,99,326.4,0.289,55,3,1,62.43,23,2,0,0.192,0,0.0588,0.3333,5.82,69.23,Product Researchers,0,Product Researchers
CUST-105262,2025-02-27,United Kingdom,Desktop,Email,19,109,401.8,0.352,52,1,1,62.51,70,1,0,0.354,1,0.0526,1.0,5.74,70.21,Product Researchers,4,Engaged Non-Buyers
CUST-105263,2025-04-08,United Kingdom,Tablet,Display,11,85,336.6,0.318,49,1,0,0.0,41,2,1,0.319,1,0.0,0.0,7.73,73.09,Product Researchers,0,Product Researchers
CUST-105264,2025-05-27,India,Mobile,Paid Social,14,82,286.0,0.189,45,7,1,58.97,8,0,0,0.611,1,0.0714,0.1429,5.86,66.73,Deal Seekers,4,Engaged Non-Buyers
CUST-105265,2025-05-30,United Kingdom,Mobile,Paid Search,3,15,116.0,0.547,6,0,0,0.0,151,0,0,0.23,0,0.0,0.0,5.0,34.61,One-time Visitors,3,Engaged Non-Buyers
CUST-105266,2025-04-22,India,Mobile,Organic Search,18,88,430.0,0.237,46,6,1,78.78,3,4,2,0.631,0,0.0556,0.1667,4.89,70.02,Deal Seekers,4,Engaged Non-Buyers
CUST-105267,2025-05-28,Netherlands,Mobile,Direct,16,93,371.5,0.268,45,7,1,88.21,3,1,2,0.457,1,0.0625,0.1429,5.81,68.88,Deal Seekers,0,Product Researchers
CUST-105268,2025-05-22,United States,Desktop,Organic Search,14,80,332.3,0.24,37,5,0,0.0,23,2,2,0.906,1,0.0,0.0,5.71,64.86,Deal Seekers,4,Engaged Non-Buyers
CUST-105269,2025-06-20,India,Mobile,Organic Search,13,116,502.4,0.293,60,2,0,0.0,8,1,1,0.652,1,0.0,0.0,8.92,86.27,Product Researchers,0,Product Researchers
CUST-105270,2025-03-20,United Kingdom,Mobile,Direct,20,115,487.9,0.075,63,13,8,885.67,8,2,1,0.115,1,0.4,0.6154,5.75,84.88,High Value Loyal,2,High Value Loyal Customers
CUST-105271,2025-04-25,United Kingdom,Mobile,Direct,1,8,135.1,0.483,5,0,0,0.0,77,0,0,0.264,0,0.0,0.0,8.0,46.22,One-time Visitors,1,Low Engagement / At-Risk Visitors
CUST-105272,2025-06-05,India,Mobile,Organic Search,14,78,381.8,0.231,38,7,2,93.68,18,3,0,0.91,0,0.1429,0.2857,5.57,67.41,Deal Seekers,4,Engaged Non-Buyers
CUST-105273,2025-06-21,United Kingdom,Tablet,Paid Search,23,114,497.8,0.323,46,11,2,145.23,41,2,2,0.739,1,0.087,0.1818,4.96,71.47,Deal Seekers,4,Engaged Non-Buyers
CUST-105274,2025-06-09,Germany,Mobile,Paid Search,1,9,107.6,0.479,3,0,0,0.0,77,0,0,0.479,0,0.0,0.0,9.0,44.34,One-time Visitors,1,Low Engagement / At-Risk Visitors
CUST-105275,2025-05-20,Netherlands,Mobile,Paid Social,2,8,73.8,0.832,4,0,0,0.0,112,0,0,0.316,0,0.0,0.0,4.0,21.62,One-time Visitors,3,Engaged Non-Buyers
CUST-105276,2025-01-15,Canada,Mobile,Referral,33,156,250.6,0.255,47,12,7,768.51,4,3,0,0.307,1,0.2121,0.5833,4.73,60.38,High Value Loyal,2,High Value Loyal Customers
CUST-105277,2025-03-14,United Kingdom,Tablet,Organic Search,5,19,91.8,0.803,2,0,0,0.0,149,1,0,0.155,0,0.0,0.0,3.8,22.0,One-time Visitors,3,Engaged Non-Buyers
CUST-105278,2025-01-27,United States,Mobile,Paid Search,18,132,611.2,0.246,70,8,5,401.12,6,2,1,0.34,1,0.2778,0.625,7.33,91.77,High Value Loyal,2,High Value Loyal Customers
CUST-105279,2025-04-01,United Kingdom,Mobile,Paid Social,22,105,561.6,0.207,35,2,0,0.0,36,2,1,0.241,1,0.0,0.0,4.77,73.6,Engaged Non-Buyers,0,Product Researchers
CUST-105280,2025-04-02,Canada,Mobile,Paid Search,24,119,383.4,0.209,42,4,1,76.74,40,2,0,0.685,1,0.0417,0.25,4.96,67.37,Deal Seekers,4,Engaged Non-Buyers
CUST-105281,2025-06-01,India,Desktop,Paid Search,12,70,438.9,0.203,48,1,0,0.0,67,2,1,0.514,1,0.0,0.0,5.83,74.87,Product Researchers,0,Product Researchers
CUST-105282,2025-02-08,United Kingdom,Mobile,Paid Social,15,102,377.2,0.098,58,3,0,0.0,39,3,1,0.284,1,0.0,0.0,6.8,80.51,Product Researchers,0,Product Researchers
CUST-105283,2025-03-26,France,Tablet,Paid Search,15,96,262.6,0.353,52,5,5,319.43,39,2,1,0.658,1,0.3333,1.0,6.4,65.31,Deal Seekers,4,Engaged Non-Buyers
CUST-105284,2025-06-07,United Kingdom,Desktop,Paid Search,12,73,543.1,0.273,36,3,0,0.0,24,0,0,0.25,1,0.0,0.0,6.08,75.42,Engaged Non-Buyers,0,Product Researchers
CUST-105285,2025-06-06,Canada,Desktop,Direct,18,101,616.5,0.247,33,2,0,0.0,43,0,0,0.336,1,0.0,0.0,5.61,76.51,Engaged Non-Buyers,0,Product Researchers
CUST-105286,2025-03-08,Canada,Mobile,Organic Search,21,104,357.0,0.439,47,5,1,53.83,17,3,0,0.315,1,0.0476,0.2,4.95,61.82,Deal Seekers,0,Product Researchers
CUST-105287,2025-02-15,United States,Mobile,Paid Social,35,170,355.9,0.269,68,16,4,438.61,4,3,0,0.397,1,0.1143,0.25,4.86,71.24,High Value Loyal,2,High Value Loyal Customers
CUST-105288,2025-01-05,India,Desktop,Paid Search,15,80,235.0,0.393,37,7,4,300.98,34,0,1,0.882,1,0.2667,0.5714,5.33,54.97,Deal Seekers,4,Engaged Non-Buyers
CUST-105289,2025-06-05,United Kingdom,Mobile,Direct,17,96,506.0,0.211,47,1,0,0.0,32,0,1,0.23,0,0.0,0.0,5.65,77.14,Product Researchers,0,Product Researchers
CUST-105290,2025-04-09,United Kingdom,Mobile,Email,26,153,335.9,0.189,60,9,9,1100.34,5,1,1,0.722,1,0.3462,1.0,5.88,73.92,High Value Loyal,2,High Value Loyal Customers
CUST-105291,2025-05-30,United States,Mobile,Paid Search,12,75,411.8,0.338,50,3,0,0.0,61,2,1,0.408,1,0.0,0.0,6.25,72.05,Product Researchers,0,Product Researchers
CUST-105292,2025-01-19,India,Mobile,Organic Search,18,92,502.1,0.356,52,2,0,0.0,26,1,0,0.626,0,0.0,0.0,5.11,73.18,Product Researchers,0,Product Researchers
CUST-105293,2025-02-14,United States,Mobile,Paid Social,17,91,287.8,0.388,33,3,2,109.29,26,4,0,0.883,0,0.1176,0.6667,5.35,56.58,Deal Seekers,4,Engaged Non-Buyers
CUST-105294,2025-04-15,United States,Mobile,Direct,18,101,313.7,0.126,34,3,1,19.66,12,2,1,0.971,1,0.0556,0.3333,5.61,65.53,Deal Seekers,4,Engaged Non-Buyers
CUST-105295,2025-01-17,United Kingdom,Mobile,Direct,16,89,254.1,0.309,44,3,0,0.0,70,4,1,0.456,1,0.0,0.0,5.56,60.91,Product Researchers,0,Product Researchers
CUST-105296,2025-05-02,United Kingdom,Mobile,Organic Search,20,118,435.4,0.206,60,1,1,59.2,57,0,0,0.377,0,0.05,1.0,5.9,78.51,Product Researchers,4,Engaged Non-Buyers
CUST-105297,2025-01-05,United States,Mobile,Paid Search,15,91,345.1,0.137,51,3,0,0.0,25,2,3,0.599,1,0.0,0.0,6.07,73.48,Product Researchers,0,Product Researchers
CUST-105298,2025-02-27,Canada,Desktop,Paid Social,27,151,527.0,0.21,65,10,7,621.36,8,1,0,0.217,1,0.2593,0.7,5.59,83.57,High Value Loyal,2,High Value Loyal Customers
CUST-105299,2025-03-09,United Kingdom,Mobile,Paid Search,13,96,362.3,0.334,57,1,0,0.0,39,3,0,0.512,1,0.0,0.0,7.38,75.38,Product Researchers,0,Product Researchers
CUST-105300,2025-02-10,United Kingdom,Mobile,Organic Search,2,16,100.9,0.637,7,0,0,0.0,54,0,0,0.161,0,0.0,0.0,8.0,41.27,One-time Visitors,1,Low Engagement / At-Risk Visitors
CUST-105301,2025-02-07,India,Tablet,Paid Search,18,96,501.2,0.342,42,7,0,0.0,49,3,4,0.437,1,0.0,0.0,5.33,71.1,Engaged Non-Buyers,0,Product Researchers
CUST-105302,2025-01-17,Germany,Mobile,Organic Search,12,105,421.6,0.3,58,3,0,0.0,49,3,1,0.352,1,0.0,0.0,8.75,81.43,Product Researchers,0,Product Researchers
CUST-105303,2025-01-15,United Kingdom,Mobile,Paid Social,20,96,466.0,0.265,38,1,0,0.0,53,1,2,0.099,0,0.0,0.0,4.8,68.37,Engaged Non-Buyers,0,Product Researchers
CUST-105304,2025-01-08,India,Desktop,Paid Search,21,140,559.7,0.087,58,1,0,0.0,56,1,0,0.629,1,0.0,0.0,6.67,89.48,Product Researchers,0,Product Researchers
CUST-105305,2025-05-28,Germany,Desktop,Organic Search,17,104,570.6,0.079,46,2,0,0.0,32,3,0,0.205,1,0.0,0.0,6.12,84.82,Engaged Non-Buyers,0,Product Researchers
CUST-105306,2025-01-04,United Kingdom,Mobile,Direct,4,12,20.0,0.78,8,0,0,0.0,146,0,0,0.499,0,0.0,0.0,3.0,18.34,One-time Visitors,3,Engaged Non-Buyers
CUST-105307,2025-04-03,India,Desktop,Paid Social,16,113,465.8,0.377,54,0,0,0.0,44,3,0,0.103,1,0.0,0.0,7.06,77.54,Product Researchers,0,Product Researchers
CUST-105308,2025-04-14,India,Tablet,Direct,28,145,542.1,0.166,69,10,4,524.38,13,2,0,0.29,1,0.1429,0.4,5.18,84.14,High Value Loyal,2,High Value Loyal Customers
CUST-105309,2025-03-29,United States,Mobile,Direct,24,119,369.2,0.491,39,7,1,84.97,15,0,1,0.731,0,0.0417,0.1429,4.96,58.67,Deal Seekers,4,Engaged Non-Buyers
CUST-105310,2025-06-18,United Kingdom,Mobile,Organic Search,33,155,477.8,0.286,71,13,9,788.72,5,6,1,0.442,1,0.2727,0.6923,4.7,76.42,High Value Loyal,2,High Value Loyal Customers
CUST-105311,2025-03-26,Canada,Mobile,Organic Search,11,111,469.4,0.479,75,3,1,77.02,26,3,0,0.42,1,0.0909,0.3333,10.09,81.49,Product Researchers,0,Product Researchers
CUST-105312,2025-04-03,United Kingdom,Mobile,Organic Search,4,22,106.9,0.742,4,0,0,0.0,77,0,0,0.163,0,0.0,0.0,5.5,30.2,One-time Visitors,3,Engaged Non-Buyers
CUST-105313,2025-03-25,Canada,Desktop,Organic Search,12,74,452.2,0.37,44,0,0,0.0,54,3,1,0.097,1,0.0,0.0,6.17,71.17,Product Researchers,0,Product Researchers
CUST-105314,2025-02-07,Germany,Mobile,Referral,15,92,419.5,0.365,48,0,1,87.92,47,0,1,0.389,1,0.0667,0.0,6.13,70.78,Product Researchers,0,Product Researchers
CUST-105315,2025-01-13,United States,Tablet,Organic Search,3,16,132.0,0.61,10,0,1,42.02,157,0,0,0.209,0,0.3333,0.0,5.33,36.1,One-time Visitors,3,Engaged Non-Buyers
CUST-105316,2025-04-25,Canada,Desktop,Paid Social,3,13,95.2,0.757,6,0,0,0.0,151,1,0,0.426,0,0.0,0.0,4.33,26.22,One-time Visitors,3,Engaged Non-Buyers
CUST-105317,2025-01-30,India,Mobile,Paid Social,4,20,39.0,0.969,8,0,0,0.0,52,0,0,0.487,0,0.0,0.0,5.0,20.8,One-time Visitors,3,Engaged Non-Buyers
CUST-105318,2025-06-03,Netherlands,Mobile,Direct,2,9,61.6,0.624,5,1,0,0.0,86,0,0,0.183,0,0.0,0.0,4.5,28.09,One-time Visitors,3,Engaged Non-Buyers
CUST-105319,2025-04-17,France,Desktop,Organic Search,15,97,478.4,0.128,47,3,1,70.42,9,7,1,0.568,0,0.0667,0.3333,6.47,80.38,Product Researchers,0,Product Researchers
CUST-105320,2025-01-04,Netherlands,Desktop,Direct,18,82,162.2,0.696,29,10,1,68.95,38,2,1,0.767,1,0.0556,0.1,4.56,38.86,Deal Seekers,4,Engaged Non-Buyers
CUST-105321,2025-05-13,United Kingdom,Mobile,Organic Search,17,109,570.9,0.276,61,1,0,0.0,10,2,2,0.554,0,0.0,0.0,6.41,85.44,Product Researchers,0,Product Researchers
CUST-105322,2025-04-02,India,Mobile,Display,17,80,385.0,0.376,32,5,0,0.0,3,2,1,0.969,1,0.0,0.0,4.71,59.4,Deal Seekers,4,Engaged Non-Buyers
CUST-105323,2025-05-25,United States,Desktop,Direct,36,158,545.3,0.095,54,6,3,231.57,4,1,0,0.302,1,0.0833,0.5,4.39,80.23,High Value Loyal,2,High Value Loyal Customers
CUST-105324,2025-01-08,Germany,Desktop,Direct,16,87,402.5,0.45,38,8,2,38.81,39,1,1,0.781,1,0.125,0.25,5.44,62.55,Deal Seekers,4,Engaged Non-Buyers
CUST-105325,2025-03-11,United Kingdom,Desktop,Paid Social,3,8,165.7,0.659,5,0,0,0.0,122,1,0,0.087,0,0.0,0.0,2.67,26.67,One-time Visitors,3,Engaged Non-Buyers
CUST-105326,2025-02-21,United Kingdom,Desktop,Paid Search,17,97,412.6,0.131,45,6,1,95.5,37,2,1,0.012,1,0.0588,0.1667,5.71,74.02,Engaged Non-Buyers,0,Product Researchers
CUST-105327,2025-04-27,United Kingdom,Desktop,Display,3,14,177.2,0.911,6,0,0,0.0,157,0,0,0.082,1,0.0,0.0,4.67,27.52,One-time Visitors,3,Engaged Non-Buyers
CUST-105328,2025-01-04,Canada,Mobile,Organic Search,3,12,32.5,0.82,5,0,0,0.0,174,0,0,0.252,0,0.0,0.0,4.0,20.16,One-time Visitors,3,Engaged Non-Buyers
CUST-105329,2025-01-23,United Kingdom,Desktop,Direct,38,187,561.7,0.191,78,12,7,958.86,9,1,0,0.509,1,0.1842,0.5833,4.92,83.69,High Value Loyal,2,High Value Loyal Customers
CUST-105330,2025-05-28,Netherlands,Mobile,Paid Search,15,109,401.1,0.607,57,3,2,169.08,43,3,0,0.836,0,0.1333,0.6667,7.27,70.12,Deal Seekers,4,Engaged Non-Buyers
CUST-105331,2025-06-16,Canada,Desktop,Organic Search,5,23,61.4,0.8,9,0,0,0.0,84,0,0,0.244,0,0.0,0.0,4.6,25.22,One-time Visitors,3,Engaged Non-Buyers
CUST-105332,2025-06-24,United Kingdom,Tablet,Paid Social,13,92,353.7,0.314,54,2,0,0.0,11,2,0,0.674,1,0.0,0.0,7.08,73.57,Product Researchers,0,Product Researchers
CUST-105333,2025-01-12,France,Mobile,Display,18,84,286.7,0.234,38,5,2,132.92,24,1,0,0.807,1,0.1111,0.4,4.67,59.77,Deal Seekers,4,Engaged Non-Buyers
CUST-105334,2025-03-25,France,Mobile,Paid Search,15,92,477.2,0.231,35,0,0,0.0,55,3,1,0.283,1,0.0,0.0,6.13,73.03,Engaged Non-Buyers,0,Product Researchers
CUST-105335,2025-01-12,Germany,Mobile,Direct,21,92,318.1,0.685,32,2,2,125.42,21,4,1,0.683,1,0.0952,1.0,4.38,47.32,Deal Seekers,4,Engaged Non-Buyers
CUST-105336,2025-04-03,United Kingdom,Mobile,Direct,2,13,123.7,0.866,6,1,0,0.0,166,0,0,0.427,0,0.0,0.0,6.5,31.69,One-time Visitors,3,Engaged Non-Buyers
CUST-105337,2025-06-26,Netherlands,Mobile,Paid Social,16,106,536.1,0.448,58,2,0,0.0,73,1,1,0.301,1,0.0,0.0,6.62,79.15,Product Researchers,0,Product Researchers
CUST-105338,2025-02-09,Netherlands,Mobile,Organic Search,20,110,379.9,0.297,42,3,1,53.75,61,1,0,0.464,1,0.05,0.3333,5.5,66.67,Engaged Non-Buyers,0,Product Researchers
CUST-105339,2025-05-30,United Kingdom,Desktop,Organic Search,28,146,475.5,0.023,58,17,6,752.0,8,1,0,0.528,1,0.2143,0.3529,5.21,82.33,High Value Loyal,2,High Value Loyal Customers
CUST-105340,2025-04-08,Germany,Mobile,Paid Social,1,7,71.7,0.839,4,0,0,0.0,102,0,1,0.363,0,0.0,0.0,7.0,30.71,One-time Visitors,1,Low Engagement / At-Risk Visitors
CUST-105341,2025-05-24,Australia,Mobile,Email,20,109,510.1,0.205,32,0,0,0.0,62,5,1,0.274,1,0.0,0.0,5.45,72.25,Engaged Non-Buyers,0,Product Researchers
CUST-105342,2025-01-09,India,Mobile,Organic Search,4,22,108.5,0.641,8,0,0,0.0,72,0,0,0.151,1,0.0,0.0,5.5,34.06,One-time Visitors,3,Engaged Non-Buyers
CUST-105343,2025-05-23,United States,Mobile,Organic Search,29,137,426.8,0.304,53,11,5,588.34,11,1,0,0.042,1,0.1724,0.4545,4.72,69.82,High Value Loyal,2,High Value Loyal Customers
CUST-105344,2025-05-04,United States,Desktop,Email,14,81,392.3,0.305,35,2,1,49.27,18,3,2,0.873,1,0.0714,0.5,5.79,65.83,Deal Seekers,4,Engaged Non-Buyers
CUST-105345,2025-01-12,Canada,Mobile,Organic Search,15,98,528.9,0.338,52,1,1,86.77,57,2,1,0.39,1,0.0667,1.0,6.53,79.4,Product Researchers,4,Engaged Non-Buyers
CUST-105346,2025-02-20,Netherlands,Mobile,Paid Social,15,91,410.5,0.373,51,0,1,88.85,23,2,0,0.589,1,0.0667,0.0,6.07,70.84,Product Researchers,0,Product Researchers
CUST-105347,2025-03-22,United Kingdom,Tablet,Direct,14,76,329.2,0.134,44,2,3,192.5,44,4,0,0.907,0,0.2143,1.0,5.43,68.6,Deal Seekers,4,Engaged Non-Buyers
CUST-105348,2025-04-20,India,Mobile,Organic Search,35,185,404.3,0.172,69,10,9,853.36,1,2,0,0.21,1,0.2571,0.9,5.29,77.43,High Value Loyal,2,High Value Loyal Customers
CUST-105349,2025-05-30,India,Mobile,Direct,2,17,48.6,0.736,9,0,0,0.0,95,0,0,0.048,0,0.0,0.0,8.5,36.79,One-time Visitors,1,Low Engagement / At-Risk Visitors
CUST-105350,2025-05-06,France,Desktop,Paid Social,20,110,495.2,0.287,51,5,1,52.59,28,3,0,0.779,1,0.05,0.2,5.5,75.47,Engaged Non-Buyers,4,Engaged Non-Buyers
CUST-105351,2025-03-18,France,Mobile,Paid Social,14,95,405.6,0.318,52,1,1,54.57,74,0,0,0.349,1,0.0714,1.0,6.79,74.55,Product Researchers,4,Engaged Non-Buyers
CUST-105352,2025-01-17,United Kingdom,Mobile,Direct,14,94,203.2,0.358,49,5,2,153.61,23,2,0,0.857,1,0.1429,0.4,6.71,62.27,Deal Seekers,4,Engaged Non-Buyers
CUST-105353,2025-05-17,India,Desktop,Referral,19,76,321.5,0.218,32,6,3,100.2,30,1,0,0.676,0,0.1579,0.5,4.0,57.96,Deal Seekers,4,Engaged Non-Buyers
CUST-105354,2025-02-24,United States,Desktop,Referral,11,80,390.1,0.121,47,0,0,0.0,14,2,0,0.585,1,0.0,0.0,7.27,78.66,Engaged Non-Buyers,0,Product Researchers
CUST-105355,2025-06-24,United Kingdom,Mobile,Paid Search,16,97,443.7,0.679,48,1,0,0.0,5,1,0,0.239,1,0.0,0.0,6.06,63.93,Engaged Non-Buyers,0,Product Researchers
CUST-105356,2025-05-22,United Kingdom,Desktop,Organic Search,30,141,468.6,0.072,57,15,10,918.84,13,2,1,0.037,1,0.3333,0.6667,4.7,78.85,High Value Loyal,2,High Value Loyal Customers
CUST-105357,2025-04-26,United Kingdom,Mobile,Organic Search,15,85,531.1,0.263,43,3,0,0.0,38,3,1,0.094,1,0.0,0.0,5.67,75.93,Engaged Non-Buyers,0,Product Researchers
CUST-105358,2025-06-06,United Kingdom,Mobile,Paid Social,4,26,98.1,0.838,12,0,0,0.0,84,0,0,0.451,0,0.0,0.0,6.5,32.95,One-time Visitors,3,Engaged Non-Buyers
CUST-105359,2025-06-16,Netherlands,Mobile,Direct,21,91,207.9,0.419,44,4,2,147.56,8,1,1,0.907,1,0.0952,0.5,4.33,52.01,Deal Seekers,4,Engaged Non-Buyers
CUST-105360,2025-03-23,France,Desktop,Paid Search,14,83,522.8,0.345,51,4,1,73.06,30,1,1,0.246,1,0.0714,0.25,5.93,76.74,Product Researchers,0,Product Researchers
CUST-105361,2025-03-20,India,Desktop,Organic Search,19,99,432.4,0.524,47,2,1,64.65,34,1,0,0.7,0,0.0526,0.5,5.21,64.27,Deal Seekers,4,Engaged Non-Buyers
CUST-105362,2025-06-01,United Kingdom,Desktop,Organic Search,17,96,397.5,0.255,51,3,1,72.21,54,3,1,0.654,1,0.0588,0.3333,5.65,71.83,Product Researchers,4,Engaged Non-Buyers
CUST-105363,2025-04-17,Canada,Mobile,Direct,16,91,321.5,0.25,51,3,1,50.08,47,0,0,0.425,1,0.0625,0.3333,5.69,68.29,Product Researchers,0,Product Researchers
CUST-105364,2025-04-25,France,Mobile,Organic Search,3,17,143.2,0.549,8,1,0,0.0,129,0,0,0.049,0,0.0,0.0,5.67,38.61,One-time Visitors,3,Engaged Non-Buyers
CUST-105365,2025-06-27,Germany,Desktop,Organic Search,23,133,337.7,0.188,49,9,1,39.07,4,1,2,0.83,1,0.0435,0.1111,5.78,70.33,Deal Seekers,4,Engaged Non-Buyers
CUST-105366,2025-03-02,United States,Mobile,Organic Search,26,131,485.5,0.115,64,13,8,775.79,10,2,0,0.63,1,0.3077,0.6154,5.04,81.83,High Value Loyal,2,High Value Loyal Customers
CUST-105367,2025-06-28,United Kingdom,Desktop,Paid Search,13,77,535.9,0.373,46,7,0,0.0,29,1,0,0.098,1,0.0,0.0,5.92,75.13,Engaged Non-Buyers,0,Product Researchers
CUST-105368,2025-01-15,United States,Tablet,Paid Search,26,121,390.9,0.305,39,3,0,0.0,31,2,1,0.593,1,0.0,0.0,4.65,63.47,Deal Seekers,0,Product Researchers
CUST-105369,2025-04-12,United Kingdom,Desktop,Organic Search,15,71,265.3,0.301,37,4,3,166.97,40,0,0,0.956,1,0.2,0.75,4.73,56.92,Deal Seekers,4,Engaged Non-Buyers
CUST-105370,2025-04-15,Australia,Mobile,Direct,24,117,375.0,0.283,36,1,0,0.0,61,1,1,0.335,1,0.0,0.0,4.88,62.97,Engaged Non-Buyers,0,Product Researchers
CUST-105371,2025-04-17,United Kingdom,Desktop,Organic Search,18,116,661.7,0.296,49,1,1,88.3,19,3,0,0.172,0,0.0556,1.0,6.44,82.81,Product Researchers,0,Product Researchers
CUST-105372,2025-02-27,Germany,Mobile,Organic Search,20,79,681.9,0.117,34,4,0,0.0,64,1,1,0.322,1,0.0,0.0,3.95,74.88,Engaged Non-Buyers,0,Product Researchers
CUST-105373,2025-04-21,United Kingdom,Mobile,Organic Search,16,103,538.3,0.305,53,5,0,0.0,64,2,0,0.487,1,0.0,0.0,6.44,80.72,Engaged Non-Buyers,0,Product Researchers
CUST-105374,2025-04-26,United Kingdom,Mobile,Direct,23,123,398.8,0.339,38,7,2,172.18,35,3,0,0.601,1,0.087,0.2857,5.35,64.87,Deal Seekers,4,Engaged Non-Buyers
CUST-105375,2025-05-17,India,Mobile,Paid Search,3,13,126.1,0.506,3,0,0,0.0,117,0,0,0.386,0,0.0,0.0,4.33,33.11,One-time Visitors,3,Engaged Non-Buyers
CUST-105376,2025-04-11,United States,Mobile,Organic Search,16,84,313.5,0.418,46,2,0,0.0,47,5,0,0.248,0,0.0,0.0,5.25,60.78,Product Researchers,0,Product Researchers
CUST-105377,2025-03-24,France,Mobile,Paid Social,11,94,340.6,0.212,59,3,0,0.0,68,4,0,0.419,1,0.0,0.0,8.55,79.89,Product Researchers,0,Product Researchers
CUST-105378,2025-01-03,United States,Desktop,Paid Search,22,126,383.4,0.233,57,0,2,105.61,16,1,2,0.078,1,0.0909,0.0,5.73,73.79,Product Researchers,0,Product Researchers
CUST-105379,2025-04-07,United States,Mobile,Direct,17,120,437.3,0.223,67,4,1,53.2,73,4,1,0.412,0,0.0588,0.25,7.06,83.35,Product Researchers,0,Product Researchers
CUST-105380,2025-02-11,India,Mobile,Paid Social,3,12,51.0,0.658,3,0,0,0.0,121,0,0,0.148,1,0.0,0.0,4.0,24.51,One-time Visitors,3,Engaged Non-Buyers
CUST-105381,2025-01-10,India,Desktop,Paid Search,35,181,376.8,0.186,64,16,9,803.49,10,2,2,0.179,1,0.2571,0.5625,5.17,75.04,High Value Loyal,2,High Value Loyal Customers
CUST-105382,2025-05-05,United Kingdom,Desktop,Paid Search,16,104,465.7,0.299,61,5,1,63.02,16,3,2,0.38,1,0.0625,0.2,6.5,79.89,Product Researchers,0,Product Researchers
CUST-105383,2025-03-29,France,Mobile,Paid Social,25,119,434.1,0.415,40,5,2,141.2,10,1,0,0.915,1,0.08,0.4,4.76,63.51,Deal Seekers,4,Engaged Non-Buyers
CUST-105384,2025-02-23,Canada,Mobile,Direct,29,146,481.0,0.134,62,16,3,316.83,7,9,1,0.058,1,0.1034,0.1875,5.03,80.5,High Value Loyal,2,High Value Loyal Customers
CUST-105385,2025-05-17,United Kingdom,Desktop,Referral,34,185,678.4,0.075,72,18,2,210.7,9,2,2,0.189,1,0.0588,0.1111,5.44,90.13,High Value Loyal,2,High Value Loyal Customers
CUST-105386,2025-04-14,United States,Desktop,Direct,12,80,527.5,0.236,44,2,0,0.0,13,4,2,0.067,1,0.0,0.0,6.67,79.85,Engaged Non-Buyers,0,Product Researchers
CUST-105387,2025-02-05,United Kingdom,Mobile,Paid Social,20,113,267.3,0.709,45,10,2,114.05,44,3,2,0.954,1,0.1,0.2,5.65,52.14,Deal Seekers,4,Engaged Non-Buyers
CUST-105388,2025-02-02,Germany,Mobile,Organic Search,10,76,324.9,0.342,46,1,1,85.2,46,1,0,0.722,1,0.1,1.0,7.6,70.6,Product Researchers,4,Engaged Non-Buyers
CUST-105389,2025-03-04,United States,Desktop,Paid Social,20,96,293.3,0.329,39,4,1,63.55,38,3,0,0.555,1,0.05,0.25,4.8,58.45,Deal Seekers,4,Engaged Non-Buyers
CUST-105390,2025-03-04,United States,Mobile,Organic Search,12,103,304.0,0.295,58,3,0,0.0,41,3,1,0.539,1,0.0,0.0,8.58,75.68,Product Researchers,0,Product Researchers
CUST-105391,2025-01-19,United States,Desktop,Direct,26,143,602.6,0.293,65,13,7,695.92,7,2,0,0.214,1,0.2692,0.5385,5.5,84.86,High Value Loyal,2,High Value Loyal Customers
CUST-105392,2025-03-18,United Kingdom,Mobile,Email,12,83,556.3,0.106,50,4,0,0.0,61,1,0,0.299,1,0.0,0.0,6.92,87.15,Product Researchers,0,Product Researchers
CUST-105393,2025-06-29,United Kingdom,Desktop,Organic Search,15,90,391.1,0.262,42,7,0,0.0,42,1,0,0.921,1,0.0,0.0,6.0,69.67,Deal Seekers,4,Engaged Non-Buyers
CUST-105394,2025-02-14,United States,Desktop,Organic Search,15,102,543.6,0.421,48,2,1,55.28,10,2,0,0.546,1,0.0667,0.5,6.8,77.68,Product Researchers,4,Engaged Non-Buyers
CUST-105395,2025-05-07,Germany,Mobile,Paid Search,36,176,677.4,0.312,60,9,5,476.05,13,0,0,0.374,1,0.1389,0.5556,4.89,80.94,High Value Loyal,2,High Value Loyal Customers
CUST-105396,2025-01-02,United Kingdom,Mobile,Paid Social,2,9,81.7,0.615,3,0,0,0.0,61,0,0,0.127,0,0.0,0.0,4.5,28.7,One-time Visitors,3,Engaged Non-Buyers
CUST-105397,2025-06-22,Germany,Desktop,Paid Search,29,151,444.0,0.172,69,10,6,606.29,9,5,2,0.278,1,0.2069,0.6,5.21,79.18,High Value Loyal,2,High Value Loyal Customers
CUST-105398,2025-02-02,United Kingdom,Desktop,Organic Search,23,126,595.5,0.177,61,15,8,554.16,14,1,2,0.193,1,0.3478,0.5333,5.48,86.25,High Value Loyal,2,High Value Loyal Customers
CUST-105399,2025-05-04,United States,Mobile,Organic Search,15,87,466.4,0.174,42,3,0,0.0,59,1,0,0.389,1,0.0,0.0,5.8,75.02,Engaged Non-Buyers,0,Product Researchers
CUST-105400,2025-02-21,United States,Desktop,Organic Search,2,16,168.6,0.733,9,0,0,0.0,118,0,0,0.454,0,0.0,0.0,8.0,42.87,One-time Visitors,1,Low Engagement / At-Risk Visitors
CUST-105401,2025-03-26,United Kingdom,Desktop,Direct,20,109,393.5,0.261,51,7,0,0.0,49,3,1,0.483,0,0.0,0.0,5.45,70.88,Product Researchers,0,Product Researchers
CUST-105402,2025-06-14,United States,Desktop,Organic Search,4,19,128.5,0.715,3,0,0,0.0,78,0,0,0.398,0,0.0,0.0,4.75,29.32,One-time Visitors,3,Engaged Non-Buyers
CUST-105403,2025-02-11,United Kingdom,Mobile,Email,18,112,518.6,0.18,54,2,2,184.31,59,1,2,0.556,0,0.1111,1.0,6.22,82.5,Product Researchers,4,Engaged Non-Buyers
CUST-105404,2025-06-25,Germany,Desktop,Organic Search,14,70,298.7,0.29,37,5,1,70.2,6,1,3,0.858,1,0.0714,0.2,5.0,59.7,Deal Seekers,4,Engaged Non-Buyers
CUST-105405,2025-02-11,Canada,Tablet,Paid Search,25,154,324.3,0.163,65,11,5,522.9,6,1,1,0.242,1,0.2,0.4545,6.16,76.38,High Value Loyal,2,High Value Loyal Customers
CUST-105406,2025-01-01,India,Tablet,Organic Search,16,96,344.8,0.094,48,3,0,0.0,48,2,0,0.422,0,0.0,0.0,6.0,73.4,Product Researchers,0,Product Researchers
CUST-105407,2025-04-21,United States,Mobile,Paid Search,2,11,110.7,0.211,6,0,0,0.0,162,0,0,0.555,1,0.0,0.0,5.5,44.3,One-time Visitors,3,Engaged Non-Buyers
CUST-105408,2025-04-19,Germany,Mobile,Paid Search,30,181,457.8,0.134,77,13,5,480.71,1,1,0,0.192,1,0.1667,0.3846,6.03,83.39,High Value Loyal,2,High Value Loyal Customers
CUST-105409,2025-02-21,United Kingdom,Mobile,Referral,25,139,504.8,0.123,66,13,5,558.23,6,3,2,0.327,1,0.2,0.3846,5.56,84.55,High Value Loyal,2,High Value Loyal Customers
CUST-105410,2025-03-03,Australia,Mobile,Email,18,101,457.8,0.559,52,2,1,72.36,64,3,3,0.306,1,0.0556,0.5,5.61,67.46,Engaged Non-Buyers,0,Product Researchers
CUST-105411,2025-03-09,United States,Mobile,Organic Search,2,12,61.3,0.73,9,1,0,0.0,105,0,0,0.305,0,0.0,0.0,6.0,31.35,One-time Visitors,3,Engaged Non-Buyers
CUST-105412,2025-02-14,United States,Desktop,Direct,21,117,485.8,0.211,52,10,4,346.82,2,1,1,0.187,1,0.1905,0.4,5.57,77.43,High Value Loyal,2,High Value Loyal Customers
CUST-105413,2025-02-26,United Kingdom,Mobile,Organic Search,10,53,348.5,0.309,37,9,1,67.6,14,2,1,0.637,1,0.1,0.1111,5.3,62.64,Deal Seekers,4,Engaged Non-Buyers
CUST-105414,2025-01-11,India,Desktop,Paid Search,15,73,480.7,0.167,36,3,0,0.0,31,1,1,0.143,1,0.0,0.0,4.87,71.15,Engaged Non-Buyers,0,Product Researchers
CUST-105415,2025-01-01,Australia,Desktop,Direct,18,96,351.2,0.351,37,8,3,232.34,4,3,0,0.37,0,0.1667,0.375,5.33,61.84,Deal Seekers,4,Engaged Non-Buyers
CUST-105416,2025-03-04,United Kingdom,Mobile,Referral,12,77,568.3,0.082,40,2,0,0.0,52,3,1,0.236,1,0.0,0.0,6.42,83.74,Engaged Non-Buyers,0,Product Researchers
CUST-105417,2025-04-25,United States,Mobile,Organic Search,4,16,43.4,0.804,4,1,0,0.0,49,0,0,0.181,0,0.0,0.0,4.0,20.81,One-time Visitors,3,Engaged Non-Buyers
CUST-105418,2025-06-11,United States,Desktop,Paid Social,29,145,564.3,0.338,61,15,6,588.54,14,2,2,0.354,1,0.2069,0.4,5.0,79.17,High Value Loyal,2,High Value Loyal Customers
CUST-105419,2025-05-03,United States,Desktop,Organic Search,14,80,365.9,0.254,41,6,2,156.32,5,2,0,0.847,1,0.1429,0.3333,5.71,67.43,Deal Seekers,4,Engaged Non-Buyers
CUST-105420,2025-04-28,Canada,Mobile,Direct,12,89,494.6,0.312,45,4,0,0.0,26,3,0,0.562,1,0.0,0.0,7.42,78.95,Product Researchers,0,Product Researchers
CUST-105421,2025-06-06,United Kingdom,Mobile,Direct,20,87,300.5,0.267,40,9,2,117.01,18,2,2,0.929,1,0.1,0.2222,4.35,59.26,Deal Seekers,4,Engaged Non-Buyers
CUST-105422,2025-02-21,India,Mobile,Organic Search,9,66,443.1,0.425,34,4,0,0.0,41,1,1,0.374,1,0.0,0.0,7.33,69.92,Engaged Non-Buyers,0,Product Researchers
CUST-105423,2025-04-20,United Kingdom,Desktop,Paid Social,20,99,245.0,0.236,44,5,1,53.92,37,2,1,0.177,1,0.05,0.2,4.95,60.35,Engaged Non-Buyers,0,Product Researchers
CUST-105424,2025-04-19,France,Mobile,Organic Search,3,16,120.9,0.846,5,0,0,0.0,53,0,0,0.523,0,0.0,0.0,5.33,28.11,One-time Visitors,3,Engaged Non-Buyers
CUST-105425,2025-06-04,United States,Mobile,Organic Search,21,114,460.4,0.215,45,0,0,0.0,6,3,1,0.043,1,0.0,0.0,5.43,73.44,Engaged Non-Buyers,0,Product Researchers
CUST-105426,2025-04-28,United States,Tablet,Organic Search,23,108,509.2,0.207,49,1,0,0.0,50,3,0,0.528,1,0.0,0.0,4.7,75.03,Product Researchers,0,Product Researchers
CUST-105427,2025-05-21,Netherlands,Mobile,Paid Social,31,171,429.1,0.141,69,13,4,432.8,13,4,1,0.208,1,0.129,0.3077,5.52,80.16,High Value Loyal,2,High Value Loyal Customers
CUST-105428,2025-02-22,United States,Desktop,Direct,20,100,581.5,0.16,44,3,1,26.31,27,5,1,0.38,0,0.05,0.3333,5.0,79.23,Engaged Non-Buyers,0,Product Researchers
CUST-105429,2025-06-27,India,Desktop,Organic Search,17,102,406.9,0.199,38,4,1,64.51,64,2,0,0.208,0,0.0588,0.25,6.0,70.81,Engaged Non-Buyers,0,Product Researchers
CUST-105430,2025-03-27,France,Mobile,Organic Search,19,95,406.4,0.606,37,3,1,84.98,37,0,0,0.815,0,0.0526,0.3333,5.0,57.17,Deal Seekers,4,Engaged Non-Buyers
CUST-105431,2025-04-10,United Kingdom,Mobile,Email,16,90,373.0,0.1,43,3,2,154.67,9,3,3,0.633,1,0.125,0.6667,5.62,71.96,Deal Seekers,4,Engaged Non-Buyers
CUST-105432,2025-05-13,Germany,Mobile,Paid Search,17,104,440.7,0.179,46,3,0,0.0,38,2,0,0.227,1,0.0,0.0,6.12,75.82,Engaged Non-Buyers,0,Product Researchers
CUST-105433,2025-01-25,United States,Mobile,Organic Search,13,85,446.5,0.106,41,7,0,0.0,15,1,1,0.548,1,0.0,0.0,6.54,77.72,Deal Seekers,0,Product Researchers
CUST-105434,2025-06-09,Germany,Desktop,Organic Search,32,159,431.8,0.306,62,7,6,652.41,11,2,1,0.176,1,0.1875,0.8571,4.97,73.54,High Value Loyal,2,High Value Loyal Customers
CUST-105435,2025-04-22,India,Mobile,Organic Search,16,80,346.4,0.182,34,6,2,69.96,35,3,1,0.698,1,0.125,0.3333,5.0,63.86,Deal Seekers,4,Engaged Non-Buyers
CUST-105436,2025-06-01,Canada,Mobile,Paid Search,4,20,104.4,0.576,8,0,0,0.0,90,0,0,0.199,0,0.0,0.0,5.0,33.91,One-time Visitors,3,Engaged Non-Buyers
CUST-105437,2025-05-27,United Kingdom,Mobile,Direct,2,12,132.7,0.778,5,0,0,0.0,100,0,0,0.232,0,0.0,0.0,6.0,32.46,One-time Visitors,3,Engaged Non-Buyers
CUST-105438,2025-06-13,Germany,Mobile,Organic Search,18,101,550.9,0.139,45,4,5,316.91,42,3,4,0.423,1,0.2778,1.0,5.61,80.46,Deal Seekers,4,Engaged Non-Buyers
CUST-105439,2025-03-24,United Kingdom,Desktop,Paid Search,23,141,490.7,0.206,69,12,7,586.55,14,4,0,0.269,1,0.3043,0.5833,6.13,83.53,High Value Loyal,2,High Value Loyal Customers
CUST-105440,2025-03-30,Canada,Mobile,Referral,15,97,221.3,0.176,48,2,1,82.07,20,2,1,0.298,1,0.0667,0.5,6.47,66.65,Product Researchers,0,Product Researchers
CUST-105441,2025-04-29,United Kingdom,Mobile,Paid Search,21,113,377.8,0.393,60,7,1,79.4,73,2,0,0.28,0,0.0476,0.1429,5.38,69.35,Product Researchers,0,Product Researchers
CUST-105442,2025-02-27,United Kingdom,Desktop,Organic Search,33,148,430.8,0.065,63,13,2,176.71,12,1,1,0.606,1,0.0606,0.1538,4.48,78.31,High Value Loyal,4,Engaged Non-Buyers
CUST-105443,2025-01-01,Germany,Mobile,Direct,32,182,576.7,0.041,66,13,5,560.74,13,0,1,0.083,1,0.1562,0.3846,5.69,90.59,High Value Loyal,2,High Value Loyal Customers
CUST-105444,2025-03-23,Germany,Mobile,Organic Search,18,98,462.4,0.248,39,3,0,0.0,37,1,0,0.105,1,0.0,0.0,5.44,70.94,Engaged Non-Buyers,0,Product Researchers
CUST-105445,2025-01-26,United Kingdom,Mobile,Paid Search,15,96,479.1,0.18,50,3,0,0.0,26,1,0,0.621,1,0.0,0.0,6.4,79.84,Product Researchers,0,Product Researchers
CUST-105446,2025-06-02,United States,Mobile,Paid Search,35,166,638.1,0.303,64,15,9,1179.56,9,3,0,0.295,1,0.2571,0.6,4.74,81.94,High Value Loyal,2,High Value Loyal Customers
CUST-105447,2025-04-19,United States,Desktop,Paid Search,2,12,122.7,0.856,3,0,0,0.0,173,0,0,0.313,0,0.0,0.0,6.0,29.4,One-time Visitors,3,Engaged Non-Buyers
CUST-105448,2025-03-18,India,Desktop,Direct,10,81,535.3,0.159,60,1,0,0.0,15,1,0,0.63,0,0.0,0.0,8.1,91.25,Product Researchers,0,Product Researchers
CUST-105449,2025-03-23,India,Desktop,Direct,8,33,130.3,0.633,11,0,0,0.0,151,0,0,0.255,1,0.0,0.0,4.12,31.97,One-time Visitors,3,Engaged Non-Buyers
CUST-105450,2025-01-14,India,Mobile,Email,2,12,127.3,0.943,2,0,0,0.0,175,1,0,0.036,0,0.0,0.0,6.0,27.17,One-time Visitors,3,Engaged Non-Buyers
CUST-105451,2025-05-07,France,Mobile,Organic Search,28,166,517.4,0.292,75,10,4,550.25,8,3,0,0.102,1,0.1429,0.4,5.93,82.09,High Value Loyal,2,High Value Loyal Customers
CUST-105452,2025-05-15,United Kingdom,Mobile,Paid Social,18,97,377.2,0.267,45,3,0,0.0,54,2,0,0.51,0,0.0,0.0,5.39,67.87,Product Researchers,0,Product Researchers
CUST-105453,2025-01-26,United States,Desktop,Direct,23,128,357.6,0.247,56,9,3,219.48,34,1,0,0.68,1,0.1304,0.3333,5.57,71.32,Deal Seekers,4,Engaged Non-Buyers
CUST-105454,2025-03-18,United Kingdom,Mobile,Organic Search,16,93,374.2,0.092,54,1,0,0.0,32,4,1,0.746,1,0.0,0.0,5.81,76.19,Product Researchers,0,Product Researchers
CUST-105455,2025-02-19,Netherlands,Desktop,Email,13,75,191.5,0.196,32,8,0,0.0,12,5,1,0.843,1,0.0,0.0,5.77,57.54,Deal Seekers,4,Engaged Non-Buyers
CUST-105456,2025-06-08,United Kingdom,Desktop,Organic Search,20,87,372.8,0.206,33,1,0,0.0,9,2,0,0.081,1,0.0,0.0,4.35,62.24,Engaged Non-Buyers,0,Product Researchers
CUST-105457,2025-02-01,Netherlands,Mobile,Display,15,91,471.9,0.288,47,3,0,0.0,48,2,1,0.261,1,0.0,0.0,6.07,74.8,Engaged Non-Buyers,0,Product Researchers
CUST-105458,2025-04-09,United Kingdom,Desktop,Paid Social,4,21,64.4,0.566,7,0,0,0.0,108,0,0,0.251,0,0.0,0.0,5.25,32.63,One-time Visitors,3,Engaged Non-Buyers
CUST-105459,2025-02-21,France,Mobile,Organic Search,23,113,508.4,0.079,55,1,0,0.0,14,0,2,0.585,0,0.0,0.0,4.91,80.72,Product Researchers,0,Product Researchers
CUST-105460,2025-05-31,United Kingdom,Mobile,Organic Search,20,100,516.7,0.105,40,5,1,44.98,17,5,1,0.144,1,0.05,0.2,5.0,76.14,Engaged Non-Buyers,0,Product Researchers
CUST-105461,2025-01-06,Canada,Mobile,Paid Search,3,14,99.2,0.842,3,0,0,0.0,155,0,1,0.32,0,0.0,0.0,4.67,24.41,One-time Visitors,3,Engaged Non-Buyers
CUST-105462,2025-02-06,United Kingdom,Tablet,Organic Search,7,73,239.2,0.627,50,0,0,0.0,28,3,0,0.491,1,0.0,0.0,10.43,61.68,Product Researchers,0,Product Researchers
CUST-105463,2025-01-27,India,Mobile,Organic Search,13,72,387.4,0.163,40,7,1,76.6,31,1,0,0.873,1,0.0769,0.1429,5.54,69.92,Deal Seekers,4,Engaged Non-Buyers
CUST-105464,2025-05-12,United Kingdom,Desktop,Organic Search,2,12,55.8,0.654,6,0,0,0.0,169,0,0,0.279,0,0.0,0.0,6.0,32.04,One-time Visitors,3,Engaged Non-Buyers
CUST-105465,2025-06-26,United States,Tablet,Direct,2,9,56.2,0.573,3,1,0,0.0,61,1,0,0.209,0,0.0,0.0,4.5,28.48,One-time Visitors,3,Engaged Non-Buyers
CUST-105466,2025-06-14,United States,Desktop,Email,11,73,514.2,0.148,44,1,0,0.0,7,2,0,0.411,1,0.0,0.0,6.64,81.29,Engaged Non-Buyers,0,Product Researchers
CUST-105467,2025-02-13,Netherlands,Tablet,Organic Search,27,107,374.6,0.467,42,1,0,0.0,5,0,1,0.134,1,0.0,0.0,3.96,57.37,Engaged Non-Buyers,0,Product Researchers
CUST-105468,2025-03-11,India,Tablet,Paid Social,3,11,84.4,0.823,3,0,0,0.0,95,0,0,0.329,0,0.0,0.0,3.67,21.03,One-time Visitors,3,Engaged Non-Buyers
CUST-105469,2025-06-03,United Kingdom,Mobile,Organic Search,20,104,551.6,0.369,45,2,1,69.05,52,2,2,0.386,1,0.05,0.5,5.2,73.45,Engaged Non-Buyers,0,Product Researchers
CUST-105470,2025-05-07,United Kingdom,Mobile,Organic Search,14,108,475.3,0.196,61,2,1,52.09,18,1,0,0.418,1,0.0714,0.5,7.71,86.73,Product Researchers,0,Product Researchers
CUST-105471,2025-06-02,Australia,Mobile,Paid Search,4,13,167.9,0.743,3,0,0,0.0,79,0,0,0.229,1,0.0,0.0,3.25,25.91,One-time Visitors,3,Engaged Non-Buyers
CUST-105472,2025-03-05,United Kingdom,Mobile,Direct,30,137,552.5,0.013,50,11,7,1213.9,7,1,1,0.159,1,0.2333,0.6364,4.57,81.95,High Value Loyal,2,High Value Loyal Customers
CUST-105473,2025-01-19,United Kingdom,Mobile,Direct,2,16,108.7,0.811,10,0,0,0.0,125,1,0,0.099,1,0.0,0.0,8.0,38.25,One-time Visitors,1,Low Engagement / At-Risk Visitors
CUST-105474,2025-04-18,United Kingdom,Desktop,Paid Search,24,130,448.7,0.424,63,16,7,681.64,13,2,1,0.424,1,0.2917,0.4375,5.42,73.14,High Value Loyal,2,High Value Loyal Customers
CUST-105475,2025-03-30,Netherlands,Mobile,Paid Social,36,174,364.4,0.346,62,8,8,826.27,10,3,1,0.695,1,0.2222,1.0,4.83,68.74,High Value Loyal,2,High Value Loyal Customers
CUST-105476,2025-03-17,United Kingdom,Mobile,Organic Search,19,120,607.7,0.069,50,3,1,89.08,74,3,2,0.653,0,0.0526,0.3333,6.32,88.4,Product Researchers,0,Product Researchers
CUST-105477,2025-01-03,United States,Desktop,Paid Search,15,83,311.1,0.426,43,2,0,0.0,9,2,2,0.418,1,0.0,0.0,5.53,60.42,Product Researchers,0,Product Researchers
CUST-105478,2025-04-21,United Kingdom,Mobile,Paid Search,3,16,47.6,0.539,4,1,0,0.0,113,0,0,0.493,0,0.0,0.0,5.33,31.8,One-time Visitors,3,Engaged Non-Buyers
CUST-105479,2025-06-17,India,Mobile,Email,27,155,489.6,0.112,63,12,4,347.37,10,0,0,0.096,1,0.1481,0.3333,5.74,84.01,High Value Loyal,2,High Value Loyal Customers
CUST-105480,2025-06-01,Canada,Mobile,Paid Social,3,20,125.4,0.526,5,1,0,0.0,154,2,0,0.366,0,0.0,0.0,6.67,40.48,One-time Visitors,1,Low Engagement / At-Risk Visitors
CUST-105481,2025-02-16,India,Tablet,Direct,16,107,436.0,0.191,53,4,0,0.0,37,4,0,0.375,1,0.0,0.0,6.69,79.23,Product Researchers,0,Product Researchers
CUST-105482,2025-04-11,United Kingdom,Mobile,Direct,1,8,65.8,0.937,5,0,0,0.0,159,0,0,0.15,1,0.0,0.0,8.0,31.41,One-time Visitors,1,Low Engagement / At-Risk Visitors
CUST-105483,2025-03-18,Germany,Mobile,Paid Search,15,86,532.7,0.237,43,3,0,0.0,9,0,1,0.538,0,0.0,0.0,5.73,76.87,Engaged Non-Buyers,0,Product Researchers
CUST-105484,2025-02-18,United States,Desktop,Organic Search,19,112,447.9,0.238,59,9,6,486.78,8,4,1,0.294,1,0.3158,0.6667,5.89,78.02,High Value Loyal,2,High Value Loyal Customers
CUST-105485,2025-01-17,United Kingdom,Tablet,Organic Search,17,112,450.9,0.279,51,5,2,123.86,26,0,0,0.924,0,0.1176,0.4,6.59,76.84,Deal Seekers,4,Engaged Non-Buyers
CUST-105486,2025-01-30,Germany,Desktop,Organic Search,16,89,437.4,0.051,44,5,1,42.28,35,0,0,0.265,1,0.0625,0.2,5.56,76.52,Engaged Non-Buyers,0,Product Researchers
CUST-105487,2025-01-09,United Kingdom,Mobile,Paid Search,21,106,339.3,0.234,40,7,2,154.56,13,3,0,0.579,1,0.0952,0.2857,5.05,64.2,Deal Seekers,4,Engaged Non-Buyers
CUST-105488,2025-02-12,France,Mobile,Organic Search,12,79,399.9,0.55,46,4,2,142.0,42,2,0,0.913,1,0.1667,0.5,6.58,65.97,Deal Seekers,4,Engaged Non-Buyers
CUST-105489,2025-04-29,United States,Mobile,Paid Search,11,83,512.3,0.332,57,1,1,66.19,61,2,1,0.744,1,0.0909,1.0,7.55,83.44,Product Researchers,4,Engaged Non-Buyers
CUST-105490,2025-04-19,Germany,Desktop,Direct,27,148,577.3,0.087,62,9,8,1092.07,9,4,1,0.046,1,0.2963,0.8889,5.48,87.89,High Value Loyal,2,High Value Loyal Customers
CUST-105491,2025-01-23,United Kingdom,Mobile,Direct,14,90,515.9,0.115,48,4,1,90.82,38,3,0,0.656,1,0.0714,0.25,6.43,82.79,Deal Seekers,0,Product Researchers
CUST-105492,2025-05-09,Germany,Mobile,Direct,15,81,425.9,0.196,42,7,1,38.5,3,2,3,0.928,1,0.0667,0.1429,5.4,71.19,Deal Seekers,4,Engaged Non-Buyers
CUST-105493,2025-03-12,Netherlands,Desktop,Organic Search,18,81,465.6,0.136,35,4,0,0.0,16,3,0,0.491,1,0.0,0.0,4.5,69.71,Engaged Non-Buyers,0,Product Researchers
CUST-105494,2025-04-04,India,Mobile,Paid Social,2,12,67.8,0.802,7,0,0,0.0,92,0,0,0.14,0,0.0,0.0,6.0,29.25,One-time Visitors,3,Engaged Non-Buyers
CUST-105495,2025-06-06,United Kingdom,Desktop,Organic Search,26,128,442.3,0.159,58,10,6,532.96,1,1,4,0.167,1,0.2308,0.6,4.92,76.36,High Value Loyal,2,High Value Loyal Customers
CUST-105496,2025-05-04,United Kingdom,Mobile,Paid Social,16,87,460.2,0.276,36,3,0,0.0,28,0,0,0.222,1,0.0,0.0,5.44,69.17,Engaged Non-Buyers,0,Product Researchers
CUST-105497,2025-05-10,Germany,Mobile,Referral,3,15,86.9,0.882,9,1,0,0.0,125,0,0,0.246,0,0.0,0.0,5.0,25.68,One-time Visitors,3,Engaged Non-Buyers
CUST-105498,2025-04-16,United Kingdom,Mobile,Direct,14,103,329.8,0.525,47,10,2,140.26,21,0,0,0.906,0,0.1429,0.2,7.36,65.83,Deal Seekers,4,Engaged Non-Buyers
CUST-105499,2025-06-09,United Kingdom,Mobile,Direct,12,93,550.5,0.191,58,1,0,0.0,74,3,0,0.409,1,0.0,0.0,7.75,89.82,Product Researchers,0,Product Researchers
CUST-105500,2025-04-24,United States,Desktop,Organic Search,15,83,525.6,0.247,45,1,0,0.0,20,2,0,0.07,1,0.0,0.0,5.53,76.23,Engaged Non-Buyers,0,Product Researchers
CUST-105501,2025-03-08,United Kingdom,Mobile,Organic Search,34,186,613.9,0.218,75,13,7,665.7,6,2,0,0.408,1,0.2059,0.5385,5.47,86.64,High Value Loyal,2,High Value Loyal Customers
CUST-105502,2025-06-28,Canada,Mobile,Organic Search,20,101,416.0,0.23,45,7,0,0.0,38,2,2,0.796,1,0.0,0.0,5.05,69.68,Deal Seekers,4,Engaged Non-Buyers
CUST-105503,2025-03-13,United Kingdom,Mobile,Display,27,152,508.4,0.236,69,13,3,495.76,7,2,0,0.238,1,0.1111,0.2308,5.63,82.1,High Value Loyal,2,High Value Loyal Customers
CUST-105504,2025-02-23,France,Mobile,Paid Social,21,126,484.1,0.431,42,1,0,0.0,53,3,0,0.174,0,0.0,0.0,6.0,70.11,Engaged Non-Buyers,0,Product Researchers
CUST-105505,2025-02-15,United Kingdom,Desktop,Organic Search,22,104,348.7,0.415,44,7,2,98.53,13,3,2,0.766,1,0.0909,0.2857,4.73,60.37,Deal Seekers,4,Engaged Non-Buyers
CUST-105506,2025-04-30,United States,Mobile,Referral,21,104,331.1,0.022,40,2,0,0.0,34,0,0,0.217,1,0.0,0.0,4.95,68.79,Engaged Non-Buyers,0,Product Researchers
CUST-105507,2025-05-17,United States,Mobile,Paid Search,22,104,602.4,0.259,55,2,1,65.24,36,3,0,0.416,0,0.0455,0.5,4.73,80.22,Product Researchers,0,Product Researchers
CUST-105508,2025-03-21,United Kingdom,Mobile,Paid Social,4,16,102.4,0.905,6,0,0,0.0,90,0,0,0.12,0,0.0,0.0,4.0,21.84,One-time Visitors,3,Engaged Non-Buyers
CUST-105509,2025-04-22,Netherlands,Tablet,Email,16,105,550.1,0.184,56,2,1,88.74,61,1,2,0.387,1,0.0625,0.5,6.56,85.63,Product Researchers,0,Product Researchers
CUST-105510,2025-04-08,France,Mobile,Paid Search,18,98,243.1,0.225,50,2,1,115.47,60,1,0,0.475,1,0.0556,0.5,5.44,63.94,Product Researchers,4,Engaged Non-Buyers
CUST-105511,2025-03-15,United Kingdom,Mobile,Direct,13,105,294.7,0.309,65,6,0,0.0,36,0,1,0.554,0,0.0,0.0,8.08,77.02,Product Researchers,0,Product Researchers
CUST-105512,2025-05-01,United Kingdom,Mobile,Paid Search,22,133,338.4,0.308,62,1,0,0.0,29,2,1,0.739,1,0.0,0.0,6.05,72.2,Product Researchers,0,Product Researchers
CUST-105513,2025-06-10,India,Mobile,Organic Search,17,93,386.0,0.406,44,3,0,0.0,28,3,0,0.331,0,0.0,0.0,5.47,64.78,Product Researchers,0,Product Researchers
CUST-105514,2025-01-25,United Kingdom,Mobile,Organic Search,27,119,379.5,0.397,47,8,2,117.43,27,5,1,0.831,0,0.0741,0.25,4.41,62.29,Deal Seekers,4,Engaged Non-Buyers
CUST-105515,2025-05-15,United States,Desktop,Paid Social,30,143,650.1,0.322,68,11,8,771.05,3,1,0,0.279,1,0.2667,0.7273,4.77,81.86,High Value Loyal,2,High Value Loyal Customers
CUST-105516,2025-06-29,United Kingdom,Desktop,Paid Search,30,137,279.0,0.1,62,13,5,475.62,1,3,1,0.369,1,0.1667,0.3846,4.57,69.8,High Value Loyal,2,High Value Loyal Customers
CUST-105517,2025-01-30,United Kingdom,Mobile,Paid Social,5,14,134.0,0.845,2,0,0,0.0,128,0,0,0.209,0,0.0,0.0,2.8,19.94,One-time Visitors,3,Engaged Non-Buyers
CUST-105518,2025-02-27,Germany,Desktop,Organic Search,17,102,318.7,0.281,49,2,0,0.0,64,1,0,0.154,1,0.0,0.0,6.0,67.74,Engaged Non-Buyers,0,Product Researchers
CUST-105519,2025-02-10,United Kingdom,Mobile,Paid Search,22,115,521.3,0.157,44,3,1,56.3,18,0,0,0.328,1,0.0455,0.3333,5.23,77.01,Engaged Non-Buyers,0,Product Researchers
CUST-105520,2025-03-09,United Kingdom,Desktop,Direct,2,9,100.0,0.563,4,0,0,0.0,173,0,0,0.326,0,0.0,0.0,4.5,31.22,One-time Visitors,3,Engaged Non-Buyers
CUST-105521,2025-02-26,Germany,Desktop,Paid Search,15,77,478.2,0.54,40,1,0,0.0,38,0,0,0.134,1,0.0,0.0,5.13,63.77,Engaged Non-Buyers,0,Product Researchers
CUST-105522,2025-06-07,United Kingdom,Mobile,Organic Search,16,93,179.7,0.19,50,2,0,0.0,44,2,1,0.203,1,0.0,0.0,5.81,62.77,Product Researchers,0,Product Researchers
CUST-105523,2025-04-30,Netherlands,Mobile,Organic Search,1,8,139.5,0.459,5,0,0,0.0,165,0,0,0.13,1,0.0,0.0,8.0,47.04,One-time Visitors,1,Low Engagement / At-Risk Visitors
CUST-105524,2025-04-11,United Kingdom,Mobile,Direct,14,83,589.0,0.216,41,5,1,45.64,60,2,1,0.113,0,0.0714,0.2,5.93,80.2,Engaged Non-Buyers,0,Product Researchers
CUST-105525,2025-05-22,Germany,Desktop,Organic Search,2,11,27.7,0.586,8,0,0,0.0,89,0,0,0.151,0,0.0,0.0,5.5,31.39,One-time Visitors,3,Engaged Non-Buyers
CUST-105526,2025-03-20,United Kingdom,Tablet,Email,13,81,448.2,0.194,41,7,5,331.0,7,2,1,0.646,1,0.3846,0.7143,6.23,74.65,Deal Seekers,4,Engaged Non-Buyers
CUST-105527,2025-03-03,United States,Desktop,Direct,4,15,115.3,0.41,4,0,0,0.0,169,0,0,0.177,0,0.0,0.0,3.75,33.47,One-time Visitors,3,Engaged Non-Buyers
CUST-105528,2025-03-17,United Kingdom,Mobile,Paid Social,20,106,286.7,0.291,51,4,1,74.88,12,0,1,0.79,1,0.05,0.25,5.3,64.33,Deal Seekers,4,Engaged Non-Buyers
CUST-105529,2025-04-05,Germany,Desktop,Email,2,12,78.7,0.51,7,0,0,0.0,155,0,0,0.575,0,0.0,0.0,6.0,37.09,One-time Visitors,3,Engaged Non-Buyers
CUST-105530,2025-06-03,India,Mobile,Organic Search,16,93,395.0,0.199,52,1,0,0.0,59,2,1,0.919,0,0.0,0.0,5.81,73.93,Product Researchers,0,Product Researchers
CUST-105531,2025-06-01,India,Mobile,Organic Search,22,99,525.7,0.264,47,2,1,53.52,8,1,2,0.185,1,0.0455,0.5,4.5,73.2,Engaged Non-Buyers,0,Product Researchers
CUST-105532,2025-03-21,United States,Desktop,Referral,3,14,74.1,0.756,4,2,0,0.0,73,1,0,0.086,0,0.0,0.0,4.67,25.61,One-time Visitors,3,Engaged Non-Buyers
CUST-105533,2025-03-28,Netherlands,Mobile,Display,3,10,130.6,0.691,4,2,0,0.0,153,0,0,0.543,0,0.0,0.0,3.33,25.91,One-time Visitors,3,Engaged Non-Buyers
CUST-105534,2025-06-12,Germany,Mobile,Email,33,176,537.7,0.443,69,11,2,179.97,6,6,1,0.216,1,0.0606,0.1818,5.33,77.47,High Value Loyal,2,High Value Loyal Customers
CUST-105535,2025-05-23,India,Mobile,Organic Search,18,102,501.3,0.364,46,5,1,23.68,15,1,0,0.151,1,0.0556,0.2,5.67,72.82,Engaged Non-Buyers,0,Product Researchers
CUST-105536,2025-06-23,Germany,Mobile,Organic Search,20,103,295.7,0.191,47,7,2,150.74,18,1,0,0.977,1,0.1,0.2857,5.15,65.56,Deal Seekers,4,Engaged Non-Buyers
CUST-105537,2025-04-16,France,Mobile,Paid Search,3,13,87.6,0.827,6,0,0,0.0,143,0,0,0.097,1,0.0,0.0,4.33,24.09,One-time Visitors,3,Engaged Non-Buyers
CUST-105538,2025-05-27,Netherlands,Mobile,Organic Search,21,106,555.2,0.051,40,1,1,67.04,62,1,0,0.281,1,0.0476,1.0,5.05,79.57,Engaged Non-Buyers,4,Engaged Non-Buyers
CUST-105539,2025-04-29,United Kingdom,Mobile,Email,15,97,360.0,0.372,49,8,4,115.96,38,1,0,0.66,1,0.2667,0.5,6.47,68.99,Deal Seekers,4,Engaged Non-Buyers
CUST-105540,2025-04-12,United Kingdom,Desktop,Paid Search,34,176,434.1,0.411,63,9,5,641.29,8,2,0,0.514,1,0.1471,0.5556,5.18,71.99,High Value Loyal,2,High Value Loyal Customers
CUST-105541,2025-05-22,India,Mobile,Paid Search,25,125,588.3,0.088,70,9,6,553.85,5,1,3,0.381,1,0.24,0.6667,5.0,87.84,High Value Loyal,2,High Value Loyal Customers
CUST-105542,2025-03-25,United Kingdom,Mobile,Email,21,107,391.3,0.639,45,6,2,164.83,13,1,2,0.653,0,0.0952,0.3333,5.1,58.36,Deal Seekers,4,Engaged Non-Buyers
CUST-105543,2025-05-06,United Kingdom,Mobile,Paid Search,16,86,364.5,0.118,38,11,1,91.75,28,4,3,0.663,1,0.0625,0.0909,5.38,68.77,Deal Seekers,4,Engaged Non-Buyers
CUST-105544,2025-05-04,United States,Desktop,Organic Search,26,162,563.3,0.084,69,14,2,275.05,13,0,2,0.134,1,0.0769,0.1429,6.23,90.54,High Value Loyal,2,High Value Loyal Customers
CUST-105545,2025-01-05,United Kingdom,Desktop,Email,26,112,484.8,0.08,40,2,0,0.0,56,1,1,0.241,1,0.0,0.0,4.31,73.0,Engaged Non-Buyers,0,Product Researchers
CUST-105546,2025-05-28,United Kingdom,Desktop,Organic Search,31,156,425.2,0.282,64,11,8,1110.64,9,5,2,0.088,1,0.2581,0.7273,5.03,74.63,High Value Loyal,2,High Value Loyal Customers
CUST-105547,2025-06-18,United Kingdom,Mobile,Direct,23,106,379.9,0.343,43,5,3,171.15,3,3,1,0.767,1,0.1304,0.6,4.61,63.06,Deal Seekers,4,Engaged Non-Buyers
CUST-105548,2025-06-06,United States,Desktop,Organic Search,26,115,427.6,0.381,44,8,2,176.6,10,2,0,0.875,1,0.0769,0.25,4.42,64.21,Deal Seekers,4,Engaged Non-Buyers
CUST-105549,2025-04-10,Netherlands,Mobile,Direct,3,12,110.9,0.552,2,0,0,0.0,77,0,0,0.084,1,0.0,0.0,4.0,29.85,One-time Visitors,3,Engaged Non-Buyers
CUST-105550,2025-03-08,Germany,Mobile,Organic Search,34,171,291.0,0.302,78,12,10,764.02,2,2,0,0.034,1,0.2941,0.8333,5.03,67.73,High Value Loyal,2,High Value Loyal Customers
CUST-105551,2025-05-07,United States,Desktop,Paid Search,17,112,420.1,0.172,63,3,0,0.0,30,2,1,0.427,1,0.0,0.0,6.59,81.67,Product Researchers,0,Product Researchers
CUST-105552,2025-04-02,United States,Tablet,Organic Search,11,99,289.2,0.202,63,2,1,84.13,39,5,0,0.354,1,0.0909,0.5,9.0,78.8,Product Researchers,0,Product Researchers
CUST-105553,2025-02-26,United States,Tablet,Organic Search,25,116,350.9,0.311,48,3,3,288.68,25,5,1,0.578,1,0.12,1.0,4.64,64.05,Deal Seekers,4,Engaged Non-Buyers
CUST-105554,2025-02-19,Germany,Desktop,Direct,13,96,317.6,0.295,52,0,4,290.37,42,2,1,0.655,0,0.3077,0.0,7.38,72.59,Deal Seekers,4,Engaged Non-Buyers
CUST-105555,2025-02-12,United States,Tablet,Paid Search,2,13,75.0,0.296,6,0,0,0.0,57,0,0,0.202,1,0.0,0.0,6.5,43.51,One-time Visitors,3,Engaged Non-Buyers
CUST-105556,2025-01-26,India,Mobile,Organic Search,1,10,101.0,0.755,6,0,0,0.0,124,0,0,0.293,1,0.0,0.0,10.0,38.02,One-time Visitors,1,Low Engagement / At-Risk Visitors
CUST-105557,2025-05-18,Netherlands,Mobile,Direct,18,97,440.0,0.135,39,3,0,0.0,19,1,1,0.176,0,0.0,0.0,5.39,72.46,Engaged Non-Buyers,0,Product Researchers
CUST-105558,2025-03-23,Germany,Mobile,Referral,27,134,403.3,0.33,66,13,13,1548.97,13,3,2,0.332,1,0.4815,1.0,4.96,72.42,High Value Loyal,2,High Value Loyal Customers
CUST-105559,2025-06-09,Germany,Desktop,Paid Search,33,195,567.0,0.041,82,10,7,960.31,9,0,0,0.212,1,0.2121,0.7,5.91,90.78,High Value Loyal,2,High Value Loyal Customers
CUST-105560,2025-06-24,United Kingdom,Mobile,Paid Search,21,130,578.4,0.222,61,15,5,643.57,2,0,0,0.329,1,0.2381,0.3333,6.19,86.49,High Value Loyal,2,High Value Loyal Customers
CUST-105561,2025-03-19,United Kingdom,Desktop,Organic Search,12,81,428.5,0.063,45,7,0,0.0,59,3,0,0.368,1,0.0,0.0,6.75,79.78,Engaged Non-Buyers,0,Product Researchers
CUST-105562,2025-05-07,United States,Mobile,Referral,2,9,70.8,0.868,5,0,1,37.43,55,1,0,0.12,0,0.5,0.0,4.5,22.43,One-time Visitors,3,Engaged Non-Buyers
CUST-105563,2025-05-02,United Kingdom,Desktop,Organic Search,22,132,325.6,0.426,52,2,3,214.3,20,2,0,0.956,1,0.1364,1.0,6.0,65.37,Deal Seekers,4,Engaged Non-Buyers
CUST-105564,2025-05-27,Netherlands,Mobile,Paid Social,15,94,385.9,0.092,56,2,0,0.0,47,2,0,0.326,1,0.0,0.0,6.27,78.8,Product Researchers,0,Product Researchers
CUST-105565,2025-01-30,India,Mobile,Referral,25,116,319.4,0.433,41,10,2,136.71,29,3,0,0.763,1,0.08,0.2,4.64,57.25,Deal Seekers,4,Engaged Non-Buyers
CUST-105566,2025-04-14,France,Mobile,Paid Social,19,107,232.3,0.125,43,5,4,175.61,44,3,0,0.907,1,0.2105,0.8,5.63,64.33,Deal Seekers,4,Engaged Non-Buyers
CUST-105567,2025-06-03,Germany,Mobile,Email,6,25,107.5,0.817,2,0,0,0.0,134,0,0,0.221,0,0.0,0.0,4.17,23.59,One-time Visitors,3,Engaged Non-Buyers
CUST-105568,2025-06-17,Australia,Tablet,Organic Search,9,84,360.4,0.38,60,0,1,76.21,12,2,2,0.473,1,0.1111,0.0,9.33,76.98,Product Researchers,0,Product Researchers
CUST-105569,2025-02-20,United Kingdom,Desktop,Organic Search,1,13,86.4,0.749,8,0,0,0.0,130,0,0,0.445,1,0.0,0.0,13.0,38.05,One-time Visitors,1,Low Engagement / At-Risk Visitors
CUST-105570,2025-05-08,Netherlands,Mobile,Display,17,106,698.5,0.269,49,2,0,0.0,16,2,0,0.41,1,0.0,0.0,6.24,82.83,Product Researchers,0,Product Researchers
CUST-105571,2025-05-04,United Kingdom,Desktop,Organic Search,25,99,442.0,0.257,32,1,1,59.72,39,1,0,0.086,1,0.04,1.0,3.96,62.89,Engaged Non-Buyers,4,Engaged Non-Buyers
CUST-105572,2025-03-09,United Kingdom,Mobile,Paid Search,24,111,309.5,0.44,47,1,1,40.2,27,3,0,0.402,1,0.0417,1.0,4.62,58.39,Engaged Non-Buyers,4,Engaged Non-Buyers
CUST-105573,2025-05-15,United Kingdom,Desktop,Referral,10,78,662.0,0.25,48,2,0,0.0,58,1,0,0.025,1,0.0,0.0,7.8,87.9,Engaged Non-Buyers,0,Product Researchers
CUST-105574,2025-06-02,Netherlands,Tablet,Paid Search,13,88,529.9,0.37,50,1,0,0.0,26,1,0,0.696,0,0.0,0.0,6.77,78.8,Product Researchers,0,Product Researchers
CUST-105575,2025-02-05,Australia,Mobile,Direct,24,127,423.8,0.13,52,4,0,0.0,50,1,0,0.258,1,0.0,0.0,5.29,75.49,Engaged Non-Buyers,0,Product Researchers
CUST-105576,2025-05-26,United Kingdom,Mobile,Direct,16,105,291.2,0.341,60,0,1,96.0,69,1,1,0.295,0,0.0625,0.0,6.56,70.01,Product Researchers,0,Product Researchers
CUST-105577,2025-01-06,United Kingdom,Mobile,Paid Search,1,7,98.1,0.669,5,0,0,0.0,128,0,0,0.331,0,0.0,0.0,7.0,36.58,One-time Visitors,1,Low Engagement / At-Risk Visitors
CUST-105578,2025-03-14,India,Desktop,Email,29,159,610.4,0.026,71,15,7,494.7,7,3,1,0.561,1,0.2414,0.4667,5.48,91.49,High Value Loyal,2,High Value Loyal Customers
CUST-105579,2025-05-15,United States,Mobile,Direct,20,99,582.8,0.064,41,4,0,0.0,13,1,0,0.348,1,0.0,0.0,4.95,80.61,Engaged Non-Buyers,0,Product Researchers
CUST-105580,2025-03-25,United States,Mobile,Referral,4,24,87.4,0.88,10,0,0,0.0,48,0,0,0.616,0,0.0,0.0,6.0,29.2,One-time Visitors,3,Engaged Non-Buyers
CUST-105581,2025-02-05,France,Desktop,Direct,3,21,116.2,0.604,5,0,0,0.0,178,0,0,0.285,0,0.0,0.0,7.0,39.13,One-time Visitors,1,Low Engagement / At-Risk Visitors
CUST-105582,2025-02-28,United States,Mobile,Paid Search,34,163,691.6,0.125,64,16,4,772.24,10,3,0,0.175,1,0.1176,0.25,4.79,86.56,High Value Loyal,2,High Value Loyal Customers
CUST-105583,2025-04-07,United Kingdom,Mobile,Paid Social,25,130,529.1,0.19,58,9,3,341.69,13,0,2,0.184,1,0.12,0.3333,5.2,80.79,High Value Loyal,2,High Value Loyal Customers
CUST-105584,2025-01-23,Australia,Desktop,Direct,28,147,596.5,0.208,58,12,5,385.98,8,1,0,0.304,1,0.1786,0.4167,5.25,83.87,High Value Loyal,2,High Value Loyal Customers
CUST-105585,2025-03-11,Germany,Mobile,Paid Search,1,10,87.3,0.639,7,1,0,0.0,150,0,0,0.276,1,0.0,0.0,10.0,40.54,One-time Visitors,1,Low Engagement / At-Risk Visitors
CUST-105586,2025-06-23,Germany,Mobile,Organic Search,14,88,577.4,0.27,50,4,0,0.0,55,3,0,0.445,0,0.0,0.0,6.29,82.14,Engaged Non-Buyers,0,Product Researchers
CUST-105587,2025-04-09,Canada,Desktop,Organic Search,3,18,101.4,0.65,11,0,0,0.0,105,0,0,0.367,0,0.0,0.0,6.0,35.95,One-time Visitors,3,Engaged Non-Buyers
CUST-105588,2025-05-27,India,Desktop,Email,2,8,88.9,0.903,4,1,0,0.0,154,0,0,0.141,1,0.0,0.0,4.0,20.59,One-time Visitors,3,Engaged Non-Buyers
CUST-105589,2025-01-05,United Kingdom,Mobile,Paid Search,17,83,631.9,0.15,33,3,0,0.0,61,2,1,0.528,0,0.0,0.0,4.88,76.66,Engaged Non-Buyers,0,Product Researchers
CUST-105590,2025-02-23,Australia,Desktop,Direct,14,86,478.3,0.309,48,4,0,0.0,46,1,0,0.397,1,0.0,0.0,6.14,75.17,Engaged Non-Buyers,0,Product Researchers
CUST-105591,2025-01-04,United Kingdom,Tablet,Direct,18,79,505.2,0.208,34,3,1,84.25,73,1,2,0.175,1,0.0556,0.3333,4.39,69.23,Product Researchers,0,Product Researchers
CUST-105592,2025-03-04,United Kingdom,Desktop,Paid Social,18,100,419.1,0.342,49,2,0,0.0,73,2,1,0.51,0,0.0,0.0,5.56,69.85,Product Researchers,0,Product Researchers
CUST-105593,2025-04-07,United Kingdom,Desktop,Paid Search,22,118,579.6,0.059,61,12,5,523.13,12,2,0,0.548,1,0.2273,0.4167,5.36,88.03,High Value Loyal,2,High Value Loyal Customers
CUST-105594,2025-04-30,Canada,Mobile,Referral,12,88,349.7,0.622,53,6,0,0.0,25,2,3,0.709,0,0.0,0.0,7.33,66.17,Product Researchers,0,Product Researchers
CUST-105595,2025-06-28,United Kingdom,Desktop,Paid Search,15,96,411.5,0.069,38,8,3,163.92,7,1,2,0.195,1,0.2,0.375,6.4,75.55,Deal Seekers,4,Engaged Non-Buyers
CUST-105596,2025-02-01,Germany,Desktop,Direct,23,127,632.7,0.427,62,11,5,396.41,2,3,0,0.276,1,0.2174,0.4545,5.52,80.65,High Value Loyal,2,High Value Loyal Customers
CUST-105597,2025-04-29,India,Mobile,Direct,30,158,455.2,0.3,55,11,5,388.05,1,4,2,0.249,1,0.1667,0.4545,5.27,73.64,High Value Loyal,2,High Value Loyal Customers
CUST-105598,2025-01-05,France,Mobile,Referral,17,97,417.8,0.442,40,3,1,88.98,12,2,0,0.808,0,0.0588,0.3333,5.71,64.98,Deal Seekers,4,Engaged Non-Buyers
CUST-105599,2025-06-09,India,Desktop,Referral,13,82,338.6,0.303,46,1,0,0.0,72,2,3,0.452,1,0.0,0.0,6.31,68.23,Product Researchers,0,Product Researchers
CUST-105600,2025-01-02,United Kingdom,Mobile,Organic Search,3,15,131.7,0.799,8,0,0,0.0,145,0,0,0.158,1,0.0,0.0,5.0,29.7,One-time Visitors,3,Engaged Non-Buyers
CUST-105601,2025-05-12,United States,Mobile,Email,16,89,476.5,0.376,47,6,0,0.0,3,1,1,0.823,1,0.0,0.0,5.56,71.28,Deal Seekers,0,Product Researchers
CUST-105602,2025-03-06,India,Mobile,Organic Search,4,15,102.6,0.539,6,0,0,0.0,104,0,0,0.323,0,0.0,0.0,3.75,30.23,One-time Visitors,3,Engaged Non-Buyers
CUST-105603,2025-05-26,United Kingdom,Mobile,Referral,3,8,114.6,0.729,3,0,1,57.37,132,0,0,0.21,0,0.3333,0.0,2.67,21.77,One-time Visitors,3,Engaged Non-Buyers
CUST-105604,2025-03-23,Canada,Mobile,Paid Social,5,12,49.5,0.472,4,0,0,0.0,169,0,0,0.392,0,0.0,0.0,2.4,24.4,One-time Visitors,3,Engaged Non-Buyers
CUST-105605,2025-03-15,Australia,Mobile,Organic Search,2,14,111.3,0.81,7,0,0,0.0,50,0,0,0.27,0,0.0,0.0,7.0,34.35,One-time Visitors,1,Low Engagement / At-Risk Visitors
CUST-105606,2025-02-28,India,Mobile,Paid Social,16,87,308.5,0.25,38,7,2,79.17,44,2,2,0.574,1,0.125,0.2857,5.44,62.87,Deal Seekers,4,Engaged Non-Buyers
CUST-105607,2025-06-17,United States,Mobile,Paid Search,23,103,415.3,0.411,43,2,0,0.0,39,0,2,0.121,1,0.0,0.0,4.48,62.72,Engaged Non-Buyers,0,Product Researchers
CUST-105608,2025-04-01,United States,Mobile,Paid Social,35,160,531.1,0.171,58,7,5,600.98,11,1,1,0.753,1,0.1429,0.7143,4.57,79.41,High Value Loyal,2,High Value Loyal Customers
CUST-105609,2025-02-18,United States,Mobile,Organic Search,30,147,609.8,0.08,62,6,6,517.85,6,3,0,0.381,1,0.2,1.0,4.9,87.38,High Value Loyal,2,High Value Loyal Customers
CUST-105610,2025-05-26,United Kingdom,Mobile,Display,6,27,46.3,0.87,5,0,0,0.0,81,0,0,0.041,0,0.0,0.0,4.5,21.16,One-time Visitors,3,Engaged Non-Buyers
CUST-105611,2025-05-09,India,Mobile,Email,14,95,458.0,0.091,44,4,0,0.0,40,3,0,0.162,0,0.0,0.0,6.79,80.37,Engaged Non-Buyers,0,Product Researchers
CUST-105612,2025-02-01,United States,Mobile,Referral,22,116,273.5,0.639,49,3,1,71.5,7,2,1,0.808,1,0.0455,0.3333,5.27,54.26,Deal Seekers,4,Engaged Non-Buyers
CUST-105613,2025-02-03,United States,Mobile,Organic Search,5,23,54.4,0.796,9,0,0,0.0,136,0,0,0.3,1,0.0,0.0,4.6,24.95,One-time Visitors,3,Engaged Non-Buyers
CUST-105614,2025-06-04,United Kingdom,Mobile,Paid Search,16,95,632.1,0.103,48,1,0,0.0,19,2,0,0.304,1,0.0,0.0,5.94,85.75,Engaged Non-Buyers,0,Product Researchers
CUST-105615,2025-06-21,United Kingdom,Mobile,Direct,19,120,372.2,0.511,56,1,2,160.19,70,2,1,0.294,1,0.1053,1.0,6.32,67.79,Product Researchers,4,Engaged Non-Buyers
CUST-105616,2025-01-02,United Kingdom,Mobile,Direct,20,127,549.0,0.317,58,0,1,85.26,15,0,0,0.425,1,0.05,0.0,6.35,82.21,Product Researchers,0,Product Researchers
CUST-105617,2025-02-20,Canada,Mobile,Direct,25,119,475.3,0.276,40,3,0,0.0,39,3,0,0.509,1,0.0,0.0,4.76,69.05,Engaged Non-Buyers,0,Product Researchers
CUST-105618,2025-03-12,United Kingdom,Mobile,Referral,20,97,333.2,0.512,42,4,0,0.0,23,3,4,0.267,1,0.0,0.0,4.85,56.95,Engaged Non-Buyers,0,Product Researchers
CUST-105619,2025-05-22,United Kingdom,Mobile,Organic Search,14,101,542.3,0.512,59,1,0,0.0,13,2,1,0.375,1,0.0,0.0,7.21,80.01,Product Researchers,0,Product Researchers
CUST-105620,2025-02-28,United Kingdom,Mobile,Paid Search,34,150,621.8,0.063,55,9,8,896.66,12,3,0,0.781,1,0.2353,0.8889,4.41,84.14,High Value Loyal,2,High Value Loyal Customers
CUST-105621,2025-01-03,Germany,Desktop,Paid Search,13,84,240.2,0.303,47,4,0,0.0,14,3,0,0.296,1,0.0,0.0,6.46,64.1,Product Researchers,0,Product Researchers
CUST-105622,2025-05-27,United Kingdom,Mobile,Paid Search,12,79,489.0,0.254,53,3,0,0.0,40,0,2,0.484,1,0.0,0.0,6.58,79.98,Product Researchers,0,Product Researchers
CUST-105623,2025-02-11,France,Mobile,Paid Social,21,112,691.0,0.233,45,4,0,0.0,25,1,0,0.412,1,0.0,0.0,5.33,79.69,Engaged Non-Buyers,0,Product Researchers
CUST-105624,2025-06-17,United States,Mobile,Direct,23,108,444.0,0.214,46,12,5,381.62,44,0,0,0.563,1,0.2174,0.4167,4.7,70.69,Deal Seekers,2,High Value Loyal Customers
CUST-105625,2025-05-18,France,Mobile,Organic Search,17,101,507.1,0.23,46,4,0,0.0,44,0,1,0.3,1,0.0,0.0,5.94,77.32,Product Researchers,0,Product Researchers
CUST-105626,2025-06-05,United Kingdom,Desktop,Email,4,21,57.6,0.827,4,1,0,0.0,132,1,0,0.229,0,0.0,0.0,5.25,24.84,One-time Visitors,3,Engaged Non-Buyers
CUST-105627,2025-05-17,India,Desktop,Direct,18,90,559.2,0.445,45,2,0,0.0,20,0,0,0.248,1,0.0,0.0,5.0,71.31,Engaged Non-Buyers,0,Product Researchers
CUST-105628,2025-01-17,Canada,Mobile,Paid Search,15,99,452.1,0.147,46,1,0,0.0,24,1,3,0.504,1,0.0,0.0,6.6,78.72,Product Researchers,0,Product Researchers
CUST-105629,2025-05-18,India,Mobile,Email,13,100,401.5,0.433,56,0,0,0.0,73,1,1,0.376,1,0.0,0.0,7.69,75.51,Product Researchers,0,Product Researchers
CUST-105630,2025-01-26,United Kingdom,Mobile,Paid Search,18,106,262.7,0.201,55,3,1,67.83,20,1,0,0.471,1,0.0556,0.3333,5.89,68.44,Product Researchers,4,Engaged Non-Buyers
CUST-105631,2025-03-10,United States,Desktop,Direct,16,92,437.9,0.223,47,1,1,84.41,58,1,1,0.263,1,0.0625,1.0,5.75,73.74,Product Researchers,4,Engaged Non-Buyers
CUST-105632,2025-06-16,United Kingdom,Mobile,Paid Search,19,102,630.1,0.18,45,1,0,0.0,45,2,0,0.312,1,0.0,0.0,5.37,81.12,Engaged Non-Buyers,0,Product Researchers
CUST-105633,2025-06-05,United Kingdom,Mobile,Paid Social,22,95,309.9,0.19,42,6,3,203.63,25,0,0,0.95,0,0.1364,0.5,4.32,62.16,Deal Seekers,4,Engaged Non-Buyers
CUST-105634,2025-05-08,United Kingdom,Mobile,Referral,28,106,408.1,0.119,42,1,0,0.0,34,1,2,0.321,1,0.0,0.0,3.79,67.18,Engaged Non-Buyers,0,Product Researchers
CUST-105635,2025-04-01,Australia,Desktop,Paid Social,24,126,456.7,0.279,40,2,0,0.0,34,3,0,0.058,1,0.0,0.0,5.25,69.59,Engaged Non-Buyers,0,Product Researchers
CUST-105636,2025-01-16,United Kingdom,Mobile,Email,21,103,334.9,0.223,40,5,1,57.93,29,1,1,0.611,1,0.0476,0.2,4.9,63.81,Deal Seekers,4,Engaged Non-Buyers
CUST-105637,2025-02-05,United Kingdom,Desktop,Direct,37,189,551.2,0.36,69,14,7,876.09,11,1,2,0.362,1,0.1892,0.5,5.11,79.52,High Value Loyal,2,High Value Loyal Customers
CUST-105638,2025-02-02,United States,Desktop,Organic Search,32,186,412.0,0.345,67,8,9,1019.88,3,0,2,0.16,1,0.2812,1.0,5.81,75.14,High Value Loyal,2,High Value Loyal Customers
CUST-105639,2025-02-09,United Kingdom,Desktop,Direct,17,98,596.6,0.364,46,6,0,0.0,10,2,2,0.047,1,0.0,0.0,5.76,77.9,Engaged Non-Buyers,0,Product Researchers
CUST-105640,2025-06-05,France,Desktop,Paid Social,29,171,399.1,0.045,75,11,2,207.74,2,2,1,0.471,1,0.069,0.1818,5.9,82.25,High Value Loyal,2,High Value Loyal Customers
CUST-105641,2025-02-21,France,Mobile,Direct,17,98,506.9,0.51,43,6,2,93.3,23,2,1,0.449,1,0.1176,0.3333,5.76,68.83,Deal Seekers,4,Engaged Non-Buyers
CUST-105642,2025-01-27,United Kingdom,Mobile,Referral,2,13,76.3,0.755,4,0,0,0.0,63,1,0,0.279,0,0.0,0.0,6.5,31.47,One-time Visitors,3,Engaged Non-Buyers
CUST-105643,2025-04-30,United Kingdom,Mobile,Organic Search,18,93,453.0,0.357,39,6,0,0.0,9,2,0,0.507,0,0.0,0.0,5.17,66.87,Engaged Non-Buyers,0,Product Researchers
CUST-105644,2025-05-14,United Kingdom,Tablet,Email,28,157,433.3,0.111,57,6,9,703.57,9,1,1,0.103,1,0.3214,1.0,5.61,78.95,High Value Loyal,2,High Value Loyal Customers
CUST-105645,2025-03-16,India,Mobile,Paid Social,17,114,288.5,0.398,54,0,1,76.67,62,3,0,0.39,1,0.0588,0.0,6.71,67.05,Product Researchers,0,Product Researchers
CUST-105646,2025-03-09,United Kingdom,Desktop,Organic Search,2,11,87.3,0.701,3,1,0,0.0,84,0,0,0.327,0,0.0,0.0,5.5,29.96,One-time Visitors,3,Engaged Non-Buyers
CUST-105647,2025-04-13,United States,Desktop,Direct,5,24,115.4,0.904,3,0,0,0.0,53,0,0,0.076,0,0.0,0.0,4.8,24.09,One-time Visitors,3,Engaged Non-Buyers
CUST-105648,2025-05-16,United States,Tablet,Paid Social,17,100,483.5,0.193,55,3,0,0.0,59,3,1,0.166,1,0.0,0.0,5.88,79.66,Product Researchers,0,Product Researchers
CUST-105649,2025-01-20,United Kingdom,Desktop,Paid Search,14,108,368.6,0.428,55,2,1,98.66,54,1,1,0.467,1,0.0714,0.5,7.71,73.75,Product Researchers,0,Product Researchers
CUST-105650,2025-04-11,United States,Mobile,Organic Search,22,103,462.5,0.126,40,1,0,0.0,34,1,0,0.602,0,0.0,0.0,4.68,71.91,Engaged Non-Buyers,0,Product Researchers
CUST-105651,2025-05-22,United Kingdom,Mobile,Paid Search,25,105,586.0,0.235,40,5,1,60.7,43,2,0,0.175,1,0.04,0.2,4.2,73.85,Engaged Non-Buyers,0,Product Researchers
CUST-105652,2025-05-13,France,Mobile,Referral,18,99,415.2,0.196,42,0,2,164.28,33,1,0,0.25,1,0.1111,0.0,5.5,70.98,Product Researchers,0,Product Researchers
CUST-105653,2025-03-19,United Kingdom,Tablet,Direct,4,16,122.2,0.811,7,0,0,0.0,83,0,0,0.161,0,0.0,0.0,4.0,25.49,One-time Visitors,3,Engaged Non-Buyers
CUST-105654,2025-05-20,United Kingdom,Mobile,Direct,5,24,92.4,0.773,6,0,0,0.0,77,0,0,0.054,0,0.0,0.0,4.8,27.15,One-time Visitors,3,Engaged Non-Buyers
CUST-105655,2025-05-15,United Kingdom,Mobile,Display,15,95,418.4,0.33,52,0,0,0.0,68,2,0,0.241,1,0.0,0.0,6.33,73.46,Product Researchers,0,Product Researchers
CUST-105656,2025-01-08,India,Desktop,Organic Search,13,96,419.0,0.465,51,2,1,96.17,21,1,1,0.54,1,0.0769,0.5,7.38,73.08,Product Researchers,4,Engaged Non-Buyers
CUST-105657,2025-04-16,United Kingdom,Tablet,Organic Search,23,99,475.0,0.284,35,3,0,0.0,27,1,0,0.172,1,0.0,0.0,4.3,65.88,Engaged Non-Buyers,0,Product Researchers
CUST-105658,2025-01-10,United Kingdom,Mobile,Paid Social,2,10,82.9,0.869,4,0,0,0.0,95,0,0,0.351,0,0.0,0.0,5.0,24.28,One-time Visitors,3,Engaged Non-Buyers
CUST-105659,2025-01-17,India,Mobile,Referral,3,14,130.8,0.543,4,1,0,0.0,87,1,1,0.241,0,0.0,0.0,4.67,33.79,One-time Visitors,3,Engaged Non-Buyers
CUST-105660,2025-04-06,United States,Mobile,Paid Social,2,9,57.1,0.806,5,0,0,0.0,74,0,0,0.185,1,0.0,0.0,4.5,23.3,One-time Visitors,3,Engaged Non-Buyers
CUST-105661,2025-05-16,United Kingdom,Mobile,Organic Search,26,120,598.8,0.122,59,10,7,915.66,9,3,1,0.494,1,0.2692,0.7,4.62,84.46,High Value Loyal,2,High Value Loyal Customers
CUST-105662,2025-03-09,United Kingdom,Mobile,Paid Search,11,92,333.7,0.185,51,1,0,0.0,48,0,2,0.342,1,0.0,0.0,8.36,77.75,Product Researchers,0,Product Researchers
CUST-105663,2025-05-07,United Kingdom,Desktop,Organic Search,20,111,430.7,0.378,41,0,1,60.47,31,0,1,0.133,0,0.05,0.0,5.55,67.06,Product Researchers,0,Product Researchers
CUST-105664,2025-04-03,United Kingdom,Desktop,Paid Search,34,176,503.4,0.04,72,12,7,887.64,3,1,4,0.268,1,0.2059,0.5833,5.18,85.34,High Value Loyal,2,High Value Loyal Customers
CUST-105665,2025-06-01,United Kingdom,Tablet,Direct,1,10,43.6,0.877,7,0,0,0.0,169,0,0,0.325,0,0.0,0.0,10.0,32.41,One-time Visitors,1,Low Engagement / At-Risk Visitors
CUST-105666,2025-06-09,United Kingdom,Mobile,Direct,1,5,89.1,0.768,4,0,1,62.7,166,0,0,0.431,0,1.0,0.0,5.0,27.1,One-time Visitors,3,Engaged Non-Buyers
CUST-105667,2025-01-18,Canada,Desktop,Paid Search,9,97,463.7,0.606,60,2,1,86.11,32,2,3,0.51,0,0.1111,0.5,10.78,76.5,Product Researchers,0,Product Researchers
CUST-105668,2025-01-06,United Kingdom,Mobile,Paid Social,6,20,85.5,0.884,3,1,0,0.0,66,0,0,0.062,0,0.0,0.0,3.33,18.52,One-time Visitors,3,Engaged Non-Buyers
CUST-105669,2025-03-25,United States,Mobile,Paid Search,14,74,365.4,0.135,33,7,1,42.73,35,3,0,0.934,1,0.0714,0.1429,5.29,66.58,Deal Seekers,4,Engaged Non-Buyers
CUST-105670,2025-01-08,United Kingdom,Desktop,Direct,3,13,40.6,0.693,5,0,0,0.0,108,0,0,0.054,1,0.0,0.0,4.33,24.79,One-time Visitors,3,Engaged Non-Buyers
CUST-105671,2025-03-01,Netherlands,Mobile,Direct,13,92,420.7,0.156,49,0,0,0.0,24,2,3,0.58,1,0.0,0.0,7.08,79.33,Product Researchers,0,Product Researchers
CUST-105672,2025-02-13,United Kingdom,Mobile,Organic Search,28,155,420.2,0.21,61,10,5,521.12,1,0,0,0.383,1,0.1786,0.5,5.54,76.83,High Value Loyal,2,High Value Loyal Customers
CUST-105673,2025-06-06,United States,Desktop,Paid Social,2,8,113.0,0.851,5,1,0,0.0,168,0,0,0.393,1,0.0,0.0,4.0,23.43,One-time Visitors,3,Engaged Non-Buyers
CUST-105674,2025-03-02,Netherlands,Desktop,Paid Social,18,105,302.2,0.218,59,3,0,0.0,65,2,4,0.675,1,0.0,0.0,5.83,71.03,Product Researchers,0,Product Researchers
CUST-105675,2025-05-12,France,Tablet,Organic Search,19,123,437.8,0.177,60,4,0,0.0,61,2,1,0.199,0,0.0,0.0,6.47,81.15,Product Researchers,0,Product Researchers
CUST-105676,2025-03-24,India,Desktop,Direct,15,92,340.7,0.125,41,8,2,121.19,44,4,1,0.896,1,0.1333,0.25,6.13,70.69,Deal Seekers,4,Engaged Non-Buyers
CUST-105677,2025-05-03,United States,Tablet,Organic Search,23,111,468.5,0.448,46,3,0,0.0,16,2,0,0.413,1,0.0,0.0,4.83,66.46,Engaged Non-Buyers,0,Product Researchers
CUST-105678,2025-06-25,United Kingdom,Desktop,Email,17,85,385.5,0.303,36,10,1,66.57,28,4,1,0.868,1,0.0588,0.1,5.0,63.41,Deal Seekers,4,Engaged Non-Buyers
CUST-105679,2025-03-28,United States,Mobile,Paid Search,14,86,476.2,0.504,51,5,1,91.62,14,0,1,0.186,1,0.0714,0.2,6.14,71.1,Product Researchers,0,Product Researchers
CUST-105680,2025-02-04,Germany,Mobile,Organic Search,26,137,540.0,0.065,55,13,6,917.88,10,1,0,0.199,1,0.2308,0.4615,5.27,83.75,High Value Loyal,2,High Value Loyal Customers
CUST-105681,2025-04-19,Netherlands,Mobile,Email,30,160,612.2,0.1,72,13,1,105.65,6,3,1,0.288,1,0.0333,0.0769,5.33,89.17,High Value Loyal,0,Product Researchers
CUST-105682,2025-06-03,Germany,Mobile,Organic Search,19,116,396.8,0.396,41,10,0,0.0,16,0,0,0.519,1,0.0,0.0,6.11,66.65,Deal Seekers,0,Product Researchers
CUST-105683,2025-03-28,France,Mobile,Email,16,94,292.0,0.385,42,2,1,70.05,25,1,0,0.192,0,0.0625,0.5,5.88,61.26,Engaged Non-Buyers,0,Product Researchers
CUST-105684,2025-05-27,United States,Desktop,Referral,16,87,213.1,0.234,38,7,2,98.22,7,1,1,0.829,1,0.125,0.2857,5.44,58.5,Deal Seekers,4,Engaged Non-Buyers
CUST-105685,2025-01-02,Australia,Mobile,Display,20,99,540.5,0.408,40,1,0,0.0,47,1,0,0.372,1,0.0,0.0,4.95,69.61,Engaged Non-Buyers,0,Product Researchers
CUST-105686,2025-04-14,United Kingdom,Tablet,Paid Search,8,79,509.9,0.304,57,4,1,76.08,43,1,1,0.662,1,0.125,0.25,9.88,85.44,Product Researchers,0,Product Researchers
CUST-105687,2025-03-16,Australia,Mobile,Email,14,95,424.5,0.312,44,3,0,0.0,43,1,0,0.326,0,0.0,0.0,6.79,73.16,Product Researchers,0,Product Researchers
CUST-105688,2025-04-09,United Kingdom,Mobile,Paid Search,23,118,459.7,0.357,36,4,4,239.18,28,1,0,0.866,1,0.1739,1.0,5.13,66.18,Deal Seekers,4,Engaged Non-Buyers
CUST-105689,2025-05-22,India,Mobile,Paid Social,17,112,510.8,0.275,48,3,0,0.0,13,0,0,0.709,1,0.0,0.0,6.59,79.03,Product Researchers,0,Product Researchers
CUST-105690,2025-01-06,United States,Desktop,Organic Search,19,96,211.7,0.352,35,7,3,229.91,13,1,0,0.718,1,0.1579,0.4286,5.05,53.34,Deal Seekers,4,Engaged Non-Buyers
CUST-105691,2025-05-26,France,Mobile,Direct,4,13,117.3,0.749,4,1,0,0.0,166,0,0,0.098,1,0.0,0.0,3.25,23.54,One-time Visitors,3,Engaged Non-Buyers
CUST-105692,2025-02-16,United Kingdom,Mobile,Paid Search,20,92,395.7,0.272,34,7,2,147.15,9,1,1,0.847,1,0.1,0.2857,4.6,62.81,Deal Seekers,4,Engaged Non-Buyers
CUST-105693,2025-05-06,United States,Mobile,Email,16,95,536.2,0.077,43,2,0,0.0,18,0,3,0.531,1,0.0,0.0,5.94,81.66,Engaged Non-Buyers,0,Product Researchers
CUST-105694,2025-05-23,United Kingdom,Desktop,Organic Search,22,135,653.3,0.172,68,13,3,358.1,3,4,3,0.297,1,0.1364,0.2308,6.14,89.87,High Value Loyal,2,High Value Loyal Customers
CUST-105695,2025-03-21,United Kingdom,Mobile,Organic Search,28,151,515.4,0.09,59,8,5,582.69,3,4,2,0.503,1,0.1786,0.625,5.39,83.53,High Value Loyal,2,High Value Loyal Customers
CUST-105696,2025-02-11,Netherlands,Desktop,Paid Search,18,104,470.2,0.153,52,2,0,0.0,54,3,1,0.282,1,0.0,0.0,5.78,78.73,Product Researchers,0,Product Researchers
CUST-105697,2025-02-18,United Kingdom,Mobile,Display,4,12,87.1,0.898,6,0,0,0.0,139,0,0,0.109,0,0.0,0.0,3.0,18.12,One-time Visitors,3,Engaged Non-Buyers
CUST-105698,2025-04-13,Germany,Mobile,Paid Search,28,135,543.4,0.042,58,12,3,362.76,14,2,0,0.259,1,0.1071,0.25,4.82,84.03,High Value Loyal,2,High Value Loyal Customers
CUST-105699,2025-05-27,Canada,Mobile,Organic Search,16,108,437.0,0.222,56,2,0,0.0,25,2,1,0.439,1,0.0,0.0,6.75,79.62,Product Researchers,0,Product Researchers
CUST-105700,2025-05-19,United Kingdom,Mobile,Direct,20,105,328.6,0.334,41,3,1,75.2,35,4,0,0.199,0,0.05,0.3333,5.25,62.11,Engaged Non-Buyers,0,Product Researchers
CUST-105701,2025-05-08,India,Mobile,Paid Search,2,9,41.5,0.902,6,0,1,46.51,63,0,0,0.223,0,0.5,0.0,4.5,20.44,One-time Visitors,3,Engaged Non-Buyers
CUST-105702,2025-05-26,Netherlands,Desktop,Direct,23,87,622.2,0.381,35,4,0,0.0,6,1,0,0.591,0,0.0,0.0,3.78,68.05,Engaged Non-Buyers,0,Product Researchers
CUST-105703,2025-05-10,United Kingdom,Mobile,Paid Social,16,97,373.6,0.349,48,4,0,0.0,44,0,0,0.388,1,0.0,0.0,6.06,68.67,Product Researchers,0,Product Researchers
CUST-105704,2025-01-17,Germany,Desktop,Paid Search,12,95,365.1,0.118,61,2,2,132.16,50,4,0,0.634,1,0.1667,1.0,7.92,83.8,Product Researchers,4,Engaged Non-Buyers
CUST-105705,2025-03-22,India,Mobile,Paid Search,27,160,526.6,0.155,65,13,3,278.74,1,3,1,0.254,1,0.1111,0.2308,5.93,85.97,High Value Loyal,2,High Value Loyal Customers
CUST-105706,2025-03-19,Germany,Mobile,Email,16,94,318.6,0.255,39,9,1,76.85,35,5,2,0.864,1,0.0625,0.1111,5.88,64.91,Deal Seekers,4,Engaged Non-Buyers
CUST-105707,2025-04-28,Canada,Desktop,Paid Social,19,104,352.6,0.165,41,4,0,0.0,29,2,0,0.409,1,0.0,0.0,5.47,68.22,Engaged Non-Buyers,0,Product Researchers
CUST-105708,2025-06-29,United Kingdom,Mobile,Paid Search,2,17,112.6,0.653,11,0,0,0.0,62,0,0,0.48,1,0.0,0.0,8.5,42.69,One-time Visitors,1,Low Engagement / At-Risk Visitors
CUST-105709,2025-03-24,India,Tablet,Organic Search,1,11,20.0,0.892,4,0,0,0.0,94,0,0,0.176,0,0.0,0.0,11.0,29.92,One-time Visitors,1,Low Engagement / At-Risk Visitors
CUST-105710,2025-01-21,Canada,Desktop,Organic Search,25,110,332.2,0.155,36,4,1,51.1,17,2,1,0.962,0,0.04,0.25,4.4,62.57,Deal Seekers,4,Engaged Non-Buyers
CUST-105711,2025-02-13,France,Desktop,Direct,17,93,392.5,0.367,37,7,1,65.09,8,3,2,0.686,0,0.0588,0.1429,5.47,63.92,Deal Seekers,4,Engaged Non-Buyers
CUST-105712,2025-01-05,United States,Mobile,Email,28,152,560.4,0.188,72,15,8,776.09,10,0,1,0.273,1,0.2857,0.5333,5.43,85.28,High Value Loyal,2,High Value Loyal Customers
CUST-105713,2025-05-15,France,Desktop,Organic Search,12,90,489.7,0.321,59,5,0,0.0,10,5,2,0.457,1,0.0,0.0,7.5,83.05,Product Researchers,0,Product Researchers
CUST-105714,2025-01-18,Netherlands,Mobile,Direct,13,82,343.8,0.293,42,8,2,122.91,11,2,0,0.981,1,0.1538,0.25,6.31,67.51,Deal Seekers,4,Engaged Non-Buyers
CUST-105715,2025-01-05,United Kingdom,Mobile,Paid Search,17,92,370.2,0.075,49,2,0,0.0,71,2,0,0.465,1,0.0,0.0,5.41,73.61,Product Researchers,0,Product Researchers
CUST-105716,2025-05-21,India,Mobile,Organic Search,4,18,101.7,0.52,8,1,0,0.0,70,0,0,0.414,0,0.0,0.0,4.5,33.6,One-time Visitors,3,Engaged Non-Buyers
CUST-105717,2025-06-23,United States,Mobile,Paid Social,15,87,767.8,0.219,42,4,2,114.13,36,6,0,0.068,1,0.1333,0.5,5.8,80.58,Engaged Non-Buyers,0,Product Researchers
CUST-105718,2025-03-18,India,Mobile,Organic Search,21,95,565.0,0.339,31,4,1,74.31,37,1,0,0.549,0,0.0476,0.25,4.52,68.45,Engaged Non-Buyers,0,Product Researchers
CUST-105719,2025-02-15,United Kingdom,Desktop,Paid Social,2,16,26.6,0.885,7,1,0,0.0,153,0,0,0.118,0,0.0,0.0,8.0,31.36,One-time Visitors,1,Low Engagement / At-Risk Visitors
CUST-105720,2025-03-25,India,Desktop,Paid Social,24,117,422.0,0.275,63,15,8,779.3,9,0,1,0.138,1,0.3333,0.5333,4.88,73.84,High Value Loyal,2,High Value Loyal Customers
CUST-105721,2025-05-21,India,Mobile,Organic Search,5,23,105.5,0.724,8,0,0,0.0,80,0,0,0.298,0,0.0,0.0,4.6,29.01,One-time Visitors,3,Engaged Non-Buyers
CUST-105722,2025-04-23,United Kingdom,Tablet,Organic Search,17,100,398.6,0.077,57,3,0,0.0,33,3,2,0.402,1,0.0,0.0,5.88,78.92,Product Researchers,0,Product Researchers
CUST-105723,2025-01-17,France,Mobile,Paid Social,11,104,410.7,0.438,74,4,0,0.0,24,4,2,0.903,1,0.0,0.0,9.45,79.58,Product Researchers,0,Product Researchers
CUST-105724,2025-02-05,United Kingdom,Mobile,Organic Search,17,76,418.7,0.222,43,2,2,80.88,11,5,0,0.251,1,0.1176,1.0,4.47,67.6,Engaged Non-Buyers,4,Engaged Non-Buyers
CUST-105725,2025-06-14,India,Mobile,Paid Search,24,108,445.1,0.184,38,10,2,154.29,28,1,2,0.768,0,0.0833,0.2,4.5,68.41,Deal Seekers,4,Engaged Non-Buyers
CUST-105726,2025-01-15,Australia,Mobile,Organic Search,3,15,38.5,0.816,9,0,0,0.0,78,0,0,0.465,0,0.0,0.0,5.0,24.92,One-time Visitors,3,Engaged Non-Buyers
CUST-105727,2025-02-19,United States,Mobile,Organic Search,3,10,137.9,0.564,4,1,0,0.0,132,0,0,0.291,0,0.0,0.0,3.33,29.43,One-time Visitors,3,Engaged Non-Buyers
CUST-105728,2025-04-17,United States,Tablet,Organic Search,14,88,274.5,0.333,53,2,1,78.98,34,1,3,0.179,1,0.0714,0.5,6.29,66.36,Product Researchers,0,Product Researchers
CUST-105729,2025-03-23,Netherlands,Desktop,Organic Search,12,89,378.1,0.296,49,0,0,0.0,31,3,0,0.278,0,0.0,0.0,7.42,74.76,Product Researchers,0,Product Researchers
CUST-105730,2025-04-29,United Kingdom,Mobile,Organic Search,3,13,87.9,0.793,5,0,0,0.0,90,0,0,0.289,0,0.0,0.0,4.33,24.64,One-time Visitors,3,Engaged Non-Buyers
CUST-105731,2025-05-29,United States,Desktop,Direct,13,77,416.4,0.318,42,9,2,136.49,15,4,1,0.905,1,0.1538,0.2222,5.92,69.31,Deal Seekers,4,Engaged Non-Buyers
CUST-105732,2025-05-14,United Kingdom,Desktop,Organic Search,17,109,380.6,0.37,47,2,0,0.0,52,2,2,0.378,0,0.0,0.0,6.41,69.28,Product Researchers,0,Product Researchers
CUST-105733,2025-02-26,France,Mobile,Referral,2,15,122.1,0.685,6,0,1,61.57,83,0,0,0.26,0,0.5,0.0,7.5,39.26,One-time Visitors,1,Low Engagement / At-Risk Visitors
CUST-105734,2025-03-03,Australia,Mobile,Paid Search,2,12,104.0,0.914,6,0,0,0.0,142,0,0,0.178,1,0.0,0.0,6.0,27.96,One-time Visitors,3,Engaged Non-Buyers
CUST-105735,2025-04-24,United States,Desktop,Organic Search,1,9,112.3,0.75,7,0,0,0.0,87,0,0,0.404,0,0.0,0.0,9.0,39.01,One-time Visitors,1,Low Engagement / At-Risk Visitors
CUST-105736,2025-04-01,Netherlands,Desktop,Paid Social,16,106,293.7,0.341,55,4,0,0.0,67,2,2,0.299,0,0.0,0.0,6.62,68.78,Product Researchers,0,Product Researchers
CUST-105737,2025-01-10,United Kingdom,Desktop,Paid Search,23,121,319.2,0.273,46,4,3,246.26,22,2,2,0.881,1,0.1304,0.75,5.26,64.72,Deal Seekers,4,Engaged Non-Buyers
CUST-105738,2025-02-06,Canada,Desktop,Organic Search,13,100,385.1,0.286,58,2,0,0.0,17,4,0,0.46,1,0.0,0.0,7.69,79.0,Product Researchers,0,Product Researchers
CUST-105739,2025-01-29,United States,Mobile,Email,22,104,460.6,0.698,44,2,0,0.0,30,0,1,0.049,1,0.0,0.0,4.73,58.89,Engaged Non-Buyers,0,Product Researchers
CUST-105740,2025-03-08,Germany,Tablet,Email,17,103,492.2,0.363,55,1,0,0.0,69,2,0,0.713,0,0.0,0.0,6.06,76.4,Product Researchers,0,Product Researchers
CUST-105741,2025-01-12,Netherlands,Mobile,Paid Search,1,8,106.7,0.646,4,1,0,0.0,62,0,0,0.063,0,0.0,0.0,8.0,40.42,One-time Visitors,1,Low Engagement / At-Risk Visitors
CUST-105742,2025-05-16,India,Desktop,Paid Search,19,99,430.6,0.519,39,6,1,36.43,33,5,1,0.825,1,0.0526,0.1667,5.21,61.82,Deal Seekers,4,Engaged Non-Buyers
CUST-105743,2025-04-02,United Kingdom,Desktop,Display,3,11,124.4,0.741,5,0,0,0.0,114,0,0,0.262,0,0.0,0.0,3.67,25.7,One-time Visitors,3,Engaged Non-Buyers
CUST-105744,2025-01-11,United Kingdom,Desktop,Paid Search,20,107,504.1,0.559,42,3,0,0.0,18,3,0,0.268,1,0.0,0.0,5.35,65.87,Engaged Non-Buyers,0,Product Researchers
CUST-105745,2025-05-02,United Kingdom,Mobile,Direct,24,123,597.2,0.153,49,1,1,29.53,28,0,1,0.388,1,0.0417,1.0,5.12,82.12,Engaged Non-Buyers,4,Engaged Non-Buyers
CUST-105746,2025-06-06,Canada,Mobile,Paid Search,15,101,435.4,0.066,55,2,0,0.0,64,1,0,0.658,1,0.0,0.0,6.73,83.1,Product Researchers,0,Product Researchers
CUST-105747,2025-04-28,India,Mobile,Paid Social,10,80,338.3,0.516,44,7,1,53.24,11,3,0,0.757,1,0.1,0.1429,8.0,67.56,Deal Seekers,4,Engaged Non-Buyers
CUST-105748,2025-05-17,Canada,Desktop,Email,1,7,69.3,0.699,6,1,0,0.0,146,1,0,0.128,0,0.0,0.0,7.0,34.72,One-time Visitors,1,Low Engagement / At-Risk Visitors
CUST-105749,2025-03-15,India,Mobile,Organic Search,21,134,316.7,0.437,64,2,1,73.99,22,1,0,0.148,0,0.0476,0.5,6.38,69.55,Product Researchers,0,Product Researchers
CUST-105750,2025-03-08,United States,Mobile,Paid Social,12,88,403.4,0.135,43,7,1,29.69,38,6,0,0.968,1,0.0833,0.1429,7.33,77.94,Deal Seekers,4,Engaged Non-Buyers
CUST-105751,2025-05-02,India,Mobile,Paid Social,29,166,563.5,0.228,77,12,5,438.75,14,2,0,0.317,1,0.1724,0.4167,5.72,85.35,High Value Loyal,2,High Value Loyal Customers
CUST-105752,2025-04-03,Canada,Mobile,Paid Social,21,127,475.2,0.299,47,4,0,0.0,40,5,2,0.553,1,0.0,0.0,6.05,74.65,Engaged Non-Buyers,0,Product Researchers
CUST-105753,2025-04-29,United Kingdom,Mobile,Paid Social,3,15,90.4,0.616,6,0,0,0.0,48,0,0,0.036,1,0.0,0.0,5.0,31.59,One-time Visitors,3,Engaged Non-Buyers
CUST-105754,2025-01-06,United States,Mobile,Paid Social,22,112,461.8,0.481,54,5,0,0.0,19,3,2,0.257,1,0.0,0.0,5.09,68.6,Product Researchers,0,Product Researchers
CUST-105755,2025-01-06,Netherlands,Mobile,Organic Search,25,125,523.9,0.005,60,6,4,586.68,11,1,1,0.184,1,0.16,0.6667,5.0,85.15,High Value Loyal,2,High Value Loyal Customers
CUST-105756,2025-01-01,Germany,Mobile,Paid Search,14,84,407.5,0.627,41,0,1,45.39,72,2,0,0.37,1,0.0714,0.0,6.0,61.08,Product Researchers,0,Product Researchers
CUST-105757,2025-02-13,United Kingdom,Desktop,Email,14,101,423.7,0.473,59,3,1,71.52,10,1,0,0.378,1,0.0714,0.3333,7.21,75.05,Product Researchers,0,Product Researchers
CUST-105758,2025-02-02,Australia,Mobile,Organic Search,2,17,101.5,0.443,6,0,0,0.0,171,0,0,0.364,0,0.0,0.0,8.5,45.83,One-time Visitors,1,Low Engagement / At-Risk Visitors
CUST-105759,2025-01-28,United States,Mobile,Paid Search,12,73,371.4,0.311,44,7,1,71.73,20,1,0,0.675,0,0.0833,0.1429,6.08,68.35,Deal Seekers,4,Engaged Non-Buyers
CUST-105760,2025-05-17,United Kingdom,Mobile,Organic Search,16,91,411.3,0.322,46,4,6,297.21,23,1,1,0.752,0,0.375,1.0,5.69,69.43,Deal Seekers,4,Engaged Non-Buyers
CUST-105761,2025-03-27,United Kingdom,Desktop,Direct,3,9,99.3,0.678,4,0,0,0.0,56,0,0,0.258,0,0.0,0.0,3.0,23.63,One-time Visitors,3,Engaged Non-Buyers
CUST-105762,2025-03-29,Australia,Mobile,Paid Search,3,16,20.0,0.708,8,1,0,0.0,141,0,0,0.24,0,0.0,0.0,5.33,27.43,One-time Visitors,3,Engaged Non-Buyers
CUST-105763,2025-01-20,India,Desktop,Paid Social,17,101,229.8,0.472,46,7,2,71.32,5,1,0,0.735,1,0.1176,0.2857,5.94,57.4,Deal Seekers,4,Engaged Non-Buyers
CUST-105764,2025-01-31,United Kingdom,Desktop,Paid Search,11,86,496.5,0.255,53,2,0,0.0,60,0,0,0.226,0,0.0,0.0,7.82,84.19,Product Researchers,0,Product Researchers
CUST-105765,2025-02-02,Australia,Desktop,Paid Search,2,14,42.4,0.572,6,1,0,0.0,58,0,2,0.194,1,0.0,0.0,7.0,36.54,One-time Visitors,1,Low Engagement / At-Risk Visitors
CUST-105766,2025-02-24,Germany,Mobile,Paid Social,3,20,64.0,0.911,6,0,0,0.0,165,0,0,0.157,0,0.0,0.0,6.67,28.11,One-time Visitors,3,Engaged Non-Buyers
CUST-105767,2025-03-05,United Kingdom,Mobile,Direct,30,142,387.4,0.318,55,17,6,873.2,1,1,1,0.56,1,0.2,0.3529,4.73,68.13,High Value Loyal,2,High Value Loyal Customers
CUST-105768,2025-03-31,United States,Mobile,Direct,21,87,414.0,0.197,34,3,5,390.19,3,2,0,0.664,1,0.2381,1.0,4.14,64.17,Deal Seekers,4,Engaged Non-Buyers
CUST-105769,2025-04-01,India,Mobile,Paid Search,2,7,159.9,0.64,4,0,0,0.0,154,0,0,0.293,0,0.0,0.0,3.5,29.16,One-time Visitors,3,Engaged Non-Buyers
CUST-105770,2025-03-07,India,Mobile,Organic Search,30,131,225.1,0.075,55,11,9,1175.06,10,3,0,0.264,1,0.3,0.8182,4.37,64.94,High Value Loyal,2,High Value Loyal Customers
CUST-105771,2025-05-15,United States,Mobile,Direct,18,98,387.5,0.285,43,4,0,0.0,21,3,1,0.63,1,0.0,0.0,5.44,67.49,Engaged Non-Buyers,0,Product Researchers
CUST-105772,2025-03-10,Netherlands,Mobile,Organic Search,4,28,119.1,0.702,9,0,0,0.0,91,0,0,0.371,0,0.0,0.0,7.0,38.05,One-time Visitors,1,Low Engagement / At-Risk Visitors
CUST-105773,2025-06-22,United Kingdom,Desktop,Direct,17,100,297.5,0.312,46,4,2,112.92,23,2,1,0.811,1,0.1176,0.5,5.88,64.62,Deal Seekers,4,Engaged Non-Buyers
CUST-105774,2025-02-21,United Kingdom,Mobile,Organic Search,31,145,427.7,0.098,67,12,6,412.43,11,2,1,0.484,1,0.1935,0.5,4.68,78.56,High Value Loyal,2,High Value Loyal Customers
CUST-105775,2025-06-12,India,Mobile,Paid Search,11,89,449.3,0.224,57,2,0,0.0,62,1,1,0.172,1,0.0,0.0,8.09,84.41,Engaged Non-Buyers,0,Product Researchers
CUST-105776,2025-04-06,Germany,Desktop,Organic Search,24,135,314.7,0.218,68,11,11,1524.65,1,0,0,0.405,1,0.4583,1.0,5.62,72.86,High Value Loyal,2,High Value Loyal Customers
CUST-105777,2025-03-07,France,Mobile,Referral,2,17,129.8,0.614,12,0,0,0.0,77,0,0,0.358,0,0.0,0.0,8.5,44.82,One-time Visitors,1,Low Engagement / At-Risk Visitors
CUST-105778,2025-05-29,United Kingdom,Mobile,Organic Search,5,14,135.4,0.884,4,0,0,0.0,146,0,0,0.075,1,0.0,0.0,2.8,19.65,One-time Visitors,3,Engaged Non-Buyers
CUST-105779,2025-02-01,Netherlands,Desktop,Direct,36,171,536.1,0.266,77,11,4,575.48,11,4,1,0.017,1,0.1111,0.3636,4.75,80.0,High Value Loyal,2,High Value Loyal Customers
CUST-105780,2025-04-26,United Kingdom,Mobile,Referral,13,95,495.7,0.217,50,5,1,52.87,36,0,0,0.657,1,0.0769,0.2,7.31,82.58,Engaged Non-Buyers,0,Product Researchers
CUST-105781,2025-05-11,United Kingdom,Mobile,Direct,25,119,412.7,0.263,63,9,6,646.86,11,3,2,0.559,1,0.24,0.6667,4.76,73.32,High Value Loyal,2,High Value Loyal Customers
CUST-105782,2025-03-26,Germany,Desktop,Direct,14,93,367.7,0.392,39,4,0,0.0,20,1,2,0.102,1,0.0,0.0,6.64,66.34,Engaged Non-Buyers,0,Product Researchers
CUST-105783,2025-04-27,United Kingdom,Mobile,Paid Social,9,65,489.8,0.637,49,1,1,57.52,28,3,2,0.75,1,0.1111,1.0,7.22,71.21,Product Researchers,4,Engaged Non-Buyers
CUST-105784,2025-06-26,Canada,Desktop,Paid Search,2,16,120.6,0.887,11,1,0,0.0,141,0,0,0.458,0,0.0,0.0,8.0,37.23,One-time Visitors,1,Low Engagement / At-Risk Visitors
CUST-105785,2025-05-19,Canada,Mobile,Organic Search,19,123,452.4,0.365,44,1,0,0.0,37,0,1,0.664,1,0.0,0.0,6.47,72.25,Engaged Non-Buyers,0,Product Researchers
CUST-105786,2025-01-22,Netherlands,Mobile,Organic Search,19,109,453.6,0.311,42,3,0,0.0,52,0,2,0.076,1,0.0,0.0,5.74,70.75,Engaged Non-Buyers,0,Product Researchers
CUST-105787,2025-04-13,United Kingdom,Desktop,Paid Search,19,116,332.6,0.504,57,5,1,51.83,19,3,1,0.583,1,0.0526,0.2,6.11,65.64,Deal Seekers,4,Engaged Non-Buyers
CUST-105788,2025-02-15,United States,Mobile,Organic Search,35,147,417.6,0.358,66,15,3,359.63,4,4,0,0.593,1,0.0857,0.2,4.2,70.05,High Value Loyal,2,High Value Loyal Customers
CUST-105789,2025-02-23,United States,Desktop,Organic Search,16,92,370.7,0.419,37,2,0,0.0,44,1,2,0.018,1,0.0,0.0,5.75,62.42,Engaged Non-Buyers,0,Product Researchers
CUST-105790,2025-03-06,India,Desktop,Paid Search,16,75,440.9,0.263,37,7,3,132.18,13,0,1,0.675,1,0.1875,0.4286,4.69,66.51,Deal Seekers,4,Engaged Non-Buyers
CUST-105791,2025-01-12,India,Mobile,Direct,15,104,431.6,0.244,53,1,1,83.52,50,2,1,0.332,1,0.0667,1.0,6.93,78.46,Product Researchers,4,Engaged Non-Buyers
CUST-105792,2025-02-25,United Kingdom,Mobile,Paid Social,2,16,125.3,0.688,7,0,0,0.0,178,0,0,0.138,0,0.0,0.0,8.0,41.21,One-time Visitors,1,Low Engagement / At-Risk Visitors
CUST-105793,2025-03-19,United Kingdom,Mobile,Organic Search,2,6,184.2,0.736,3,1,0,0.0,45,1,0,0.233,0,0.0,0.0,3.0,26.11,One-time Visitors,3,Engaged Non-Buyers
CUST-105794,2025-02-12,Germany,Mobile,Paid Social,18,98,508.3,0.243,48,1,0,0.0,31,5,3,0.279,1,0.0,0.0,5.44,76.12,Product Researchers,0,Product Researchers
CUST-105795,2025-02-10,Germany,Desktop,Paid Search,28,125,595.4,0.451,39,1,0,0.0,8,4,0,0.127,1,0.0,0.0,4.46,69.44,Engaged Non-Buyers,0,Product Researchers
CUST-105796,2025-01-20,France,Mobile,Organic Search,17,88,517.5,0.112,45,1,0,0.0,49,4,0,0.13,1,0.0,0.0,5.18,78.11,Engaged Non-Buyers,0,Product Researchers
CUST-105797,2025-04-26,United Kingdom,Mobile,Display,13,79,441.4,0.317,36,1,2,135.47,9,1,2,0.523,0,0.1538,1.0,6.08,69.2,Deal Seekers,4,Engaged Non-Buyers
CUST-105798,2025-02-24,Netherlands,Mobile,Email,19,106,378.4,0.423,41,5,0,0.0,33,2,0,0.14,0,0.0,0.0,5.58,63.39,Engaged Non-Buyers,0,Product Researchers
CUST-105799,2025-01-06,United States,Mobile,Organic Search,12,97,476.0,0.294,63,1,1,73.07,49,0,0,0.288,1,0.0833,1.0,8.08,85.82,Product Researchers,0,Product Researchers
CUST-105800,2025-01-30,United States,Desktop,Referral,14,74,277.4,0.38,44,3,0,0.0,18,1,2,0.843,1,0.0,0.0,5.29,59.42,Deal Seekers,4,Engaged Non-Buyers
CUST-105801,2025-05-15,United Kingdom,Tablet,Organic Search,12,93,467.6,0.386,62,0,0,0.0,15,2,4,0.481,1,0.0,0.0,7.75,82.03,Product Researchers,0,Product Researchers
CUST-105802,2025-02-05,France,Tablet,Paid Search,23,98,217.1,0.283,42,12,3,178.89,19,2,1,0.491,0,0.1304,0.25,4.26,55.01,Deal Seekers,4,Engaged Non-Buyers
CUST-105803,2025-06-12,United Kingdom,Mobile,Organic Search,25,121,176.0,0.195,39,4,0,0.0,48,4,1,0.128,1,0.0,0.0,4.84,56.06,Engaged Non-Buyers,0,Product Researchers
CUST-105804,2025-03-08,United Kingdom,Mobile,Paid Search,14,78,543.3,0.177,42,1,0,0.0,25,3,2,0.551,1,0.0,0.0,5.57,78.08,Engaged Non-Buyers,0,Product Researchers
CUST-105805,2025-06-11,Canada,Desktop,Referral,16,98,368.3,0.411,44,6,1,60.29,36,3,3,0.642,1,0.0625,0.1667,6.12,65.82,Deal Seekers,4,Engaged Non-Buyers
CUST-105806,2025-01-17,United Kingdom,Mobile,Paid Search,13,76,657.8,0.167,49,3,1,48.78,63,2,1,0.537,0,0.0769,0.3333,5.85,84.16,Product Researchers,0,Product Researchers
CUST-105807,2025-01-25,United Kingdom,Mobile,Paid Search,37,159,570.0,0.384,62,20,5,450.82,8,0,0,0.526,1,0.1351,0.25,4.3,76.39,High Value Loyal,2,High Value Loyal Customers
CUST-105808,2025-05-16,France,Desktop,Direct,20,117,389.9,0.082,58,6,7,643.73,11,1,1,0.005,1,0.35,1.0,5.85,78.58,High Value Loyal,2,High Value Loyal Customers
CUST-105809,2025-05-15,United Kingdom,Mobile,Direct,14,81,422.9,0.155,50,7,1,60.04,37,1,0,0.971,1,0.0714,0.1429,5.79,75.74,Deal Seekers,4,Engaged Non-Buyers
CUST-105810,2025-04-17,United Kingdom,Tablet,Organic Search,33,154,620.4,0.051,61,8,8,538.2,1,2,1,0.466,1,0.2424,1.0,4.67,87.07,High Value Loyal,2,High Value Loyal Customers
CUST-105811,2025-04-25,India,Mobile,Paid Social,14,74,417.7,0.316,39,3,0,0.0,39,1,1,0.518,1,0.0,0.0,5.29,66.5,Engaged Non-Buyers,0,Product Researchers
CUST-105812,2025-04-05,United Kingdom,Desktop,Display,16,85,487.8,0.498,36,2,1,49.25,61,2,0,0.14,1,0.0625,0.5,5.31,64.62,Engaged Non-Buyers,0,Product Researchers
CUST-105813,2025-05-04,United Kingdom,Mobile,Paid Search,14,80,322.7,0.114,36,2,0,0.0,14,3,0,0.481,1,0.0,0.0,5.71,67.21,Deal Seekers,0,Product Researchers
CUST-105814,2025-03-15,India,Mobile,Direct,31,147,432.7,0.214,65,8,6,793.61,11,3,2,0.491,1,0.1935,0.75,4.74,76.1,High Value Loyal,2,High Value Loyal Customers
CUST-105815,2025-03-10,Netherlands,Desktop,Referral,21,106,398.4,0.168,44,3,1,64.38,43,2,3,0.902,0,0.0476,0.3333,5.05,70.04,Deal Seekers,4,Engaged Non-Buyers
CUST-105816,2025-01-05,United States,Mobile,Direct,5,17,126.3,0.646,6,0,0,0.0,142,0,0,0.483,0,0.0,0.0,3.4,27.62,One-time Visitors,3,Engaged Non-Buyers
CUST-105817,2025-06-09,Canada,Mobile,Organic Search,9,68,331.0,0.178,39,6,1,56.61,11,2,1,0.784,1,0.1111,0.1667,7.56,72.71,Deal Seekers,4,Engaged Non-Buyers
CUST-105818,2025-05-22,United States,Mobile,Paid Social,4,19,119.8,0.761,7,0,0,0.0,155,0,0,0.169,0,0.0,0.0,4.75,28.96,One-time Visitors,3,Engaged Non-Buyers
CUST-105819,2025-02-20,United States,Tablet,Direct,21,109,443.6,0.444,54,4,5,335.66,42,1,1,0.829,1,0.2381,1.0,5.19,68.92,Deal Seekers,4,Engaged Non-Buyers
CUST-105820,2025-02-27,Canada,Mobile,Organic Search,14,99,477.9,0.168,45,2,2,108.59,4,1,1,0.62,1,0.1429,1.0,7.07,80.63,Deal Seekers,4,Engaged Non-Buyers
CUST-105821,2025-01-26,United Kingdom,Desktop,Email,21,109,111.9,0.145,39,4,2,119.04,38,1,1,0.899,1,0.0952,0.5,5.19,55.19,Deal Seekers,4,Engaged Non-Buyers
CUST-105822,2025-01-10,Netherlands,Mobile,Direct,19,104,295.8,0.196,42,3,1,47.37,15,2,2,0.709,1,0.0526,0.3333,5.47,64.92,Engaged Non-Buyers,4,Engaged Non-Buyers
CUST-105823,2025-04-15,India,Mobile,Email,13,76,350.3,0.376,39,4,2,163.1,4,3,0,0.807,1,0.1538,0.5,5.85,63.38,Deal Seekers,4,Engaged Non-Buyers
CUST-105824,2025-06-26,United States,Mobile,Paid Search,31,166,495.5,0.057,52,11,5,495.27,8,1,1,0.19,1,0.1613,0.4545,5.35,81.08,High Value Loyal,2,High Value Loyal Customers
CUST-105825,2025-03-02,United States,Mobile,Paid Social,2,13,109.5,0.757,7,1,1,38.24,114,0,0,0.315,0,0.5,1.0,6.5,34.01,One-time Visitors,3,Engaged Non-Buyers
CUST-105826,2025-06-14,United Kingdom,Desktop,Paid Search,6,21,57.9,0.642,4,0,0,0.0,76,1,0,0.337,0,0.0,0.0,3.5,24.01,One-time Visitors,3,Engaged Non-Buyers
CUST-105827,2025-03-04,India,Mobile,Paid Search,15,100,335.6,0.192,46,12,0,0.0,4,2,2,0.885,0,0.0,0.0,6.67,71.97,Deal Seekers,4,Engaged Non-Buyers
CUST-105828,2025-02-14,United Kingdom,Tablet,Direct,13,86,674.0,0.313,39,6,0,0.0,34,1,1,0.319,0,0.0,0.0,6.62,79.84,Engaged Non-Buyers,0,Product Researchers
CUST-105829,2025-06-26,United Kingdom,Mobile,Organic Search,30,144,537.1,0.359,62,8,4,554.94,2,1,5,0.275,1,0.1333,0.5,4.8,76.95,High Value Loyal,2,High Value Loyal Customers
CUST-105830,2025-06-20,United Kingdom,Mobile,Display,13,92,564.6,0.304,49,1,0,0.0,6,1,0,0.194,1,0.0,0.0,7.08,82.81,Engaged Non-Buyers,0,Product Researchers
CUST-105831,2025-05-26,United States,Mobile,Paid Search,15,97,432.3,0.051,57,2,1,73.08,39,1,1,0.497,1,0.0667,0.5,6.47,83.08,Product Researchers,0,Product Researchers
CUST-105832,2025-05-07,India,Mobile,Direct,25,139,527.0,0.255,61,13,7,796.26,2,1,0,0.046,1,0.28,0.5385,5.56,81.12,High Value Loyal,2,High Value Loyal Customers
CUST-105833,2025-03-27,Netherlands,Mobile,Display,14,107,372.0,0.122,63,11,2,97.77,20,5,1,0.532,1,0.1429,0.1818,7.64,83.83,Deal Seekers,4,Engaged Non-Buyers
CUST-105834,2025-01-22,United Kingdom,Desktop,Email,4,16,73.5,0.862,9,0,0,0.0,120,0,0,0.227,1,0.0,0.0,4.0,22.39,One-time Visitors,3,Engaged Non-Buyers
CUST-105835,2025-04-28,United Kingdom,Desktop,Direct,17,85,478.1,0.331,33,5,0,0.0,42,2,0,0.591,1,0.0,0.0,5.0,66.41,Engaged Non-Buyers,0,Product Researchers
CUST-105836,2025-06-23,France,Desktop,Paid Search,10,86,430.4,0.351,51,2,0,0.0,55,4,0,0.253,1,0.0,0.0,8.6,78.44,Product Researchers,0,Product Researchers
CUST-105837,2025-01-10,Canada,Mobile,Referral,18,97,483.4,0.3,42,1,0,0.0,59,2,2,0.288,1,0.0,0.0,5.39,71.44,Engaged Non-Buyers,0,Product Researchers
CUST-105838,2025-01-26,Canada,Mobile,Organic Search,2,14,149.4,0.651,3,0,0,0.0,61,0,0,0.317,0,0.0,0.0,7.0,39.0,One-time Visitors,1,Low Engagement / At-Risk Visitors
CUST-105839,2025-04-18,United Kingdom,Desktop,Paid Social,19,97,383.7,0.575,47,9,2,85.43,34,1,0,0.805,1,0.1053,0.2222,5.11,60.22,Deal Seekers,4,Engaged Non-Buyers
CUST-105840,2025-02-03,United Kingdom,Mobile,Organic Search,33,160,615.3,0.175,72,16,8,1053.69,4,3,2,0.547,1,0.2424,0.5,4.85,85.79,High Value Loyal,2,High Value Loyal Customers
CUST-105841,2025-05-12,United Kingdom,Mobile,Organic Search,1,9,74.6,0.661,9,1,0,0.0,94,0,0,0.03,0,0.0,0.0,9.0,39.98,One-time Visitors,1,Low Engagement / At-Risk Visitors
CUST-105842,2025-04-20,Netherlands,Desktop,Paid Search,17,104,455.2,0.683,49,3,0,0.0,53,1,0,0.509,1,0.0,0.0,6.12,64.88,Product Researchers,0,Product Researchers
CUST-105843,2025-01-30,India,Mobile,Paid Search,20,129,437.8,0.234,58,2,1,57.45,46,0,2,0.3,1,0.05,0.5,6.45,79.05,Product Researchers,0,Product Researchers
CUST-105844,2025-04-03,United Kingdom,Desktop,Organic Search,28,157,524.1,0.078,61,8,9,1243.12,12,2,1,0.381,1,0.3214,1.0,5.61,85.55,High Value Loyal,2,High Value Loyal Customers
CUST-105845,2025-04-27,India,Mobile,Referral,3,14,100.6,0.613,6,0,0,0.0,142,0,0,0.073,1,0.0,0.0,4.67,31.12,One-time Visitors,3,Engaged Non-Buyers
CUST-105846,2025-01-28,United States,Mobile,Direct,16,83,454.3,0.212,39,2,0,0.0,17,0,1,0.204,0,0.0,0.0,5.19,70.63,Engaged Non-Buyers,0,Product Researchers
CUST-105847,2025-01-23,United Kingdom,Mobile,Direct,2,11,49.4,0.814,8,0,0,0.0,145,0,0,0.161,0,0.0,0.0,5.5,26.77,One-time Visitors,3,Engaged Non-Buyers
CUST-105848,2025-01-20,United Kingdom,Mobile,Organic Search,30,153,388.9,0.048,56,11,5,659.46,7,2,1,0.167,1,0.1667,0.4545,5.1,76.41,High Value Loyal,2,High Value Loyal Customers
CUST-105849,2025-04-01,India,Mobile,Organic Search,10,97,391.5,0.393,58,1,1,49.0,55,1,0,0.374,1,0.1,1.0,9.7,77.6,Product Researchers,4,Engaged Non-Buyers
CUST-105850,2025-01-09,India,Mobile,Direct,4,17,40.8,0.584,6,0,0,0.0,175,0,0,0.071,0,0.0,0.0,4.25,27.57,One-time Visitors,3,Engaged Non-Buyers
CUST-105851,2025-01-13,United Kingdom,Mobile,Organic Search,19,110,392.2,0.348,49,2,1,35.99,11,2,0,0.349,1,0.0526,0.5,5.79,69.08,Engaged Non-Buyers,0,Product Researchers
CUST-105852,2025-05-03,France,Desktop,Direct,17,99,362.8,0.315,44,9,4,250.87,4,4,1,0.913,1,0.2353,0.4444,5.82,67.0,Deal Seekers,4,Engaged Non-Buyers
CUST-105853,2025-05-13,United Kingdom,Desktop,Direct,17,109,524.2,0.243,52,2,0,0.0,61,1,2,0.513,1,0.0,0.0,6.41,81.18,Product Researchers,0,Product Researchers
CUST-105854,2025-04-19,India,Tablet,Referral,4,16,80.3,0.492,7,0,0,0.0,171,0,0,0.195,1,0.0,0.0,4.0,31.36,One-time Visitors,3,Engaged Non-Buyers
CUST-105855,2025-03-08,France,Mobile,Paid Social,17,104,420.9,0.217,47,5,1,51.97,23,0,0,0.726,1,0.0588,0.2,6.12,74.21,Deal Seekers,4,Engaged Non-Buyers
CUST-105856,2025-02-12,United Kingdom,Mobile,Paid Social,36,161,702.8,0.053,51,9,5,568.98,2,2,0,0.435,1,0.1389,0.5556,4.47,83.33,High Value Loyal,2,High Value Loyal Customers
CUST-105857,2025-04-05,India,Mobile,Direct,16,94,487.6,0.295,47,4,1,61.48,62,2,0,0.17,1,0.0625,0.25,5.88,74.82,Engaged Non-Buyers,0,Product Researchers
CUST-105858,2025-05-26,United Kingdom,Mobile,Direct,18,106,382.5,0.161,39,8,3,192.45,10,1,0,0.645,1,0.1667,0.375,5.89,70.51,Deal Seekers,4,Engaged Non-Buyers
CUST-105859,2025-01-31,Canada,Desktop,Paid Search,8,79,393.4,0.404,56,0,1,42.22,14,2,1,0.364,0,0.125,0.0,9.88,76.81,Product Researchers,0,Product Researchers
CUST-105860,2025-04-22,Canada,Desktop,Direct,4,21,118.9,0.715,11,0,0,0.0,142,0,0,0.227,0,0.0,0.0,5.25,32.86,One-time Visitors,3,Engaged Non-Buyers
CUST-105861,2025-03-06,Australia,Desktop,Paid Search,32,166,507.3,0.157,58,15,4,358.52,2,1,1,0.504,1,0.125,0.2667,5.19,80.5,High Value Loyal,2,High Value Loyal Customers
CUST-105862,2025-04-29,United Kingdom,Mobile,Email,13,91,374.1,0.267,55,0,0,0.0,26,3,0,0.272,1,0.0,0.0,7.0,75.82,Engaged Non-Buyers,0,Product Researchers
CUST-105863,2025-06-21,Germany,Mobile,Organic Search,28,128,327.7,0.549,38,3,1,76.16,3,3,0,0.911,1,0.0357,0.3333,4.57,53.63,Deal Seekers,4,Engaged Non-Buyers
CUST-105864,2025-04-21,France,Mobile,Direct,3,17,145.9,0.929,9,0,1,38.76,53,0,0,0.345,0,0.3333,0.0,5.67,29.56,One-time Visitors,3,Engaged Non-Buyers
CUST-105865,2025-05-07,Netherlands,Mobile,Organic Search,26,119,449.2,0.203,36,1,1,56.3,48,1,0,0.314,0,0.0385,1.0,4.58,67.77,Engaged Non-Buyers,4,Engaged Non-Buyers
CUST-105866,2025-05-03,Australia,Mobile,Organic Search,25,140,397.6,0.234,65,12,7,702.77,14,1,1,0.19,1,0.28,0.5833,5.6,76.53,High Value Loyal,2,High Value Loyal Customers
CUST-105867,2025-06-21,United Kingdom,Mobile,Organic Search,3,16,92.5,0.793,4,1,1,65.09,113,0,0,0.016,0,0.3333,1.0,5.33,27.68,One-time Visitors,3,Engaged Non-Buyers
CUST-105868,2025-01-14,Canada,Mobile,Paid Search,16,98,452.2,0.075,47,4,0,0.0,70,2,1,0.754,1,0.0,0.0,6.12,79.33,Product Researchers,0,Product Researchers
CUST-105869,2025-05-20,Germany,Mobile,Paid Social,15,73,360.5,0.303,34,4,1,71.16,25,3,0,0.612,1,0.0667,0.25,4.87,61.12,Deal Seekers,4,Engaged Non-Buyers
CUST-105870,2025-04-04,United States,Tablet,Paid Search,14,79,409.9,0.491,45,3,0,0.0,48,5,0,0.431,0,0.0,0.0,5.64,64.69,Product Researchers,0,Product Researchers
CUST-105871,2025-06-16,United States,Mobile,Organic Search,5,29,42.9,0.82,8,0,0,0.0,115,0,0,0.511,0,0.0,0.0,5.8,27.23,One-time Visitors,3,Engaged Non-Buyers
CUST-105872,2025-01-12,India,Mobile,Paid Search,3,16,141.0,0.908,7,0,0,0.0,85,0,0,0.431,0,0.0,0.0,5.33,28.16,One-time Visitors,3,Engaged Non-Buyers
CUST-105873,2025-05-20,Canada,Mobile,Paid Search,17,85,604.9,0.096,35,4,0,0.0,20,4,2,0.12,1,0.0,0.0,5.0,79.0,Engaged Non-Buyers,0,Product Researchers
CUST-105874,2025-01-06,United Kingdom,Desktop,Organic Search,30,136,221.5,0.391,45,7,1,43.88,4,5,1,0.839,1,0.0333,0.1429,4.53,54.31,Deal Seekers,4,Engaged Non-Buyers
CUST-105875,2025-03-14,United States,Desktop,Paid Social,3,13,67.2,0.445,4,0,0,0.0,68,0,0,0.214,1,0.0,0.0,4.33,32.0,One-time Visitors,3,Engaged Non-Buyers
CUST-105876,2025-04-20,United Kingdom,Mobile,Email,16,81,436.7,0.366,38,2,0,0.0,43,2,2,0.046,1,0.0,0.0,5.06,65.19,Product Researchers,0,Product Researchers
CUST-105877,2025-05-22,Canada,Mobile,Paid Search,17,76,251.2,0.108,36,8,0,0.0,39,1,1,0.66,1,0.0,0.0,4.47,59.91,Deal Seekers,4,Engaged Non-Buyers
CUST-105878,2025-02-17,United States,Desktop,Email,16,95,534.1,0.146,57,1,0,0.0,8,2,0,0.604,0,0.0,0.0,5.94,84.16,Product Researchers,0,Product Researchers
CUST-105879,2025-02-18,Australia,Desktop,Direct,30,159,367.8,0.065,66,14,3,285.27,13,1,1,0.249,1,0.1,0.2143,5.3,78.33,High Value Loyal,2,High Value Loyal Customers
CUST-105880,2025-03-05,United States,Mobile,Organic Search,12,94,341.7,0.244,58,2,0,0.0,48,1,0,0.673,1,0.0,0.0,7.83,78.31,Product Researchers,0,Product Researchers
CUST-105881,2025-03-08,Australia,Mobile,Display,25,145,503.4,0.292,63,10,10,857.44,4,0,0,0.296,1,0.4,1.0,5.8,80.39,High Value Loyal,2,High Value Loyal Customers
CUST-105882,2025-03-30,United Kingdom,Mobile,Organic Search,11,64,444.6,0.536,36,6,1,102.73,24,0,0,0.943,1,0.0909,0.1667,5.82,63.1,Deal Seekers,4,Engaged Non-Buyers
CUST-105883,2025-02-17,Australia,Mobile,Paid Social,2,8,72.6,0.836,4,0,0,0.0,123,0,0,0.12,0,0.0,0.0,4.0,21.47,One-time Visitors,3,Engaged Non-Buyers
CUST-105884,2025-03-18,Canada,Mobile,Referral,18,116,616.2,0.219,57,16,5,642.28,4,0,0,0.026,1,0.2778,0.3125,6.44,87.21,High Value Loyal,2,High Value Loyal Customers
CUST-105885,2025-01-06,United States,Mobile,Email,30,154,317.6,0.208,64,18,6,615.89,2,0,0,0.551,1,0.2,0.3333,5.13,71.42,High Value Loyal,2,High Value Loyal Customers
CUST-105886,2025-04-25,United Kingdom,Mobile,Organic Search,3,19,70.8,0.655,6,0,0,0.0,174,0,0,0.33,0,0.0,0.0,6.33,33.81,One-time Visitors,3,Engaged Non-Buyers
CUST-105887,2025-02-26,United Kingdom,Mobile,Paid Social,22,118,371.3,0.373,47,5,0,0.0,6,1,1,0.228,1,0.0,0.0,5.36,65.47,Engaged Non-Buyers,0,Product Researchers
CUST-105888,2025-05-31,United Kingdom,Desktop,Direct,17,110,292.7,0.248,51,3,1,75.52,62,2,0,0.189,1,0.0588,0.3333,6.47,69.36,Product Researchers,0,Product Researchers
CUST-105889,2025-01-26,United States,Mobile,Paid Search,11,95,285.9,0.418,61,0,0,0.0,60,0,0,0.585,1,0.0,0.0,8.64,72.62,Product Researchers,0,Product Researchers
CUST-105890,2025-04-13,United States,Mobile,Organic Search,19,99,394.8,0.409,38,6,2,110.73,22,2,1,0.721,1,0.1053,0.3333,5.21,62.5,Deal Seekers,4,Engaged Non-Buyers
CUST-105891,2025-02-19,Netherlands,Mobile,Direct,1,10,60.3,0.65,9,0,0,0.0,124,0,0,0.269,0,0.0,0.0,10.0,39.53,One-time Visitors,1,Low Engagement / At-Risk Visitors
CUST-105892,2025-05-06,Australia,Desktop,Organic Search,31,151,399.3,0.093,60,8,2,160.17,8,4,0,0.334,1,0.0645,0.25,4.87,76.32,High Value Loyal,4,Engaged Non-Buyers
CUST-105893,2025-03-03,India,Desktop,Paid Search,19,79,269.7,0.242,40,5,5,393.51,11,2,0,0.868,1,0.2632,1.0,4.16,57.74,Deal Seekers,4,Engaged Non-Buyers
CUST-105894,2025-03-02,United States,Desktop,Email,20,113,402.8,0.236,51,7,3,251.41,29,3,2,0.913,1,0.15,0.4286,5.65,72.58,Deal Seekers,4,Engaged Non-Buyers
CUST-105895,2025-01-28,Canada,Desktop,Referral,18,89,400.5,0.47,45,1,3,221.64,30,1,0,0.713,1,0.1667,1.0,4.94,62.57,Deal Seekers,4,Engaged Non-Buyers
CUST-105896,2025-02-11,France,Mobile,Organic Search,12,80,555.7,0.339,42,1,0,0.0,45,5,1,0.179,0,0.0,0.0,6.67,78.07,Engaged Non-Buyers,0,Product Researchers
CUST-105897,2025-03-03,United States,Desktop,Direct,26,88,339.9,0.456,33,4,0,0.0,55,1,1,0.622,0,0.0,0.0,3.38,51.33,Engaged Non-Buyers,0,Product Researchers
CUST-105898,2025-04-13,United Kingdom,Mobile,Display,8,85,562.2,0.376,60,2,0,0.0,20,3,0,0.455,1,0.0,0.0,10.62,87.17,Product Researchers,0,Product Researchers
CUST-105899,2025-05-27,Australia,Mobile,Referral,23,151,438.5,0.176,75,12,10,1289.79,4,1,2,0.486,1,0.4348,0.8333,6.57,83.04,High Value Loyal,2,High Value Loyal Customers
CUST-105900,2025-02-09,United States,Mobile,Organic Search,25,127,238.6,0.289,54,7,2,174.73,41,3,2,0.677,1,0.08,0.2857,5.08,62.19,Deal Seekers,4,Engaged Non-Buyers
CUST-105901,2025-04-19,United Kingdom,Desktop,Paid Social,16,97,641.1,0.329,44,1,1,38.73,59,1,1,0.541,1,0.0625,1.0,6.06,79.26,Engaged Non-Buyers,4,Engaged Non-Buyers
CUST-105902,2025-05-13,United Kingdom,Desktop,Paid Social,16,84,389.9,0.232,43,2,0,0.0,17,5,1,0.371,0,0.0,0.0,5.25,68.34,Product Researchers,0,Product Researchers
CUST-105903,2025-01-18,United Kingdom,Mobile,Paid Search,21,114,386.9,0.125,45,2,0,0.0,33,3,0,0.532,0,0.0,0.0,5.43,72.04,Engaged Non-Buyers,0,Product Researchers
CUST-105904,2025-02-10,United States,Mobile,Paid Search,13,78,392.1,0.36,44,10,2,246.84,3,3,2,0.735,1,0.1538,0.2,6.0,67.88,Deal Seekers,4,Engaged Non-Buyers
CUST-105905,2025-06-28,United States,Desktop,Paid Search,2,15,36.2,0.808,7,0,0,0.0,154,0,0,0.184,0,0.0,0.0,7.5,32.19,One-time Visitors,1,Low Engagement / At-Risk Visitors
CUST-105906,2025-06-25,United Kingdom,Desktop,Organic Search,19,97,326.8,0.138,43,4,1,59.39,24,3,1,0.75,1,0.0526,0.25,5.11,67.08,Deal Seekers,4,Engaged Non-Buyers
CUST-105907,2025-04-05,Germany,Mobile,Organic Search,20,90,506.2,0.188,38,1,0,0.0,22,2,0,0.278,1,0.0,0.0,4.5,71.35,Engaged Non-Buyers,0,Product Researchers
CUST-105908,2025-04-26,France,Mobile,Paid Search,22,97,468.6,0.451,41,4,0,0.0,32,0,2,0.57,1,0.0,0.0,4.41,63.55,Engaged Non-Buyers,0,Product Researchers
CUST-105909,2025-06-20,United Kingdom,Mobile,Email,2,13,87.5,0.544,8,0,0,0.0,56,1,0,0.196,0,0.0,0.0,6.5,38.56,One-time Visitors,3,Engaged Non-Buyers
CUST-105910,2025-03-03,United Kingdom,Tablet,Display,17,116,460.3,0.233,59,3,1,79.24,13,2,1,0.274,1,0.0588,0.3333,6.82,81.67,Product Researchers,0,Product Researchers
CUST-105911,2025-01-18,United Kingdom,Mobile,Organic Search,19,95,596.0,0.253,40,4,0,0.0,57,1,0,0.065,0,0.0,0.0,5.0,76.41,Engaged Non-Buyers,0,Product Researchers
CUST-105912,2025-01-28,United Kingdom,Desktop,Organic Search,21,85,292.3,0.292,41,8,1,50.46,8,4,0,0.636,1,0.0476,0.125,4.05,57.59,Deal Seekers,4,Engaged Non-Buyers
CUST-105913,2025-03-16,India,Tablet,Referral,18,103,473.1,0.177,43,3,0,0.0,30,0,1,0.249,0,0.0,0.0,5.72,75.36,Engaged Non-Buyers,0,Product Researchers
CUST-105914,2025-03-28,India,Desktop,Paid Social,31,176,624.5,0.317,65,10,7,610.21,11,3,3,0.404,1,0.2258,0.7,5.68,84.83,High Value Loyal,2,High Value Loyal Customers
CUST-105915,2025-05-27,United Kingdom,Mobile,Organic Search,12,95,492.6,0.33,66,4,0,0.0,58,2,2,0.662,1,0.0,0.0,7.92,86.11,Product Researchers,0,Product Researchers
CUST-105916,2025-04-09,United Kingdom,Mobile,Paid Social,3,18,92.0,0.64,5,0,0,0.0,124,0,0,0.409,0,0.0,0.0,6.0,33.89,One-time Visitors,3,Engaged Non-Buyers
CUST-105917,2025-03-31,Germany,Mobile,Organic Search,4,21,104.9,0.79,5,0,0,0.0,164,0,0,0.088,0,0.0,0.0,5.25,28.45,One-time Visitors,3,Engaged Non-Buyers
CUST-105918,2025-03-30,France,Mobile,Referral,19,113,439.5,0.46,56,1,0,0.0,39,3,1,0.284,1,0.0,0.0,5.95,71.28,Product Researchers,0,Product Researchers
CUST-105919,2025-04-10,France,Mobile,Paid Search,1,8,165.0,0.703,3,0,0,0.0,65,0,0,0.057,0,0.0,0.0,8.0,41.6,One-time Visitors,1,Low Engagement / At-Risk Visitors
CUST-105920,2025-06-12,United States,Mobile,Referral,3,13,93.5,0.526,11,0,0,0.0,112,0,0,0.147,0,0.0,0.0,4.33,33.46,One-time Visitors,3,Engaged Non-Buyers
CUST-105921,2025-03-09,United Kingdom,Mobile,Paid Search,13,90,487.7,0.162,54,2,0,0.0,71,1,1,0.372,1,0.0,0.0,6.92,83.59,Product Researchers,0,Product Researchers
CUST-105922,2025-06-11,United States,Desktop,Paid Search,18,96,451.3,0.303,48,2,6,282.85,34,1,3,0.684,1,0.3333,1.0,5.33,71.43,Deal Seekers,4,Engaged Non-Buyers
CUST-105923,2025-03-03,Australia,Mobile,Direct,1,17,152.7,0.596,11,0,0,0.0,84,1,0,0.254,0,0.0,0.0,17.0,46.13,One-time Visitors,1,Low Engagement / At-Risk Visitors
CUST-105924,2025-01-20,United Kingdom,Desktop,Paid Search,19,100,379.8,0.191,41,2,1,71.56,49,2,1,0.436,1,0.0526,0.5,5.26,68.29,Engaged Non-Buyers,4,Engaged Non-Buyers
CUST-105925,2025-02-21,Australia,Mobile,Email,4,19,54.6,0.492,6,0,0,0.0,125,0,0,0.306,0,0.0,0.0,4.75,32.13,One-time Visitors,3,Engaged Non-Buyers
CUST-105926,2025-05-22,France,Mobile,Display,32,149,500.0,0.121,55,15,11,673.66,6,3,0,0.45,1,0.3438,0.7333,4.66,78.45,High Value Loyal,2,High Value Loyal Customers
CUST-105927,2025-02-07,United Kingdom,Desktop,Organic Search,28,145,526.7,0.197,50,9,8,549.06,11,3,0,0.133,1,0.2857,0.8889,5.18,77.98,High Value Loyal,2,High Value Loyal Customers
CUST-105928,2025-02-14,France,Desktop,Paid Search,19,136,502.0,0.209,49,5,0,0.0,19,3,0,0.105,1,0.0,0.0,7.16,82.33,Engaged Non-Buyers,0,Product Researchers
CUST-105929,2025-02-02,France,Desktop,Paid Search,12,73,339.5,0.161,40,5,3,151.7,14,1,2,0.676,1,0.25,0.6,6.08,69.26,Deal Seekers,4,Engaged Non-Buyers
CUST-105930,2025-01-28,United States,Mobile,Organic Search,21,98,466.8,0.299,42,2,0,0.0,17,2,1,0.624,1,0.0,0.0,4.67,68.38,Engaged Non-Buyers,0,Product Researchers
CUST-105931,2025-04-17,India,Tablet,Direct,22,112,341.4,0.643,46,8,4,195.41,28,1,0,0.779,1,0.1818,0.5,5.09,56.05,Deal Seekers,4,Engaged Non-Buyers
CUST-105932,2025-06-24,France,Mobile,Email,17,85,370.7,0.336,33,5,2,75.27,32,0,1,0.842,0,0.1176,0.4,5.0,60.93,Deal Seekers,4,Engaged Non-Buyers
CUST-105933,2025-04-28,United Kingdom,Mobile,Paid Search,22,124,457.2,0.163,55,8,0,0.0,61,2,0,0.114,0,0.0,0.0,5.64,78.33,Engaged Non-Buyers,0,Product Researchers
CUST-105934,2025-05-10,France,Desktop,Organic Search,4,16,111.0,0.825,6,0,0,0.0,130,0,0,0.242,0,0.0,0.0,4.0,24.28,One-time Visitors,3,Engaged Non-Buyers
CUST-105935,2025-01-29,Germany,Mobile,Organic Search,16,99,224.1,0.338,40,4,1,54.31,56,4,1,0.348,1,0.0625,0.25,6.19,59.4,Engaged Non-Buyers,0,Product Researchers
CUST-105936,2025-02-21,Australia,Mobile,Paid Social,30,157,635.6,0.561,60,2,0,0.0,42,3,0,0.22,1,0.0,0.0,5.23,75.79,Engaged Non-Buyers,0,Product Researchers
CUST-105937,2025-04-23,India,Desktop,Paid Search,34,170,514.5,0.339,66,6,5,591.01,6,1,0,0.296,1,0.1471,0.8333,5.0,77.87,High Value Loyal,2,High Value Loyal Customers
CUST-105938,2025-04-20,India,Desktop,Direct,13,81,416.2,0.239,40,6,2,94.52,35,3,0,0.978,1,0.1538,0.3333,6.23,71.61,Deal Seekers,4,Engaged Non-Buyers
CUST-105939,2025-02-22,India,Mobile,Direct,31,159,514.7,0.355,67,9,7,797.91,11,1,2,0.04,1,0.2258,0.7778,5.13,77.89,High Value Loyal,2,High Value Loyal Customers
CUST-105940,2025-06-16,United States,Mobile,Organic Search,17,89,347.5,0.259,42,6,1,78.82,21,0,1,0.433,1,0.0588,0.1667,5.24,65.18,Deal Seekers,0,Product Researchers
CUST-105941,2025-06-03,India,Mobile,Display,24,109,445.3,0.289,36,7,2,205.5,17,2,0,0.901,0,0.0833,0.2857,4.54,65.31,Deal Seekers,4,Engaged Non-Buyers
CUST-105942,2025-03-10,United States,Mobile,Direct,15,96,346.6,0.298,37,3,1,55.3,6,0,1,0.407,0,0.0667,0.3333,6.4,66.27,Deal Seekers,0,Product Researchers
CUST-105943,2025-06-15,Netherlands,Mobile,Paid Social,18,109,380.2,0.361,40,10,1,57.71,21,6,1,0.571,1,0.0556,0.1,6.06,66.22,Deal Seekers,4,Engaged Non-Buyers
CUST-105944,2025-04-08,Germany,Desktop,Email,35,163,526.6,0.138,59,16,5,311.27,1,0,1,0.21,1,0.1429,0.3125,4.66,80.6,High Value Loyal,2,High Value Loyal Customers
CUST-105945,2025-03-11,India,Desktop,Email,22,104,366.8,0.414,39,6,2,210.73,33,3,0,0.927,1,0.0909,0.3333,4.73,59.76,Deal Seekers,4,Engaged Non-Buyers
CUST-105946,2025-04-10,United Kingdom,Mobile,Paid Social,4,20,88.4,0.487,5,0,0,0.0,148,0,0,0.199,0,0.0,0.0,5.0,34.41,One-time Visitors,3,Engaged Non-Buyers
CUST-105947,2025-06-08,Germany,Mobile,Referral,3,19,148.3,0.776,6,0,0,0.0,57,0,0,0.172,0,0.0,0.0,6.33,34.65,One-time Visitors,3,Engaged Non-Buyers
CUST-105948,2025-03-14,Australia,Desktop,Email,30,134,514.6,0.398,53,11,8,670.02,9,2,1,0.453,1,0.2667,0.7273,4.47,71.05,High Value Loyal,2,High Value Loyal Customers
CUST-105949,2025-05-16,India,Desktop,Organic Search,17,104,416.0,0.445,36,4,2,135.23,8,3,2,0.636,1,0.1176,0.5,6.12,64.86,Deal Seekers,4,Engaged Non-Buyers
CUST-105950,2025-01-31,United Kingdom,Desktop,Organic Search,11,85,485.0,0.174,57,2,0,0.0,39,0,1,0.16,1,0.0,0.0,7.73,86.59,Product Researchers,0,Product Researchers
CUST-105951,2025-06-12,United Kingdom,Desktop,Paid Search,28,133,401.2,0.271,34,4,0,0.0,55,1,1,0.181,1,0.0,0.0,4.75,63.6,Engaged Non-Buyers,0,Product Researchers
CUST-105952,2025-02-07,Australia,Desktop,Organic Search,17,122,355.5,0.02,58,1,0,0.0,40,0,1,0.206,1,0.0,0.0,7.18,82.54,Product Researchers,0,Product Researchers
CUST-105953,2025-06-21,India,Desktop,Paid Search,17,104,426.7,0.291,58,3,0,0.0,30,5,1,0.415,0,0.0,0.0,6.12,76.02,Product Researchers,0,Product Researchers
CUST-105954,2025-01-04,United Kingdom,Mobile,Direct,18,98,254.3,0.163,41,9,1,21.14,20,1,0,0.916,1,0.0556,0.1111,5.44,63.26,Deal Seekers,4,Engaged Non-Buyers
CUST-105955,2025-03-21,Australia,Desktop,Paid Search,32,144,603.9,0.272,53,7,5,337.23,6,3,2,0.305,1,0.1562,0.7143,4.5,78.58,High Value Loyal,2,High Value Loyal Customers
CUST-105956,2025-05-11,Netherlands,Tablet,Organic Search,11,95,492.5,0.275,59,1,1,77.59,26,4,1,0.245,0,0.0909,1.0,8.64,85.92,Product Researchers,0,Product Researchers
CUST-105957,2025-02-14,India,Mobile,Organic Search,23,104,295.7,0.055,45,3,0,0.0,60,4,1,0.761,0,0.0,0.0,4.52,66.39,Product Researchers,0,Product Researchers
CUST-105958,2025-04-30,Canada,Mobile,Organic Search,22,101,533.2,0.321,48,4,0,0.0,40,2,0,0.462,1,0.0,0.0,4.59,72.75,Engaged Non-Buyers,0,Product Researchers
CUST-105959,2025-03-29,Germany,Mobile,Direct,1,11,104.1,0.77,5,0,1,44.32,162,0,0,0.126,0,1.0,0.0,11.0,37.49,One-time Visitors,1,Low Engagement / At-Risk Visitors
CUST-105960,2025-05-22,United States,Mobile,Referral,16,119,510.0,0.01,69,3,0,0.0,56,3,1,0.149,1,0.0,0.0,7.44,93.48,Product Researchers,0,Product Researchers
CUST-105961,2025-05-10,United Kingdom,Mobile,Display,34,179,573.6,0.168,65,14,7,636.77,14,0,1,0.359,1,0.2059,0.5,5.26,85.94,High Value Loyal,2,High Value Loyal Customers
CUST-105962,2025-06-12,Germany,Tablet,Organic Search,31,131,504.2,0.118,37,3,0,0.0,47,0,3,0.273,1,0.0,0.0,4.23,71.85,Engaged Non-Buyers,0,Product Researchers
CUST-105963,2025-01-30,United Kingdom,Desktop,Organic Search,25,105,315.9,0.398,35,10,2,94.76,42,1,0,0.903,1,0.08,0.2,4.2,54.75,Deal Seekers,4,Engaged Non-Buyers
CUST-105964,2025-02-08,India,Mobile,Organic Search,13,89,349.3,0.013,56,4,0,0.0,55,2,0,0.384,1,0.0,0.0,6.85,80.77,Product Researchers,0,Product Researchers
CUST-105965,2025-01-28,Germany,Desktop,Organic Search,11,91,424.0,0.269,53,2,1,77.5,28,1,1,0.504,1,0.0909,0.5,8.27,80.78,Product Researchers,0,Product Researchers
CUST-105966,2025-06-04,France,Desktop,Paid Search,17,95,441.9,0.334,50,1,1,101.77,42,2,2,0.138,1,0.0588,1.0,5.59,71.59,Product Researchers,4,Engaged Non-Buyers
CUST-105967,2025-03-15,United States,Tablet,Organic Search,1,9,64.6,0.86,8,0,0,0.0,110,0,0,0.244,0,0.0,0.0,9.0,34.18,One-time Visitors,1,Low Engagement / At-Risk Visitors
CUST-105968,2025-04-26,India,Mobile,Organic Search,17,99,346.2,0.174,52,5,1,61.58,18,1,1,0.374,1,0.0588,0.2,5.82,72.16,Engaged Non-Buyers,0,Product Researchers
CUST-105969,2025-03-30,Canada,Mobile,Referral,20,95,290.8,0.117,42,9,2,70.54,41,0,1,0.894,1,0.1,0.2222,4.75,64.38,Deal Seekers,4,Engaged Non-Buyers
CUST-105970,2025-04-09,United States,Desktop,Direct,16,93,517.3,0.477,47,6,0,0.0,61,3,0,0.481,1,0.0,0.0,5.81,71.57,Engaged Non-Buyers,0,Product Researchers
CUST-105971,2025-01-14,United States,Mobile,Organic Search,13,104,433.6,0.227,61,0,1,65.45,41,1,1,0.379,0,0.0769,0.0,8.0,84.77,Product Researchers,0,Product Researchers
CUST-105972,2025-02-05,France,Mobile,Organic Search,18,101,443.2,0.307,47,1,1,42.41,50,0,2,0.124,0,0.0556,1.0,5.61,71.48,Engaged Non-Buyers,0,Product Researchers
CUST-105973,2025-05-13,India,Mobile,Organic Search,3,19,119.2,0.816,9,0,0,0.0,123,0,0,0.23,1,0.0,0.0,6.33,33.11,One-time Visitors,3,Engaged Non-Buyers
CUST-105974,2025-01-12,France,Mobile,Organic Search,2,14,35.3,0.816,8,0,0,0.0,70,0,0,0.275,1,0.0,0.0,7.0,30.69,One-time Visitors,1,Low Engagement / At-Risk Visitors
CUST-105975,2025-04-30,United Kingdom,Mobile,Paid Search,21,108,205.7,0.115,45,9,1,80.98,19,1,0,0.875,0,0.0476,0.1111,5.14,62.33,Deal Seekers,4,Engaged Non-Buyers
CUST-105976,2025-06-24,United States,Mobile,Paid Social,21,102,501.5,0.403,36,3,0,0.0,14,4,0,0.027,1,0.0,0.0,4.86,66.24,Engaged Non-Buyers,0,Product Researchers
CUST-105977,2025-02-11,United States,Desktop,Organic Search,28,142,388.1,0.359,63,11,2,229.1,13,3,0,0.136,1,0.0714,0.1818,5.07,70.68,High Value Loyal,0,Product Researchers
CUST-105978,2025-06-12,France,Tablet,Display,25,126,359.6,0.451,46,8,1,80.93,10,1,0,0.888,1,0.04,0.125,5.04,61.6,Deal Seekers,4,Engaged Non-Buyers
CUST-105979,2025-01-18,United States,Tablet,Organic Search,25,121,392.3,0.22,44,11,2,223.24,6,1,1,0.447,1,0.08,0.1818,4.84,67.77,High Value Loyal,4,Engaged Non-Buyers
CUST-105980,2025-04-09,United Kingdom,Mobile,Organic Search,20,102,366.1,0.272,41,6,1,70.98,30,0,1,0.662,1,0.05,0.1667,5.1,65.05,Deal Seekers,4,Engaged Non-Buyers
CUST-105981,2025-04-01,India,Tablet,Organic Search,19,112,246.5,0.157,48,3,0,0.0,9,2,0,0.293,1,0.0,0.0,5.89,66.6,Engaged Non-Buyers,0,Product Researchers
CUST-105982,2025-03-01,United States,Mobile,Paid Search,17,107,442.5,0.418,40,4,0,0.0,39,3,0,0.157,1,0.0,0.0,6.29,68.66,Engaged Non-Buyers,0,Product Researchers
CUST-105983,2025-03-14,India,Mobile,Direct,18,102,377.3,0.289,58,2,0,0.0,11,5,1,0.102,1,0.0,0.0,5.67,72.19,Engaged Non-Buyers,0,Product Researchers
CUST-105984,2025-04-12,United Kingdom,Desktop,Paid Social,21,90,153.1,0.353,32,7,2,88.39,22,3,3,0.426,1,0.0952,0.2857,4.29,47.06,Deal Seekers,4,Engaged Non-Buyers
CUST-105985,2025-05-26,United States,Mobile,Display,15,97,519.9,0.223,47,5,0,0.0,63,4,1,0.151,1,0.0,0.0,6.47,80.1,Product Researchers,0,Product Researchers
CUST-105986,2025-01-22,India,Mobile,Referral,1,7,116.2,0.693,5,0,0,0.0,136,2,0,0.181,1,0.0,0.0,7.0,36.9,One-time Visitors,1,Low Engagement / At-Risk Visitors
CUST-105987,2025-06-12,United States,Mobile,Paid Social,21,90,352.2,0.619,39,5,0,0.0,59,3,2,0.094,1,0.0,0.0,4.29,52.53,Engaged Non-Buyers,0,Product Researchers
CUST-105988,2025-05-24,United States,Tablet,Display,9,95,472.3,0.176,60,2,1,79.8,32,4,2,0.544,1,0.1111,0.5,10.56,87.69,Product Researchers,0,Product Researchers
CUST-105989,2025-01-01,United Kingdom,Mobile,Organic Search,2,16,87.1,0.709,7,0,0,0.0,73,0,0,0.341,1,0.0,0.0,8.0,38.78,One-time Visitors,1,Low Engagement / At-Risk Visitors
CUST-105990,2025-04-21,India,Mobile,Organic Search,20,103,372.9,0.149,47,4,1,63.01,26,2,1,0.894,1,0.05,0.25,5.15,70.49,Deal Seekers,4,Engaged Non-Buyers
CUST-105991,2025-03-09,India,Desktop,Organic Search,16,85,386.3,0.214,42,1,1,46.18,18,1,0,0.166,0,0.0625,1.0,5.31,68.48,Engaged Non-Buyers,4,Engaged Non-Buyers
CUST-105992,2025-03-26,United States,Mobile,Referral,16,93,331.3,0.187,50,3,0,0.0,51,1,0,0.237,1,0.0,0.0,5.81,70.45,Engaged Non-Buyers,0,Product Researchers
CUST-105993,2025-02-13,United Kingdom,Desktop,Organic Search,19,103,514.4,0.214,41,7,1,70.32,50,4,1,0.171,1,0.0526,0.1429,5.42,74.92,Engaged Non-Buyers,0,Product Researchers
CUST-105994,2025-06-12,United Kingdom,Desktop,Direct,18,95,669.8,0.139,43,3,0,0.0,36,2,0,0.031,1,0.0,0.0,5.28,81.26,Engaged Non-Buyers,0,Product Researchers
CUST-105995,2025-01-05,Germany,Desktop,Email,28,149,383.9,0.209,58,13,9,957.99,5,1,1,0.302,1,0.3214,0.6923,5.32,73.44,High Value Loyal,2,High Value Loyal Customers
CUST-105996,2025-06-17,United States,Mobile,Paid Social,1,7,91.5,0.846,6,0,0,0.0,166,0,0,0.291,0,0.0,0.0,7.0,32.15,One-time Visitors,1,Low Engagement / At-Risk Visitors
CUST-105997,2025-05-14,United Kingdom,Desktop,Email,12,77,388.0,0.246,51,1,0,0.0,51,1,1,0.834,1,0.0,0.0,6.42,74.0,Product Researchers,0,Product Researchers
CUST-105998,2025-02-07,India,Mobile,Direct,17,98,499.6,0.36,37,4,0,0.0,57,2,2,0.04,0,0.0,0.0,5.76,70.39,Engaged Non-Buyers,0,Product Researchers
CUST-105999,2025-03-19,United States,Desktop,Paid Search,15,82,540.6,0.459,41,0,0,0.0,10,1,0,0.393,1,0.0,0.0,5.47,70.24,Product Researchers,0,Product Researchers
